"sensor_id","sensor_model","datetime","temp_c","roof_colour","trap_style","trap_id"
"2500000010027C53","DS1925",2026-05-05 15:00:56,23,"w","r","pilot1"
"2500000010027C53","DS1925",2026-05-05 15:05:56,23,"w","r","pilot1"
"2500000010027C53","DS1925",2026-05-05 15:10:56,23,"w","r","pilot1"
"2500000010027C53","DS1925",2026-05-05 15:15:56,22.5,"w","r","pilot1"
"2500000010027C53","DS1925",2026-05-05 15:20:56,22.5,"w","r","pilot1"
"2500000010027C53","DS1925",2026-05-05 15:25:56,22,"w","r","pilot1"
"2500000010027C53","DS1925",2026-05-05 15:30:56,22,"w","r","pilot1"
"2500000010027C53","DS1925",2026-05-05 15:35:56,21.5,"w","r","pilot1"
"2500000010027C53","DS1925",2026-05-05 15:40:56,21.5,"w","r","pilot1"
"2500000010027C53","DS1925",2026-05-05 15:45:56,21,"w","r","pilot1"
"2500000010027C53","DS1925",2026-05-05 15:50:56,21,"w","r","pilot1"
"2500000010027C53","DS1925",2026-05-05 15:55:56,20.5,"w","r","pilot1"
"2500000010027C53","DS1925",2026-05-05 16:00:56,20.5,"w","r","pilot1"
"2500000010027C53","DS1925",2026-05-05 16:05:56,20.5,"w","r","pilot1"
"2500000010027C53","DS1925",2026-05-05 16:10:56,20.5,"w","r","pilot1"
"2500000010027C53","DS1925",2026-05-05 16:15:56,20,"w","r","pilot1"
"2500000010027C53","DS1925",2026-05-05 16:20:56,20,"w","r","pilot1"
"2500000010027C53","DS1925",2026-05-05 16:25:56,20,"w","r","pilot1"
"2500000010027C53","DS1925",2026-05-05 16:30:56,20,"w","r","pilot1"
"2500000010027C53","DS1925",2026-05-05 16:35:56,20,"w","r","pilot1"
"2500000010027C53","DS1925",2026-05-05 16:40:56,20,"w","r","pilot1"
"2500000010027C53","DS1925",2026-05-05 16:45:56,20,"w","r","pilot1"
"2500000010027C53","DS1925",2026-05-05 16:50:56,20,"w","r","pilot1"
"2500000010027C53","DS1925",2026-05-05 16:55:56,20,"w","r","pilot1"
"2500000010027C53","DS1925",2026-05-05 17:00:56,19.5,"w","r","pilot1"
"2500000010027C53","DS1925",2026-05-05 17:05:56,19.5,"w","r","pilot1"
"2500000010027C53","DS1925",2026-05-05 17:10:56,19.5,"w","r","pilot1"
"2500000010027C53","DS1925",2026-05-05 17:15:56,19.5,"w","r","pilot1"
"2500000010027C53","DS1925",2026-05-05 17:20:56,19,"w","r","pilot1"
"2500000010027C53","DS1925",2026-05-05 17:25:56,19,"w","r","pilot1"
"2500000010027C53","DS1925",2026-05-05 17:30:56,19,"w","r","pilot1"
"2500000010027C53","DS1925",2026-05-05 17:35:56,19,"w","r","pilot1"
"2500000010027C53","DS1925",2026-05-05 17:40:56,18.5,"w","r","pilot1"
"2500000010027C53","DS1925",2026-05-05 17:45:56,18.5,"w","r","pilot1"
"2500000010027C53","DS1925",2026-05-05 17:50:56,18.5,"w","r","pilot1"
"2500000010027C53","DS1925",2026-05-05 17:55:56,18,"w","r","pilot1"
"2500000010027C53","DS1925",2026-05-05 18:00:56,18,"w","r","pilot1"
"2500000010027C53","DS1925",2026-05-05 18:05:56,18,"w","r","pilot1"
"2500000010027C53","DS1925",2026-05-05 18:10:56,17.5,"w","r","pilot1"
"2500000010027C53","DS1925",2026-05-05 18:15:56,17.5,"w","r","pilot1"
"2500000010027C53","DS1925",2026-05-05 18:20:56,17,"w","r","pilot1"
"2500000010027C53","DS1925",2026-05-05 18:25:56,17,"w","r","pilot1"
"2500000010027C53","DS1925",2026-05-05 18:30:56,17,"w","r","pilot1"
"2500000010027C53","DS1925",2026-05-05 18:35:56,16.5,"w","r","pilot1"
"2500000010027C53","DS1925",2026-05-05 18:40:56,16,"w","r","pilot1"
"2500000010027C53","DS1925",2026-05-05 18:45:56,16,"w","r","pilot1"
"2500000010027C53","DS1925",2026-05-05 18:50:56,15.5,"w","r","pilot1"
"2500000010027C53","DS1925",2026-05-05 18:55:56,15.5,"w","r","pilot1"
"2500000010027C53","DS1925",2026-05-05 19:00:56,15,"w","r","pilot1"
"2500000010027C53","DS1925",2026-05-05 19:05:56,15,"w","r","pilot1"
"2500000010027C53","DS1925",2026-05-05 19:10:56,15,"w","r","pilot1"
"2500000010027C53","DS1925",2026-05-05 19:15:56,15,"w","r","pilot1"
"2500000010027C53","DS1925",2026-05-05 19:20:56,15,"w","r","pilot1"
"2500000010027C53","DS1925",2026-05-05 19:25:56,14.5,"w","r","pilot1"
"2500000010027C53","DS1925",2026-05-05 19:30:56,14.5,"w","r","pilot1"
"2500000010027C53","DS1925",2026-05-05 19:35:56,14.5,"w","r","pilot1"
"2500000010027C53","DS1925",2026-05-05 19:40:56,14.5,"w","r","pilot1"
"2500000010027C53","DS1925",2026-05-05 19:45:56,14.5,"w","r","pilot1"
"2500000010027C53","DS1925",2026-05-05 19:50:56,14,"w","r","pilot1"
"2500000010027C53","DS1925",2026-05-05 19:55:56,14,"w","r","pilot1"
"2500000010027C53","DS1925",2026-05-05 20:00:56,14,"w","r","pilot1"
"2500000010027C53","DS1925",2026-05-05 20:05:56,14,"w","r","pilot1"
"2500000010027C53","DS1925",2026-05-05 20:10:56,14,"w","r","pilot1"
"2500000010027C53","DS1925",2026-05-05 20:15:56,14,"w","r","pilot1"
"2500000010027C53","DS1925",2026-05-05 20:20:56,13.5,"w","r","pilot1"
"2500000010027C53","DS1925",2026-05-05 20:25:56,13.5,"w","r","pilot1"
"2500000010027C53","DS1925",2026-05-05 20:30:56,13.5,"w","r","pilot1"
"2500000010027C53","DS1925",2026-05-05 20:35:56,13.5,"w","r","pilot1"
"2500000010027C53","DS1925",2026-05-05 20:40:56,13.5,"w","r","pilot1"
"2500000010027C53","DS1925",2026-05-05 20:45:56,13,"w","r","pilot1"
"2500000010027C53","DS1925",2026-05-05 20:50:56,13,"w","r","pilot1"
"2500000010027C53","DS1925",2026-05-05 20:55:56,13,"w","r","pilot1"
"2500000010027C53","DS1925",2026-05-05 21:00:56,13,"w","r","pilot1"
"2500000010027C53","DS1925",2026-05-05 21:05:56,13,"w","r","pilot1"
"2500000010027C53","DS1925",2026-05-05 21:10:56,13,"w","r","pilot1"
"2500000010027C53","DS1925",2026-05-05 21:15:56,12.5,"w","r","pilot1"
"2500000010027C53","DS1925",2026-05-05 21:20:56,12.5,"w","r","pilot1"
"2500000010027C53","DS1925",2026-05-05 21:25:56,12.5,"w","r","pilot1"
"2500000010027C53","DS1925",2026-05-05 21:30:56,12.5,"w","r","pilot1"
"2500000010027C53","DS1925",2026-05-05 21:35:56,12.5,"w","r","pilot1"
"2500000010027C53","DS1925",2026-05-05 21:40:56,12.5,"w","r","pilot1"
"2500000010027C53","DS1925",2026-05-05 21:45:56,12,"w","r","pilot1"
"2500000010027C53","DS1925",2026-05-05 21:50:56,12,"w","r","pilot1"
"2500000010027C53","DS1925",2026-05-05 21:55:56,12,"w","r","pilot1"
"2500000010027C53","DS1925",2026-05-05 22:00:56,12,"w","r","pilot1"
"2500000010027C53","DS1925",2026-05-05 22:05:56,12,"w","r","pilot1"
"2500000010027C53","DS1925",2026-05-05 22:10:56,12,"w","r","pilot1"
"2500000010027C53","DS1925",2026-05-05 22:15:56,12,"w","r","pilot1"
"2500000010027C53","DS1925",2026-05-05 22:20:56,11.5,"w","r","pilot1"
"2500000010027C53","DS1925",2026-05-05 22:25:56,11.5,"w","r","pilot1"
"2500000010027C53","DS1925",2026-05-05 22:30:56,11.5,"w","r","pilot1"
"2500000010027C53","DS1925",2026-05-05 22:35:56,11.5,"w","r","pilot1"
"2500000010027C53","DS1925",2026-05-05 22:40:56,11.5,"w","r","pilot1"
"2500000010027C53","DS1925",2026-05-05 22:45:56,11.5,"w","r","pilot1"
"2500000010027C53","DS1925",2026-05-05 22:50:56,11.5,"w","r","pilot1"
"2500000010027C53","DS1925",2026-05-05 22:55:56,11.5,"w","r","pilot1"
"2500000010027C53","DS1925",2026-05-05 23:00:56,11.5,"w","r","pilot1"
"2500000010027C53","DS1925",2026-05-05 23:05:56,11.5,"w","r","pilot1"
"2500000010027C53","DS1925",2026-05-05 23:10:56,11.5,"w","r","pilot1"
"2500000010027C53","DS1925",2026-05-05 23:15:56,11,"w","r","pilot1"
"2500000010027C53","DS1925",2026-05-05 23:20:56,11,"w","r","pilot1"
"2500000010027C53","DS1925",2026-05-05 23:25:56,11,"w","r","pilot1"
"2500000010027C53","DS1925",2026-05-05 23:30:56,11,"w","r","pilot1"
"2500000010027C53","DS1925",2026-05-05 23:35:56,11,"w","r","pilot1"
"2500000010027C53","DS1925",2026-05-05 23:40:56,11,"w","r","pilot1"
"2500000010027C53","DS1925",2026-05-05 23:45:56,11,"w","r","pilot1"
"2500000010027C53","DS1925",2026-05-05 23:50:56,11,"w","r","pilot1"
"2500000010027C53","DS1925",2026-05-05 23:55:56,11,"w","r","pilot1"
"2500000010027C53","DS1925",2026-05-06 00:00:56,11,"w","r","pilot1"
"2500000010027C53","DS1925",2026-05-06 00:05:56,11,"w","r","pilot1"
"2500000010027C53","DS1925",2026-05-06 00:10:56,11,"w","r","pilot1"
"2500000010027C53","DS1925",2026-05-06 00:15:56,11,"w","r","pilot1"
"2500000010027C53","DS1925",2026-05-06 00:20:56,10.5,"w","r","pilot1"
"2500000010027C53","DS1925",2026-05-06 00:25:56,10.5,"w","r","pilot1"
"2500000010027C53","DS1925",2026-05-06 00:30:56,10.5,"w","r","pilot1"
"2500000010027C53","DS1925",2026-05-06 00:35:56,10.5,"w","r","pilot1"
"2500000010027C53","DS1925",2026-05-06 00:40:56,10.5,"w","r","pilot1"
"2500000010027C53","DS1925",2026-05-06 00:45:56,10.5,"w","r","pilot1"
"2500000010027C53","DS1925",2026-05-06 00:50:56,10.5,"w","r","pilot1"
"2500000010027C53","DS1925",2026-05-06 00:55:56,10.5,"w","r","pilot1"
"2500000010027C53","DS1925",2026-05-06 01:00:56,10.5,"w","r","pilot1"
"2500000010027C53","DS1925",2026-05-06 01:05:56,10.5,"w","r","pilot1"
"2500000010027C53","DS1925",2026-05-06 01:10:56,10.5,"w","r","pilot1"
"2500000010027C53","DS1925",2026-05-06 01:15:56,10.5,"w","r","pilot1"
"2500000010027C53","DS1925",2026-05-06 01:20:56,10,"w","r","pilot1"
"2500000010027C53","DS1925",2026-05-06 01:25:56,10,"w","r","pilot1"
"2500000010027C53","DS1925",2026-05-06 01:30:56,10,"w","r","pilot1"
"2500000010027C53","DS1925",2026-05-06 01:35:56,10,"w","r","pilot1"
"2500000010027C53","DS1925",2026-05-06 01:40:56,10,"w","r","pilot1"
"2500000010027C53","DS1925",2026-05-06 01:45:56,10,"w","r","pilot1"
"2500000010027C53","DS1925",2026-05-06 01:50:56,10,"w","r","pilot1"
"2500000010027C53","DS1925",2026-05-06 01:55:56,10,"w","r","pilot1"
"2500000010027C53","DS1925",2026-05-06 02:00:56,10,"w","r","pilot1"
"2500000010027C53","DS1925",2026-05-06 02:05:56,10,"w","r","pilot1"
"2500000010027C53","DS1925",2026-05-06 02:10:56,10,"w","r","pilot1"
"2500000010027C53","DS1925",2026-05-06 02:15:56,10,"w","r","pilot1"
"2500000010027C53","DS1925",2026-05-06 02:20:56,9.5,"w","r","pilot1"
"2500000010027C53","DS1925",2026-05-06 02:25:56,9.5,"w","r","pilot1"
"2500000010027C53","DS1925",2026-05-06 02:30:56,9.5,"w","r","pilot1"
"2500000010027C53","DS1925",2026-05-06 02:35:56,9.5,"w","r","pilot1"
"2500000010027C53","DS1925",2026-05-06 02:40:56,9.5,"w","r","pilot1"
"2500000010027C53","DS1925",2026-05-06 02:45:56,9.5,"w","r","pilot1"
"2500000010027C53","DS1925",2026-05-06 02:50:56,9.5,"w","r","pilot1"
"2500000010027C53","DS1925",2026-05-06 02:55:56,9.5,"w","r","pilot1"
"2500000010027C53","DS1925",2026-05-06 03:00:56,9.5,"w","r","pilot1"
"2500000010027C53","DS1925",2026-05-06 03:05:56,9.5,"w","r","pilot1"
"2500000010027C53","DS1925",2026-05-06 03:10:56,9.5,"w","r","pilot1"
"2500000010027C53","DS1925",2026-05-06 03:15:56,9.5,"w","r","pilot1"
"2500000010027C53","DS1925",2026-05-06 03:20:56,9.5,"w","r","pilot1"
"2500000010027C53","DS1925",2026-05-06 03:25:56,9.5,"w","r","pilot1"
"2500000010027C53","DS1925",2026-05-06 03:30:56,9.5,"w","r","pilot1"
"2500000010027C53","DS1925",2026-05-06 03:35:56,9,"w","r","pilot1"
"2500000010027C53","DS1925",2026-05-06 03:40:56,9,"w","r","pilot1"
"2500000010027C53","DS1925",2026-05-06 03:45:56,9,"w","r","pilot1"
"2500000010027C53","DS1925",2026-05-06 03:50:56,9,"w","r","pilot1"
"2500000010027C53","DS1925",2026-05-06 03:55:56,9,"w","r","pilot1"
"2500000010027C53","DS1925",2026-05-06 04:00:56,9,"w","r","pilot1"
"2500000010027C53","DS1925",2026-05-06 04:05:56,9,"w","r","pilot1"
"2500000010027C53","DS1925",2026-05-06 04:10:56,9,"w","r","pilot1"
"2500000010027C53","DS1925",2026-05-06 04:15:56,9,"w","r","pilot1"
"2500000010027C53","DS1925",2026-05-06 04:20:56,9,"w","r","pilot1"
"2500000010027C53","DS1925",2026-05-06 04:25:56,9,"w","r","pilot1"
"2500000010027C53","DS1925",2026-05-06 04:30:56,9,"w","r","pilot1"
"2500000010027C53","DS1925",2026-05-06 04:35:56,9,"w","r","pilot1"
"2500000010027C53","DS1925",2026-05-06 04:40:56,9,"w","r","pilot1"
"2500000010027C53","DS1925",2026-05-06 04:45:56,9,"w","r","pilot1"
"2500000010027C53","DS1925",2026-05-06 04:50:56,9,"w","r","pilot1"
"2500000010027C53","DS1925",2026-05-06 04:55:56,9,"w","r","pilot1"
"2500000010027C53","DS1925",2026-05-06 05:00:56,9,"w","r","pilot1"
"2500000010027C53","DS1925",2026-05-06 05:05:56,9,"w","r","pilot1"
"2500000010027C53","DS1925",2026-05-06 05:10:56,9,"w","r","pilot1"
"2500000010027C53","DS1925",2026-05-06 05:15:56,9,"w","r","pilot1"
"2500000010027C53","DS1925",2026-05-06 05:20:56,9,"w","r","pilot1"
"2500000010027C53","DS1925",2026-05-06 05:25:56,9,"w","r","pilot1"
"2500000010027C53","DS1925",2026-05-06 05:30:56,9,"w","r","pilot1"
"2500000010027C53","DS1925",2026-05-06 05:35:56,8.5,"w","r","pilot1"
"2500000010027C53","DS1925",2026-05-06 05:40:56,8.5,"w","r","pilot1"
"2500000010027C53","DS1925",2026-05-06 05:45:56,8.5,"w","r","pilot1"
"2500000010027C53","DS1925",2026-05-06 05:50:56,8.5,"w","r","pilot1"
"2500000010027C53","DS1925",2026-05-06 05:55:56,8.5,"w","r","pilot1"
"2500000010027C53","DS1925",2026-05-06 06:00:56,8.5,"w","r","pilot1"
"2500000010027C53","DS1925",2026-05-06 06:05:56,8.5,"w","r","pilot1"
"2500000010027C53","DS1925",2026-05-06 06:10:56,8.5,"w","r","pilot1"
"2500000010027C53","DS1925",2026-05-06 06:15:56,8.5,"w","r","pilot1"
"2500000010027C53","DS1925",2026-05-06 06:20:56,8.5,"w","r","pilot1"
"2500000010027C53","DS1925",2026-05-06 06:25:56,8.5,"w","r","pilot1"
"2500000010027C53","DS1925",2026-05-06 06:30:56,8.5,"w","r","pilot1"
"2500000010027C53","DS1925",2026-05-06 06:35:56,8.5,"w","r","pilot1"
"2500000010027C53","DS1925",2026-05-06 06:40:56,8.5,"w","r","pilot1"
"2500000010027C53","DS1925",2026-05-06 06:45:56,8.5,"w","r","pilot1"
"2500000010027C53","DS1925",2026-05-06 06:50:56,8.5,"w","r","pilot1"
"2500000010027C53","DS1925",2026-05-06 06:55:56,8.5,"w","r","pilot1"
"2500000010027C53","DS1925",2026-05-06 07:00:56,8.5,"w","r","pilot1"
"2500000010027C53","DS1925",2026-05-06 07:05:56,8.5,"w","r","pilot1"
"2500000010027C53","DS1925",2026-05-06 07:10:56,8.5,"w","r","pilot1"
"2500000010027C53","DS1925",2026-05-06 07:15:56,8.5,"w","r","pilot1"
"2500000010027C53","DS1925",2026-05-06 07:20:56,8.5,"w","r","pilot1"
"2500000010027C53","DS1925",2026-05-06 07:25:56,8.5,"w","r","pilot1"
"2500000010027C53","DS1925",2026-05-06 07:30:56,8.5,"w","r","pilot1"
"2500000010027C53","DS1925",2026-05-06 07:35:56,8.5,"w","r","pilot1"
"2500000010027C53","DS1925",2026-05-06 07:40:56,8.5,"w","r","pilot1"
"2500000010027C53","DS1925",2026-05-06 07:45:56,9,"w","r","pilot1"
"2500000010027C53","DS1925",2026-05-06 07:50:56,9,"w","r","pilot1"
"2500000010027C53","DS1925",2026-05-06 07:55:56,9,"w","r","pilot1"
"2500000010027C53","DS1925",2026-05-06 08:00:56,9,"w","r","pilot1"
"2500000010027C53","DS1925",2026-05-06 08:05:56,9,"w","r","pilot1"
"2500000010027C53","DS1925",2026-05-06 08:10:56,9,"w","r","pilot1"
"2500000010027C53","DS1925",2026-05-06 08:15:56,9,"w","r","pilot1"
"2500000010027C53","DS1925",2026-05-06 08:20:56,9,"w","r","pilot1"
"2500000010027C53","DS1925",2026-05-06 08:25:56,9,"w","r","pilot1"
"2500000010027C53","DS1925",2026-05-06 08:30:56,9,"w","r","pilot1"
"2500000010027C53","DS1925",2026-05-06 08:35:56,9,"w","r","pilot1"
"2500000010027C53","DS1925",2026-05-06 08:40:56,9,"w","r","pilot1"
"2500000010027C53","DS1925",2026-05-06 08:45:56,9,"w","r","pilot1"
"2500000010027C53","DS1925",2026-05-06 08:50:56,9,"w","r","pilot1"
"2500000010027C53","DS1925",2026-05-06 08:55:56,9,"w","r","pilot1"
"2500000010027C53","DS1925",2026-05-06 09:00:56,9,"w","r","pilot1"
"2500000010027C53","DS1925",2026-05-06 09:05:56,9,"w","r","pilot1"
"2500000010027C53","DS1925",2026-05-06 09:10:56,9,"w","r","pilot1"
"2500000010027C53","DS1925",2026-05-06 09:15:56,9,"w","r","pilot1"
"2500000010027C53","DS1925",2026-05-06 09:20:56,9,"w","r","pilot1"
"2500000010027C53","DS1925",2026-05-06 09:25:56,9.5,"w","r","pilot1"
"2500000010027C53","DS1925",2026-05-06 09:30:56,9.5,"w","r","pilot1"
"2500000010027C53","DS1925",2026-05-06 09:35:56,9.5,"w","r","pilot1"
"2500000010027C53","DS1925",2026-05-06 09:40:56,9.5,"w","r","pilot1"
"2500000010027C53","DS1925",2026-05-06 09:45:56,9.5,"w","r","pilot1"
"2500000010027C53","DS1925",2026-05-06 09:50:56,9.5,"w","r","pilot1"
"2500000010027C53","DS1925",2026-05-06 09:55:56,9.5,"w","r","pilot1"
"2500000010027C53","DS1925",2026-05-06 10:00:56,9.5,"w","r","pilot1"
"2500000010027C53","DS1925",2026-05-06 10:05:56,9.5,"w","r","pilot1"
"2500000010027C53","DS1925",2026-05-06 10:10:56,9.5,"w","r","pilot1"
"2500000010027C53","DS1925",2026-05-06 10:15:56,9.5,"w","r","pilot1"
"2500000010027C53","DS1925",2026-05-06 10:20:56,9.5,"w","r","pilot1"
"2500000010027C53","DS1925",2026-05-06 10:25:56,10,"w","r","pilot1"
"2500000010027C53","DS1925",2026-05-06 10:30:56,10,"w","r","pilot1"
"2500000010027C53","DS1925",2026-05-06 10:35:56,10,"w","r","pilot1"
"2500000010027C53","DS1925",2026-05-06 10:40:56,10,"w","r","pilot1"
"2500000010027C53","DS1925",2026-05-06 10:45:56,10,"w","r","pilot1"
"2500000010027C53","DS1925",2026-05-06 10:50:56,10,"w","r","pilot1"
"2500000010027C53","DS1925",2026-05-06 10:55:56,10,"w","r","pilot1"
"2500000010027C53","DS1925",2026-05-06 11:00:56,10,"w","r","pilot1"
"2500000010027C53","DS1925",2026-05-06 11:05:56,10.5,"w","r","pilot1"
"2500000010027C53","DS1925",2026-05-06 11:10:56,10.5,"w","r","pilot1"
"2500000010027C53","DS1925",2026-05-06 11:15:56,10.5,"w","r","pilot1"
"2500000010027C53","DS1925",2026-05-06 11:20:56,10.5,"w","r","pilot1"
"2500000010027C53","DS1925",2026-05-06 11:25:56,10.5,"w","r","pilot1"
"2500000010027C53","DS1925",2026-05-06 11:30:56,11,"w","r","pilot1"
"2500000010027C53","DS1925",2026-05-06 11:35:56,11,"w","r","pilot1"
"2500000010027C53","DS1925",2026-05-06 11:40:56,11,"w","r","pilot1"
"2500000010027C53","DS1925",2026-05-06 11:45:56,11,"w","r","pilot1"
"2500000010027C53","DS1925",2026-05-06 11:50:56,11.5,"w","r","pilot1"
"2500000010027C53","DS1925",2026-05-06 11:55:56,11.5,"w","r","pilot1"
"2500000010027C53","DS1925",2026-05-06 12:00:56,11.5,"w","r","pilot1"
"2500000010027C53","DS1925",2026-05-06 12:05:56,11.5,"w","r","pilot1"
"2500000010027C53","DS1925",2026-05-06 12:10:56,11.5,"w","r","pilot1"
"2500000010027C53","DS1925",2026-05-06 12:15:56,11.5,"w","r","pilot1"
"2500000010027C53","DS1925",2026-05-06 12:20:56,11.5,"w","r","pilot1"
"2500000010027C53","DS1925",2026-05-06 12:25:56,11.5,"w","r","pilot1"
"2500000010027C53","DS1925",2026-05-06 12:30:56,11.5,"w","r","pilot1"
"2500000010027C53","DS1925",2026-05-06 12:35:56,11.5,"w","r","pilot1"
"2500000010027C53","DS1925",2026-05-06 12:40:56,11.5,"w","r","pilot1"
"2500000010027C53","DS1925",2026-05-06 12:45:56,11.5,"w","r","pilot1"
"2500000010027C53","DS1925",2026-05-06 12:50:56,11.5,"w","r","pilot1"
"2500000010027C53","DS1925",2026-05-06 12:55:56,11.5,"w","r","pilot1"
"2500000010027C53","DS1925",2026-05-06 13:00:56,11.5,"w","r","pilot1"
"2500000010027C53","DS1925",2026-05-06 13:05:56,11.5,"w","r","pilot1"
"2500000010027C53","DS1925",2026-05-06 13:10:56,11.5,"w","r","pilot1"
"2500000010027C53","DS1925",2026-05-06 13:15:56,11.5,"w","r","pilot1"
"2500000010027C53","DS1925",2026-05-06 13:20:56,11.5,"w","r","pilot1"
"2500000010027C53","DS1925",2026-05-06 13:25:56,11.5,"w","r","pilot1"
"2500000010027C53","DS1925",2026-05-06 13:30:56,11.5,"w","r","pilot1"
"2500000010027C53","DS1925",2026-05-06 13:35:56,12,"w","r","pilot1"
"2500000010027C53","DS1925",2026-05-06 13:40:56,12,"w","r","pilot1"
"2500000010027C53","DS1925",2026-05-06 13:45:56,12,"w","r","pilot1"
"2500000010027C53","DS1925",2026-05-06 13:50:56,12.5,"w","r","pilot1"
"2500000010027C53","DS1925",2026-05-06 13:55:56,12.5,"w","r","pilot1"
"2500000010027C53","DS1925",2026-05-06 14:00:56,13,"w","r","pilot1"
"2500000010027C53","DS1925",2026-05-06 14:05:56,13,"w","r","pilot1"
"2500000010027C53","DS1925",2026-05-06 14:10:56,13.5,"w","r","pilot1"
"2500000010027C53","DS1925",2026-05-06 14:15:56,13.5,"w","r","pilot1"
"2500000010027C53","DS1925",2026-05-06 14:20:56,13.5,"w","r","pilot1"
"2500000010027C53","DS1925",2026-05-06 14:25:56,14,"w","r","pilot1"
"2500000010027C53","DS1925",2026-05-06 14:30:56,14,"w","r","pilot1"
"2500000010027C53","DS1925",2026-05-06 14:35:56,14,"w","r","pilot1"
"2500000010027C53","DS1925",2026-05-06 14:40:56,14.5,"w","r","pilot1"
"2500000010027C53","DS1925",2026-05-06 14:45:56,14.5,"w","r","pilot1"
"2500000010027C53","DS1925",2026-05-06 14:50:56,14.5,"w","r","pilot1"
"2500000010027C53","DS1925",2026-05-06 14:55:56,14.5,"w","r","pilot1"
"2500000010027C53","DS1925",2026-05-06 15:00:56,14.5,"w","r","pilot1"
"2500000010027C53","DS1925",2026-05-06 15:05:56,15,"w","r","pilot1"
"2500000010027C53","DS1925",2026-05-06 15:10:56,15,"w","r","pilot1"
"2500000010027C53","DS1925",2026-05-06 15:15:56,15,"w","r","pilot1"
"2500000010027C53","DS1925",2026-05-06 15:20:56,15.5,"w","r","pilot1"
"2500000010027C53","DS1925",2026-05-06 15:25:56,15.5,"w","r","pilot1"
"2500000010027C53","DS1925",2026-05-06 15:30:56,16,"w","r","pilot1"
"2500000010027C53","DS1925",2026-05-06 15:35:56,16,"w","r","pilot1"
"2500000010027C53","DS1925",2026-05-06 15:40:56,16,"w","r","pilot1"
"2500000010027C53","DS1925",2026-05-06 15:45:56,16.5,"w","r","pilot1"
"2500000010027C53","DS1925",2026-05-06 15:50:56,16.5,"w","r","pilot1"
"2500000010027C53","DS1925",2026-05-06 15:55:56,16.5,"w","r","pilot1"
"2500000010027C53","DS1925",2026-05-06 16:00:56,17,"w","r","pilot1"
"2500000010027C53","DS1925",2026-05-06 16:05:56,17,"w","r","pilot1"
"2500000010027C53","DS1925",2026-05-06 16:10:56,17,"w","r","pilot1"
"2500000010027C53","DS1925",2026-05-06 16:15:56,17,"w","r","pilot1"
"2500000010027C53","DS1925",2026-05-06 16:20:56,17,"w","r","pilot1"
"2500000010027C53","DS1925",2026-05-06 16:25:56,17,"w","r","pilot1"
"2500000010027C53","DS1925",2026-05-06 16:30:56,17,"w","r","pilot1"
"2500000010027C53","DS1925",2026-05-06 16:35:56,17,"w","r","pilot1"
"2500000010027C53","DS1925",2026-05-06 16:40:56,17,"w","r","pilot1"
"2500000010027C53","DS1925",2026-05-06 16:45:56,17,"w","r","pilot1"
"2500000010027C53","DS1925",2026-05-06 16:50:56,16.5,"w","r","pilot1"
"2500000010027C53","DS1925",2026-05-06 16:55:56,16.5,"w","r","pilot1"
"2500000010027C53","DS1925",2026-05-06 17:00:56,16.5,"w","r","pilot1"
"2500000010027C53","DS1925",2026-05-06 17:05:56,16,"w","r","pilot1"
"2500000010027C53","DS1925",2026-05-06 17:10:56,16,"w","r","pilot1"
"2500000010027C53","DS1925",2026-05-06 17:15:56,16,"w","r","pilot1"
"2500000010027C53","DS1925",2026-05-06 17:20:56,15.5,"w","r","pilot1"
"2500000010027C53","DS1925",2026-05-06 17:25:56,15.5,"w","r","pilot1"
"2500000010027C53","DS1925",2026-05-06 17:30:56,15.5,"w","r","pilot1"
"2500000010027C53","DS1925",2026-05-06 17:35:56,15,"w","r","pilot1"
"2500000010027C53","DS1925",2026-05-06 17:40:56,15,"w","r","pilot1"
"2500000010027C53","DS1925",2026-05-06 17:45:56,15,"w","r","pilot1"
"2500000010027C53","DS1925",2026-05-06 17:50:56,15,"w","r","pilot1"
"2500000010027C53","DS1925",2026-05-06 17:55:56,14.5,"w","r","pilot1"
"2500000010027C53","DS1925",2026-05-06 18:00:56,14.5,"w","r","pilot1"
"2500000010027C53","DS1925",2026-05-06 18:05:56,14.5,"w","r","pilot1"
"2500000010027C53","DS1925",2026-05-06 18:10:56,14,"w","r","pilot1"
"2500000010027C53","DS1925",2026-05-06 18:15:56,14,"w","r","pilot1"
"2500000010027C53","DS1925",2026-05-06 18:20:56,14,"w","r","pilot1"
"2500000010027C53","DS1925",2026-05-06 18:25:56,14,"w","r","pilot1"
"2500000010027C53","DS1925",2026-05-06 18:30:56,13.5,"w","r","pilot1"
"2500000010027C53","DS1925",2026-05-06 18:35:56,13.5,"w","r","pilot1"
"2500000010027C53","DS1925",2026-05-06 18:40:56,13.5,"w","r","pilot1"
"2500000010027C53","DS1925",2026-05-06 18:45:56,13.5,"w","r","pilot1"
"2500000010027C53","DS1925",2026-05-06 18:50:56,13.5,"w","r","pilot1"
"2500000010027C53","DS1925",2026-05-06 18:55:56,13.5,"w","r","pilot1"
"2500000010027C53","DS1925",2026-05-06 19:00:56,13,"w","r","pilot1"
"2500000010027C53","DS1925",2026-05-06 19:05:56,13,"w","r","pilot1"
"2500000010027C53","DS1925",2026-05-06 19:10:56,13,"w","r","pilot1"
"2500000010027C53","DS1925",2026-05-06 19:15:56,13,"w","r","pilot1"
"2500000010027C53","DS1925",2026-05-06 19:20:56,13,"w","r","pilot1"
"2500000010027C53","DS1925",2026-05-06 19:25:56,13,"w","r","pilot1"
"2500000010027C53","DS1925",2026-05-06 19:30:56,12.5,"w","r","pilot1"
"2500000010027C53","DS1925",2026-05-06 19:35:56,12.5,"w","r","pilot1"
"2500000010027C53","DS1925",2026-05-06 19:40:56,12.5,"w","r","pilot1"
"2500000010027C53","DS1925",2026-05-06 19:45:56,12.5,"w","r","pilot1"
"2500000010027C53","DS1925",2026-05-06 19:50:56,12.5,"w","r","pilot1"
"2500000010027C53","DS1925",2026-05-06 19:55:56,12,"w","r","pilot1"
"2500000010027C53","DS1925",2026-05-06 20:00:56,12,"w","r","pilot1"
"2500000010027C53","DS1925",2026-05-06 20:05:56,12,"w","r","pilot1"
"2500000010027C53","DS1925",2026-05-06 20:10:56,12,"w","r","pilot1"
"2500000010027C53","DS1925",2026-05-06 20:15:56,11.5,"w","r","pilot1"
"2500000010027C53","DS1925",2026-05-06 20:20:56,11.5,"w","r","pilot1"
"2500000010027C53","DS1925",2026-05-06 20:25:56,11.5,"w","r","pilot1"
"2500000010027C53","DS1925",2026-05-06 20:30:56,11.5,"w","r","pilot1"
"2500000010027C53","DS1925",2026-05-06 20:35:56,11.5,"w","r","pilot1"
"2500000010027C53","DS1925",2026-05-06 20:40:56,11,"w","r","pilot1"
"2500000010027C53","DS1925",2026-05-06 20:45:56,11,"w","r","pilot1"
"2500000010027C53","DS1925",2026-05-06 20:50:56,11,"w","r","pilot1"
"2500000010027C53","DS1925",2026-05-06 20:55:56,11,"w","r","pilot1"
"2500000010027C53","DS1925",2026-05-06 21:00:56,11,"w","r","pilot1"
"2500000010027C53","DS1925",2026-05-06 21:05:56,11,"w","r","pilot1"
"2500000010027C53","DS1925",2026-05-06 21:10:56,11,"w","r","pilot1"
"2500000010027C53","DS1925",2026-05-06 21:15:56,11,"w","r","pilot1"
"2500000010027C53","DS1925",2026-05-06 21:20:56,10.5,"w","r","pilot1"
"2500000010027C53","DS1925",2026-05-06 21:25:56,10.5,"w","r","pilot1"
"2500000010027C53","DS1925",2026-05-06 21:30:56,10.5,"w","r","pilot1"
"2500000010027C53","DS1925",2026-05-06 21:35:56,10.5,"w","r","pilot1"
"2500000010027C53","DS1925",2026-05-06 21:40:56,10.5,"w","r","pilot1"
"2500000010027C53","DS1925",2026-05-06 21:45:56,10.5,"w","r","pilot1"
"2500000010027C53","DS1925",2026-05-06 21:50:56,10.5,"w","r","pilot1"
"2500000010027C53","DS1925",2026-05-06 21:55:56,10.5,"w","r","pilot1"
"2500000010027C53","DS1925",2026-05-06 22:00:56,10.5,"w","r","pilot1"
"2500000010027C53","DS1925",2026-05-06 22:05:56,10.5,"w","r","pilot1"
"2500000010027C53","DS1925",2026-05-06 22:10:56,10,"w","r","pilot1"
"2500000010027C53","DS1925",2026-05-06 22:15:56,10,"w","r","pilot1"
"2500000010027C53","DS1925",2026-05-06 22:20:56,10.5,"w","r","pilot1"
"2500000010027C53","DS1925",2026-05-06 22:25:56,10,"w","r","pilot1"
"2500000010027C53","DS1925",2026-05-06 22:30:56,10,"w","r","pilot1"
"2500000010027C53","DS1925",2026-05-06 22:35:56,10,"w","r","pilot1"
"2500000010027C53","DS1925",2026-05-06 22:40:56,10,"w","r","pilot1"
"2500000010027C53","DS1925",2026-05-06 22:45:56,10,"w","r","pilot1"
"2500000010027C53","DS1925",2026-05-06 22:50:56,10,"w","r","pilot1"
"2500000010027C53","DS1925",2026-05-06 22:55:56,10,"w","r","pilot1"
"2500000010027C53","DS1925",2026-05-06 23:00:56,10,"w","r","pilot1"
"2500000010027C53","DS1925",2026-05-06 23:05:56,10,"w","r","pilot1"
"2500000010027C53","DS1925",2026-05-06 23:10:56,10,"w","r","pilot1"
"2500000010027C53","DS1925",2026-05-06 23:15:56,10,"w","r","pilot1"
"2500000010027C53","DS1925",2026-05-06 23:20:56,10,"w","r","pilot1"
"2500000010027C53","DS1925",2026-05-06 23:25:56,9.5,"w","r","pilot1"
"2500000010027C53","DS1925",2026-05-06 23:30:56,9.5,"w","r","pilot1"
"2500000010027C53","DS1925",2026-05-06 23:35:56,9.5,"w","r","pilot1"
"2500000010027C53","DS1925",2026-05-06 23:40:56,9.5,"w","r","pilot1"
"2500000010027C53","DS1925",2026-05-06 23:45:56,9.5,"w","r","pilot1"
"2500000010027C53","DS1925",2026-05-06 23:50:56,9.5,"w","r","pilot1"
"2500000010027C53","DS1925",2026-05-06 23:55:56,9.5,"w","r","pilot1"
"2500000010027C53","DS1925",2026-05-07 00:00:56,9,"w","r","pilot1"
"2500000010027C53","DS1925",2026-05-07 00:05:56,9,"w","r","pilot1"
"2500000010027C53","DS1925",2026-05-07 00:10:56,9,"w","r","pilot1"
"2500000010027C53","DS1925",2026-05-07 00:15:56,9,"w","r","pilot1"
"2500000010027C53","DS1925",2026-05-07 00:20:56,9,"w","r","pilot1"
"2500000010027C53","DS1925",2026-05-07 00:25:56,9,"w","r","pilot1"
"2500000010027C53","DS1925",2026-05-07 00:30:56,9,"w","r","pilot1"
"2500000010027C53","DS1925",2026-05-07 00:35:56,9,"w","r","pilot1"
"2500000010027C53","DS1925",2026-05-07 00:40:56,9,"w","r","pilot1"
"2500000010027C53","DS1925",2026-05-07 00:45:56,9,"w","r","pilot1"
"2500000010027C53","DS1925",2026-05-07 00:50:56,9,"w","r","pilot1"
"2500000010027C53","DS1925",2026-05-07 00:55:56,9,"w","r","pilot1"
"2500000010027C53","DS1925",2026-05-07 01:00:56,9,"w","r","pilot1"
"2500000010027C53","DS1925",2026-05-07 01:05:56,9,"w","r","pilot1"
"2500000010027C53","DS1925",2026-05-07 01:10:56,9,"w","r","pilot1"
"2500000010027C53","DS1925",2026-05-07 01:15:56,8.5,"w","r","pilot1"
"2500000010027C53","DS1925",2026-05-07 01:20:56,8.5,"w","r","pilot1"
"2500000010027C53","DS1925",2026-05-07 01:25:56,8.5,"w","r","pilot1"
"2500000010027C53","DS1925",2026-05-07 01:30:56,8.5,"w","r","pilot1"
"2500000010027C53","DS1925",2026-05-07 01:35:56,8.5,"w","r","pilot1"
"2500000010027C53","DS1925",2026-05-07 01:40:56,8.5,"w","r","pilot1"
"2500000010027C53","DS1925",2026-05-07 01:45:56,8.5,"w","r","pilot1"
"2500000010027C53","DS1925",2026-05-07 01:50:56,8.5,"w","r","pilot1"
"2500000010027C53","DS1925",2026-05-07 01:55:56,8,"w","r","pilot1"
"2500000010027C53","DS1925",2026-05-07 02:00:56,8,"w","r","pilot1"
"2500000010027C53","DS1925",2026-05-07 02:05:56,8,"w","r","pilot1"
"2500000010027C53","DS1925",2026-05-07 02:10:56,8,"w","r","pilot1"
"2500000010027C53","DS1925",2026-05-07 02:15:56,8,"w","r","pilot1"
"2500000010027C53","DS1925",2026-05-07 02:20:56,8,"w","r","pilot1"
"2500000010027C53","DS1925",2026-05-07 02:25:56,7.5,"w","r","pilot1"
"2500000010027C53","DS1925",2026-05-07 02:30:56,7.5,"w","r","pilot1"
"2500000010027C53","DS1925",2026-05-07 02:35:56,7.5,"w","r","pilot1"
"2500000010027C53","DS1925",2026-05-07 02:40:56,7.5,"w","r","pilot1"
"2500000010027C53","DS1925",2026-05-07 02:45:56,7.5,"w","r","pilot1"
"2500000010027C53","DS1925",2026-05-07 02:50:56,7.5,"w","r","pilot1"
"2500000010027C53","DS1925",2026-05-07 02:55:56,7.5,"w","r","pilot1"
"2500000010027C53","DS1925",2026-05-07 03:00:56,7,"w","r","pilot1"
"2500000010027C53","DS1925",2026-05-07 03:05:56,7,"w","r","pilot1"
"2500000010027C53","DS1925",2026-05-07 03:10:56,7,"w","r","pilot1"
"2500000010027C53","DS1925",2026-05-07 03:15:56,7,"w","r","pilot1"
"2500000010027C53","DS1925",2026-05-07 03:20:56,7,"w","r","pilot1"
"2500000010027C53","DS1925",2026-05-07 03:25:56,7,"w","r","pilot1"
"2500000010027C53","DS1925",2026-05-07 03:30:56,7,"w","r","pilot1"
"2500000010027C53","DS1925",2026-05-07 03:35:56,6.5,"w","r","pilot1"
"2500000010027C53","DS1925",2026-05-07 03:40:56,6.5,"w","r","pilot1"
"2500000010027C53","DS1925",2026-05-07 03:45:56,6.5,"w","r","pilot1"
"2500000010027C53","DS1925",2026-05-07 03:50:56,6.5,"w","r","pilot1"
"2500000010027C53","DS1925",2026-05-07 03:55:56,6.5,"w","r","pilot1"
"2500000010027C53","DS1925",2026-05-07 04:00:56,6.5,"w","r","pilot1"
"2500000010027C53","DS1925",2026-05-07 04:05:56,6.5,"w","r","pilot1"
"2500000010027C53","DS1925",2026-05-07 04:10:56,6.5,"w","r","pilot1"
"2500000010027C53","DS1925",2026-05-07 04:15:56,6.5,"w","r","pilot1"
"2500000010027C53","DS1925",2026-05-07 04:20:56,6.5,"w","r","pilot1"
"2500000010027C53","DS1925",2026-05-07 04:25:56,6.5,"w","r","pilot1"
"2500000010027C53","DS1925",2026-05-07 04:30:56,6,"w","r","pilot1"
"2500000010027C53","DS1925",2026-05-07 04:35:56,6,"w","r","pilot1"
"2500000010027C53","DS1925",2026-05-07 04:40:56,6,"w","r","pilot1"
"2500000010027C53","DS1925",2026-05-07 04:45:56,6,"w","r","pilot1"
"2500000010027C53","DS1925",2026-05-07 04:50:56,6,"w","r","pilot1"
"2500000010027C53","DS1925",2026-05-07 04:55:56,6,"w","r","pilot1"
"2500000010027C53","DS1925",2026-05-07 05:00:56,6,"w","r","pilot1"
"2500000010027C53","DS1925",2026-05-07 05:05:56,6,"w","r","pilot1"
"2500000010027C53","DS1925",2026-05-07 05:10:56,6,"w","r","pilot1"
"2500000010027C53","DS1925",2026-05-07 05:15:56,6,"w","r","pilot1"
"2500000010027C53","DS1925",2026-05-07 05:20:56,5.5,"w","r","pilot1"
"2500000010027C53","DS1925",2026-05-07 05:25:56,5.5,"w","r","pilot1"
"2500000010027C53","DS1925",2026-05-07 05:30:56,5.5,"w","r","pilot1"
"2500000010027C53","DS1925",2026-05-07 05:35:56,5.5,"w","r","pilot1"
"2500000010027C53","DS1925",2026-05-07 05:40:56,5.5,"w","r","pilot1"
"2500000010027C53","DS1925",2026-05-07 05:45:56,5.5,"w","r","pilot1"
"2500000010027C53","DS1925",2026-05-07 05:50:56,5,"w","r","pilot1"
"2500000010027C53","DS1925",2026-05-07 05:55:56,5,"w","r","pilot1"
"2500000010027C53","DS1925",2026-05-07 06:00:56,5,"w","r","pilot1"
"2500000010027C53","DS1925",2026-05-07 06:05:56,5,"w","r","pilot1"
"2500000010027C53","DS1925",2026-05-07 06:10:56,5,"w","r","pilot1"
"2500000010027C53","DS1925",2026-05-07 06:15:56,5,"w","r","pilot1"
"2500000010027C53","DS1925",2026-05-07 06:20:56,5,"w","r","pilot1"
"2500000010027C53","DS1925",2026-05-07 06:25:56,5,"w","r","pilot1"
"2500000010027C53","DS1925",2026-05-07 06:30:56,5,"w","r","pilot1"
"2500000010027C53","DS1925",2026-05-07 06:35:56,5,"w","r","pilot1"
"2500000010027C53","DS1925",2026-05-07 06:40:56,5,"w","r","pilot1"
"2500000010027C53","DS1925",2026-05-07 06:45:56,5,"w","r","pilot1"
"2500000010027C53","DS1925",2026-05-07 06:50:56,5,"w","r","pilot1"
"2500000010027C53","DS1925",2026-05-07 06:55:56,5,"w","r","pilot1"
"2500000010027C53","DS1925",2026-05-07 07:00:56,5,"w","r","pilot1"
"2500000010027C53","DS1925",2026-05-07 07:05:56,5,"w","r","pilot1"
"2500000010027C53","DS1925",2026-05-07 07:10:56,5,"w","r","pilot1"
"2500000010027C53","DS1925",2026-05-07 07:15:56,5,"w","r","pilot1"
"2500000010027C53","DS1925",2026-05-07 07:20:56,5.5,"w","r","pilot1"
"2500000010027C53","DS1925",2026-05-07 07:25:56,5.5,"w","r","pilot1"
"2500000010027C53","DS1925",2026-05-07 07:30:56,5.5,"w","r","pilot1"
"2500000010027C53","DS1925",2026-05-07 07:35:56,5.5,"w","r","pilot1"
"2500000010027C53","DS1925",2026-05-07 07:40:56,5.5,"w","r","pilot1"
"2500000010027C53","DS1925",2026-05-07 07:45:56,5.5,"w","r","pilot1"
"2500000010027C53","DS1925",2026-05-07 07:50:56,5.5,"w","r","pilot1"
"2500000010027C53","DS1925",2026-05-07 07:55:56,5.5,"w","r","pilot1"
"2500000010027C53","DS1925",2026-05-07 08:00:56,5.5,"w","r","pilot1"
"2500000010027C53","DS1925",2026-05-07 08:05:56,5.5,"w","r","pilot1"
"2500000010027C53","DS1925",2026-05-07 08:10:56,5.5,"w","r","pilot1"
"2500000010027C53","DS1925",2026-05-07 08:15:56,5.5,"w","r","pilot1"
"2500000010027C53","DS1925",2026-05-07 08:20:56,5.5,"w","r","pilot1"
"2500000010027C53","DS1925",2026-05-07 08:25:56,6,"w","r","pilot1"
"2500000010027C53","DS1925",2026-05-07 08:30:56,6,"w","r","pilot1"
"2500000010027C53","DS1925",2026-05-07 08:35:56,6,"w","r","pilot1"
"2500000010027C53","DS1925",2026-05-07 08:40:56,6,"w","r","pilot1"
"2500000010027C53","DS1925",2026-05-07 08:45:56,6,"w","r","pilot1"
"2500000010027C53","DS1925",2026-05-07 08:50:56,6.5,"w","r","pilot1"
"2500000010027C53","DS1925",2026-05-07 08:55:56,6.5,"w","r","pilot1"
"2500000010027C53","DS1925",2026-05-07 09:00:56,6.5,"w","r","pilot1"
"2500000010027C53","DS1925",2026-05-07 09:05:56,6.5,"w","r","pilot1"
"2500000010027C53","DS1925",2026-05-07 09:10:56,7,"w","r","pilot1"
"2500000010027C53","DS1925",2026-05-07 09:15:56,7,"w","r","pilot1"
"2500000010027C53","DS1925",2026-05-07 09:20:56,7,"w","r","pilot1"
"2500000010027C53","DS1925",2026-05-07 09:25:56,7.5,"w","r","pilot1"
"2500000010027C53","DS1925",2026-05-07 09:30:56,7.5,"w","r","pilot1"
"2500000010027C53","DS1925",2026-05-07 09:35:56,8,"w","r","pilot1"
"2500000010027C53","DS1925",2026-05-07 09:40:56,8,"w","r","pilot1"
"2500000010027C53","DS1925",2026-05-07 09:45:56,8.5,"w","r","pilot1"
"2500000010027C53","DS1925",2026-05-07 09:50:56,8.5,"w","r","pilot1"
"2500000010027C53","DS1925",2026-05-07 09:55:56,9,"w","r","pilot1"
"2500000010027C53","DS1925",2026-05-07 10:00:56,9,"w","r","pilot1"
"2500000010027C53","DS1925",2026-05-07 10:05:56,9.5,"w","r","pilot1"
"2500000010027C53","DS1925",2026-05-07 10:10:56,9.5,"w","r","pilot1"
"2500000010027C53","DS1925",2026-05-07 10:15:56,10,"w","r","pilot1"
"2500000010027C53","DS1925",2026-05-07 10:20:56,10,"w","r","pilot1"
"2500000010027C53","DS1925",2026-05-07 10:25:56,10.5,"w","r","pilot1"
"2500000010027C53","DS1925",2026-05-07 10:30:56,11,"w","r","pilot1"
"2500000010027C53","DS1925",2026-05-07 10:35:56,11,"w","r","pilot1"
"2500000010027C53","DS1925",2026-05-07 10:40:56,11.5,"w","r","pilot1"
"2500000010027C53","DS1925",2026-05-07 10:45:56,11.5,"w","r","pilot1"
"2500000010027C53","DS1925",2026-05-07 10:50:56,11.5,"w","r","pilot1"
"2500000010027C53","DS1925",2026-05-07 10:55:56,11.5,"w","r","pilot1"
"2500000010027C53","DS1925",2026-05-07 11:00:56,12,"w","r","pilot1"
"2500000010027C53","DS1925",2026-05-07 11:05:56,12,"w","r","pilot1"
"2500000010027C53","DS1925",2026-05-07 11:10:56,12,"w","r","pilot1"
"2500000010027C53","DS1925",2026-05-07 11:15:56,12,"w","r","pilot1"
"2500000010027C53","DS1925",2026-05-07 11:20:56,12.5,"w","r","pilot1"
"2500000010027C53","DS1925",2026-05-07 11:25:56,12.5,"w","r","pilot1"
"2500000010027C53","DS1925",2026-05-07 11:30:56,12.5,"w","r","pilot1"
"2500000010027C53","DS1925",2026-05-07 11:35:56,12.5,"w","r","pilot1"
"2500000010027C53","DS1925",2026-05-07 11:40:56,13,"w","r","pilot1"
"2500000010027C53","DS1925",2026-05-07 11:45:56,13,"w","r","pilot1"
"2500000010027C53","DS1925",2026-05-07 11:50:56,13.5,"w","r","pilot1"
"2500000010027C53","DS1925",2026-05-07 11:55:56,13.5,"w","r","pilot1"
"2500000010027C53","DS1925",2026-05-07 12:00:56,14,"w","r","pilot1"
"2500000010027C53","DS1925",2026-05-07 12:05:56,14,"w","r","pilot1"
"2500000010027C53","DS1925",2026-05-07 12:10:56,14.5,"w","r","pilot1"
"2500000010027C53","DS1925",2026-05-07 12:15:56,15,"w","r","pilot1"
"2500000010027C53","DS1925",2026-05-07 12:20:56,15,"w","r","pilot1"
"2500000010027C53","DS1925",2026-05-07 12:25:56,15,"w","r","pilot1"
"2500000010027C53","DS1925",2026-05-07 12:30:56,15,"w","r","pilot1"
"2500000010027C53","DS1925",2026-05-07 12:35:56,15.5,"w","r","pilot1"
"2500000010027C53","DS1925",2026-05-07 12:40:56,15.5,"w","r","pilot1"
"2500000010027C53","DS1925",2026-05-07 12:45:56,15.5,"w","r","pilot1"
"2500000010027C53","DS1925",2026-05-07 12:50:56,15.5,"w","r","pilot1"
"2500000010027C53","DS1925",2026-05-07 12:55:56,15.5,"w","r","pilot1"
"2500000010027C53","DS1925",2026-05-07 13:00:56,15.5,"w","r","pilot1"
"2500000010027C53","DS1925",2026-05-07 13:05:56,15.5,"w","r","pilot1"
"2500000010027C53","DS1925",2026-05-07 13:10:56,16,"w","r","pilot1"
"2500000010027C53","DS1925",2026-05-07 13:15:56,16,"w","r","pilot1"
"2500000010027C53","DS1925",2026-05-07 13:20:56,16,"w","r","pilot1"
"2500000010027C53","DS1925",2026-05-07 13:25:56,16.5,"w","r","pilot1"
"2500000010027C53","DS1925",2026-05-07 13:30:56,16.5,"w","r","pilot1"
"2500000010027C53","DS1925",2026-05-07 13:35:56,17,"w","r","pilot1"
"2500000010027C53","DS1925",2026-05-07 13:40:56,17,"w","r","pilot1"
"2500000010027C53","DS1925",2026-05-07 13:45:56,17,"w","r","pilot1"
"2500000010027C53","DS1925",2026-05-07 13:50:56,17,"w","r","pilot1"
"2500000010027C53","DS1925",2026-05-07 13:55:56,17.5,"w","r","pilot1"
"2500000010027C53","DS1925",2026-05-07 14:00:56,17.5,"w","r","pilot1"
"2500000010027C53","DS1925",2026-05-07 14:05:56,17.5,"w","r","pilot1"
"2500000010027C53","DS1925",2026-05-07 14:10:56,17.5,"w","r","pilot1"
"2500000010027C53","DS1925",2026-05-07 14:15:56,17.5,"w","r","pilot1"
"2500000010027C53","DS1925",2026-05-07 14:20:56,17.5,"w","r","pilot1"
"2500000010027C53","DS1925",2026-05-07 14:25:56,17.5,"w","r","pilot1"
"2500000010027C53","DS1925",2026-05-07 14:30:56,17.5,"w","r","pilot1"
"2500000010027C53","DS1925",2026-05-07 14:35:56,17.5,"w","r","pilot1"
"2500000010027C53","DS1925",2026-05-07 14:40:56,17.5,"w","r","pilot1"
"2500000010027C53","DS1925",2026-05-07 14:45:56,17.5,"w","r","pilot1"
"2500000010027C53","DS1925",2026-05-07 14:50:56,17.5,"w","r","pilot1"
"2500000010027C53","DS1925",2026-05-07 14:55:56,17.5,"w","r","pilot1"
"2500000010027C53","DS1925",2026-05-07 15:00:56,17.5,"w","r","pilot1"
"2500000010027C53","DS1925",2026-05-07 15:05:56,17.5,"w","r","pilot1"
"2500000010027C53","DS1925",2026-05-07 15:10:56,17.5,"w","r","pilot1"
"2500000010027C53","DS1925",2026-05-07 15:15:56,17.5,"w","r","pilot1"
"2500000010027C53","DS1925",2026-05-07 15:20:56,18,"w","r","pilot1"
"2500000010027C53","DS1925",2026-05-07 15:25:56,18,"w","r","pilot1"
"2500000010027C53","DS1925",2026-05-07 15:30:56,18,"w","r","pilot1"
"2500000010027C53","DS1925",2026-05-07 15:35:56,18.5,"w","r","pilot1"
"2500000010027C53","DS1925",2026-05-07 15:40:56,18.5,"w","r","pilot1"
"2500000010027C53","DS1925",2026-05-07 15:45:56,18.5,"w","r","pilot1"
"2500000010027C53","DS1925",2026-05-07 15:50:56,18.5,"w","r","pilot1"
"2500000010027C53","DS1925",2026-05-07 15:55:56,18.5,"w","r","pilot1"
"2500000010027C53","DS1925",2026-05-07 16:00:56,18.5,"w","r","pilot1"
"2500000010027C53","DS1925",2026-05-07 16:05:56,18.5,"w","r","pilot1"
"2500000010027C53","DS1925",2026-05-07 16:10:56,18.5,"w","r","pilot1"
"2500000010027C53","DS1925",2026-05-07 16:15:56,19,"w","r","pilot1"
"2500000010027C53","DS1925",2026-05-07 16:20:56,18.5,"w","r","pilot1"
"2500000010027C53","DS1925",2026-05-07 16:25:56,19,"w","r","pilot1"
"2500000010027C53","DS1925",2026-05-07 16:30:56,19,"w","r","pilot1"
"2500000010027C53","DS1925",2026-05-07 16:35:56,19,"w","r","pilot1"
"2500000010027C53","DS1925",2026-05-07 16:40:56,19,"w","r","pilot1"
"2500000010027C53","DS1925",2026-05-07 16:45:56,19,"w","r","pilot1"
"2500000010027C53","DS1925",2026-05-07 16:50:56,19,"w","r","pilot1"
"2500000010027C53","DS1925",2026-05-07 16:55:56,19,"w","r","pilot1"
"2500000010027C53","DS1925",2026-05-07 17:00:56,19,"w","r","pilot1"
"2500000010027C53","DS1925",2026-05-07 17:05:56,18.5,"w","r","pilot1"
"2500000010027C53","DS1925",2026-05-07 17:10:56,18.5,"w","r","pilot1"
"2500000010027C53","DS1925",2026-05-07 17:15:56,18.5,"w","r","pilot1"
"2500000010027C53","DS1925",2026-05-07 17:20:56,18,"w","r","pilot1"
"2500000010027C53","DS1925",2026-05-07 17:25:56,18,"w","r","pilot1"
"2500000010027C53","DS1925",2026-05-07 17:30:56,18,"w","r","pilot1"
"2500000010027C53","DS1925",2026-05-07 17:35:56,17.5,"w","r","pilot1"
"2500000010027C53","DS1925",2026-05-07 17:40:56,17.5,"w","r","pilot1"
"2500000010027C53","DS1925",2026-05-07 17:45:56,17,"w","r","pilot1"
"2500000010027C53","DS1925",2026-05-07 17:50:56,17,"w","r","pilot1"
"2500000010027C53","DS1925",2026-05-07 17:55:56,16.5,"w","r","pilot1"
"2500000010027C53","DS1925",2026-05-07 18:00:56,16.5,"w","r","pilot1"
"2500000010027C53","DS1925",2026-05-07 18:05:56,16,"w","r","pilot1"
"2500000010027C53","DS1925",2026-05-07 18:10:56,16,"w","r","pilot1"
"2500000010027C53","DS1925",2026-05-07 18:15:56,15.5,"w","r","pilot1"
"2500000010027C53","DS1925",2026-05-07 18:20:56,15.5,"w","r","pilot1"
"2500000010027C53","DS1925",2026-05-07 18:25:56,15,"w","r","pilot1"
"2500000010027C53","DS1925",2026-05-07 18:30:56,15,"w","r","pilot1"
"2500000010027C53","DS1925",2026-05-07 18:35:56,15,"w","r","pilot1"
"2500000010027C53","DS1925",2026-05-07 18:40:56,14.5,"w","r","pilot1"
"2500000010027C53","DS1925",2026-05-07 18:45:56,14.5,"w","r","pilot1"
"2500000010027C53","DS1925",2026-05-07 18:50:56,14,"w","r","pilot1"
"2500000010027C53","DS1925",2026-05-07 18:55:56,14,"w","r","pilot1"
"2500000010027C53","DS1925",2026-05-07 19:00:56,14,"w","r","pilot1"
"2500000010027C53","DS1925",2026-05-07 19:05:56,14,"w","r","pilot1"
"2500000010027C53","DS1925",2026-05-07 19:10:56,14,"w","r","pilot1"
"2500000010027C53","DS1925",2026-05-07 19:15:56,13.5,"w","r","pilot1"
"2500000010027C53","DS1925",2026-05-07 19:20:56,13.5,"w","r","pilot1"
"2500000010027C53","DS1925",2026-05-07 19:25:56,13.5,"w","r","pilot1"
"2500000010027C53","DS1925",2026-05-07 19:30:56,13.5,"w","r","pilot1"
"2500000010027C53","DS1925",2026-05-07 19:35:56,13,"w","r","pilot1"
"2500000010027C53","DS1925",2026-05-07 19:40:56,13,"w","r","pilot1"
"2500000010027C53","DS1925",2026-05-07 19:45:56,13,"w","r","pilot1"
"2500000010027C53","DS1925",2026-05-07 19:50:56,13,"w","r","pilot1"
"2500000010027C53","DS1925",2026-05-07 19:55:56,12.5,"w","r","pilot1"
"2500000010027C53","DS1925",2026-05-07 20:00:56,12.5,"w","r","pilot1"
"2500000010027C53","DS1925",2026-05-07 20:05:56,12.5,"w","r","pilot1"
"2500000010027C53","DS1925",2026-05-07 20:10:56,12.5,"w","r","pilot1"
"2500000010027C53","DS1925",2026-05-07 20:15:56,12,"w","r","pilot1"
"2500000010027C53","DS1925",2026-05-07 20:20:56,12,"w","r","pilot1"
"2500000010027C53","DS1925",2026-05-07 20:25:56,12,"w","r","pilot1"
"2500000010027C53","DS1925",2026-05-07 20:30:56,12,"w","r","pilot1"
"2500000010027C53","DS1925",2026-05-07 20:35:56,11.5,"w","r","pilot1"
"2500000010027C53","DS1925",2026-05-07 20:40:56,11.5,"w","r","pilot1"
"2500000010027C53","DS1925",2026-05-07 20:45:56,11.5,"w","r","pilot1"
"2500000010027C53","DS1925",2026-05-07 20:50:56,11.5,"w","r","pilot1"
"2500000010027C53","DS1925",2026-05-07 20:55:56,11.5,"w","r","pilot1"
"2500000010027C53","DS1925",2026-05-07 21:00:56,11,"w","r","pilot1"
"2500000010027C53","DS1925",2026-05-07 21:05:56,11,"w","r","pilot1"
"2500000010027C53","DS1925",2026-05-07 21:10:56,11,"w","r","pilot1"
"2500000010027C53","DS1925",2026-05-07 21:15:56,11,"w","r","pilot1"
"2500000010027C53","DS1925",2026-05-07 21:20:56,11,"w","r","pilot1"
"2500000010027C53","DS1925",2026-05-07 21:25:56,10.5,"w","r","pilot1"
"2500000010027C53","DS1925",2026-05-07 21:30:56,10.5,"w","r","pilot1"
"2500000010027C53","DS1925",2026-05-07 21:35:56,10.5,"w","r","pilot1"
"2500000010027C53","DS1925",2026-05-07 21:40:56,10.5,"w","r","pilot1"
"2500000010027C53","DS1925",2026-05-07 21:45:56,10.5,"w","r","pilot1"
"2500000010027C53","DS1925",2026-05-07 21:50:56,10,"w","r","pilot1"
"2500000010027C53","DS1925",2026-05-07 21:55:56,10,"w","r","pilot1"
"2500000010027C53","DS1925",2026-05-07 22:00:56,10,"w","r","pilot1"
"2500000010027C53","DS1925",2026-05-07 22:05:56,10,"w","r","pilot1"
"2500000010027C53","DS1925",2026-05-07 22:10:56,9.5,"w","r","pilot1"
"2500000010027C53","DS1925",2026-05-07 22:15:56,9.5,"w","r","pilot1"
"2500000010027C53","DS1925",2026-05-07 22:20:56,9.5,"w","r","pilot1"
"2500000010027C53","DS1925",2026-05-07 22:25:56,9.5,"w","r","pilot1"
"2500000010027C53","DS1925",2026-05-07 22:30:56,9,"w","r","pilot1"
"2500000010027C53","DS1925",2026-05-07 22:35:56,9,"w","r","pilot1"
"2500000010027C53","DS1925",2026-05-07 22:40:56,9,"w","r","pilot1"
"2500000010027C53","DS1925",2026-05-07 22:45:56,9,"w","r","pilot1"
"2500000010027C53","DS1925",2026-05-07 22:50:56,9,"w","r","pilot1"
"2500000010027C53","DS1925",2026-05-07 22:55:56,8.5,"w","r","pilot1"
"2500000010027C53","DS1925",2026-05-07 23:00:56,8.5,"w","r","pilot1"
"2500000010027C53","DS1925",2026-05-07 23:05:56,8.5,"w","r","pilot1"
"2500000010027C53","DS1925",2026-05-07 23:10:56,8.5,"w","r","pilot1"
"2500000010027C53","DS1925",2026-05-07 23:15:56,8.5,"w","r","pilot1"
"2500000010027C53","DS1925",2026-05-07 23:20:56,8.5,"w","r","pilot1"
"2500000010027C53","DS1925",2026-05-07 23:25:56,8,"w","r","pilot1"
"2500000010027C53","DS1925",2026-05-07 23:30:56,8,"w","r","pilot1"
"2500000010027C53","DS1925",2026-05-07 23:35:56,8,"w","r","pilot1"
"2500000010027C53","DS1925",2026-05-07 23:40:56,8,"w","r","pilot1"
"2500000010027C53","DS1925",2026-05-07 23:45:56,8,"w","r","pilot1"
"2500000010027C53","DS1925",2026-05-07 23:50:56,8,"w","r","pilot1"
"2500000010027C53","DS1925",2026-05-07 23:55:56,7.5,"w","r","pilot1"
"2500000010027C53","DS1925",2026-05-08 00:00:56,7.5,"w","r","pilot1"
"2500000010027C53","DS1925",2026-05-08 00:05:56,7.5,"w","r","pilot1"
"2500000010027C53","DS1925",2026-05-08 00:10:56,7.5,"w","r","pilot1"
"2500000010027C53","DS1925",2026-05-08 00:15:56,7.5,"w","r","pilot1"
"2500000010027C53","DS1925",2026-05-08 00:20:56,7.5,"w","r","pilot1"
"2500000010027C53","DS1925",2026-05-08 00:25:56,7.5,"w","r","pilot1"
"2500000010027C53","DS1925",2026-05-08 00:30:56,7.5,"w","r","pilot1"
"2500000010027C53","DS1925",2026-05-08 00:35:56,7.5,"w","r","pilot1"
"2500000010027C53","DS1925",2026-05-08 00:40:56,7.5,"w","r","pilot1"
"2500000010027C53","DS1925",2026-05-08 00:45:56,7.5,"w","r","pilot1"
"2500000010027C53","DS1925",2026-05-08 00:50:56,7.5,"w","r","pilot1"
"2500000010027C53","DS1925",2026-05-08 00:55:56,7.5,"w","r","pilot1"
"2500000010027C53","DS1925",2026-05-08 01:00:56,7.5,"w","r","pilot1"
"2500000010027C53","DS1925",2026-05-08 01:05:56,7.5,"w","r","pilot1"
"2500000010027C53","DS1925",2026-05-08 01:10:56,7.5,"w","r","pilot1"
"2500000010027C53","DS1925",2026-05-08 01:15:56,7.5,"w","r","pilot1"
"2500000010027C53","DS1925",2026-05-08 01:20:56,7,"w","r","pilot1"
"2500000010027C53","DS1925",2026-05-08 01:25:56,7.5,"w","r","pilot1"
"2500000010027C53","DS1925",2026-05-08 01:30:56,7,"w","r","pilot1"
"2500000010027C53","DS1925",2026-05-08 01:35:56,7.5,"w","r","pilot1"
"2500000010027C53","DS1925",2026-05-08 01:40:56,7,"w","r","pilot1"
"2500000010027C53","DS1925",2026-05-08 01:45:56,7,"w","r","pilot1"
"2500000010027C53","DS1925",2026-05-08 01:50:56,7,"w","r","pilot1"
"2500000010027C53","DS1925",2026-05-08 01:55:56,7,"w","r","pilot1"
"2500000010027C53","DS1925",2026-05-08 02:00:56,7,"w","r","pilot1"
"2500000010027C53","DS1925",2026-05-08 02:05:56,7,"w","r","pilot1"
"2500000010027C53","DS1925",2026-05-08 02:10:56,7,"w","r","pilot1"
"2500000010027C53","DS1925",2026-05-08 02:15:56,7,"w","r","pilot1"
"2500000010027C53","DS1925",2026-05-08 02:20:56,7,"w","r","pilot1"
"2500000010027C53","DS1925",2026-05-08 02:25:56,7,"w","r","pilot1"
"2500000010027C53","DS1925",2026-05-08 02:30:56,7,"w","r","pilot1"
"2500000010027C53","DS1925",2026-05-08 02:35:56,7,"w","r","pilot1"
"2500000010027C53","DS1925",2026-05-08 02:40:56,7,"w","r","pilot1"
"2500000010027C53","DS1925",2026-05-08 02:45:56,7,"w","r","pilot1"
"2500000010027C53","DS1925",2026-05-08 02:50:56,7,"w","r","pilot1"
"2500000010027C53","DS1925",2026-05-08 02:55:56,7,"w","r","pilot1"
"2500000010027C53","DS1925",2026-05-08 03:00:56,7,"w","r","pilot1"
"2500000010027C53","DS1925",2026-05-08 03:05:56,7,"w","r","pilot1"
"2500000010027C53","DS1925",2026-05-08 03:10:56,7,"w","r","pilot1"
"2500000010027C53","DS1925",2026-05-08 03:15:56,7,"w","r","pilot1"
"2500000010027C53","DS1925",2026-05-08 03:20:56,7,"w","r","pilot1"
"2500000010027C53","DS1925",2026-05-08 03:25:56,6.5,"w","r","pilot1"
"2500000010027C53","DS1925",2026-05-08 03:30:56,6.5,"w","r","pilot1"
"2500000010027C53","DS1925",2026-05-08 03:35:56,6.5,"w","r","pilot1"
"2500000010027C53","DS1925",2026-05-08 03:40:56,6.5,"w","r","pilot1"
"2500000010027C53","DS1925",2026-05-08 03:45:56,6.5,"w","r","pilot1"
"2500000010027C53","DS1925",2026-05-08 03:50:56,6.5,"w","r","pilot1"
"2500000010027C53","DS1925",2026-05-08 03:55:56,6.5,"w","r","pilot1"
"2500000010027C53","DS1925",2026-05-08 04:00:56,6.5,"w","r","pilot1"
"2500000010027C53","DS1925",2026-05-08 04:05:56,6.5,"w","r","pilot1"
"2500000010027C53","DS1925",2026-05-08 04:10:56,6.5,"w","r","pilot1"
"2500000010027C53","DS1925",2026-05-08 04:15:56,6.5,"w","r","pilot1"
"2500000010027C53","DS1925",2026-05-08 04:20:56,6.5,"w","r","pilot1"
"2500000010027C53","DS1925",2026-05-08 04:25:56,6.5,"w","r","pilot1"
"2500000010027C53","DS1925",2026-05-08 04:30:56,6.5,"w","r","pilot1"
"2500000010027C53","DS1925",2026-05-08 04:35:56,6.5,"w","r","pilot1"
"2500000010027C53","DS1925",2026-05-08 04:40:56,6.5,"w","r","pilot1"
"2500000010027C53","DS1925",2026-05-08 04:45:56,6.5,"w","r","pilot1"
"2500000010027C53","DS1925",2026-05-08 04:50:56,6.5,"w","r","pilot1"
"2500000010027C53","DS1925",2026-05-08 04:55:56,6.5,"w","r","pilot1"
"2500000010027C53","DS1925",2026-05-08 05:00:56,6.5,"w","r","pilot1"
"2500000010027C53","DS1925",2026-05-08 05:05:56,6.5,"w","r","pilot1"
"2500000010027C53","DS1925",2026-05-08 05:10:56,6.5,"w","r","pilot1"
"2500000010027C53","DS1925",2026-05-08 05:15:56,6.5,"w","r","pilot1"
"2500000010027C53","DS1925",2026-05-08 05:20:56,6,"w","r","pilot1"
"2500000010027C53","DS1925",2026-05-08 05:25:56,6,"w","r","pilot1"
"2500000010027C53","DS1925",2026-05-08 05:30:56,6,"w","r","pilot1"
"2500000010027C53","DS1925",2026-05-08 05:35:56,6,"w","r","pilot1"
"2500000010027C53","DS1925",2026-05-08 05:40:56,6,"w","r","pilot1"
"2500000010027C53","DS1925",2026-05-08 05:45:56,6,"w","r","pilot1"
"2500000010027C53","DS1925",2026-05-08 05:50:56,6,"w","r","pilot1"
"2500000010027C53","DS1925",2026-05-08 05:55:56,6,"w","r","pilot1"
"2500000010027C53","DS1925",2026-05-08 06:00:56,6,"w","r","pilot1"
"2500000010027C53","DS1925",2026-05-08 06:05:56,6,"w","r","pilot1"
"2500000010027C53","DS1925",2026-05-08 06:10:56,6,"w","r","pilot1"
"2500000010027C53","DS1925",2026-05-08 06:15:56,6,"w","r","pilot1"
"2500000010027C53","DS1925",2026-05-08 06:20:56,6,"w","r","pilot1"
"2500000010027C53","DS1925",2026-05-08 06:25:56,6,"w","r","pilot1"
"2500000010027C53","DS1925",2026-05-08 06:30:56,6,"w","r","pilot1"
"2500000010027C53","DS1925",2026-05-08 06:35:56,6,"w","r","pilot1"
"2500000010027C53","DS1925",2026-05-08 06:40:56,6,"w","r","pilot1"
"2500000010027C53","DS1925",2026-05-08 06:45:56,6,"w","r","pilot1"
"2500000010027C53","DS1925",2026-05-08 06:50:56,6,"w","r","pilot1"
"2500000010027C53","DS1925",2026-05-08 06:55:56,6,"w","r","pilot1"
"2500000010027C53","DS1925",2026-05-08 07:00:56,6,"w","r","pilot1"
"2500000010027C53","DS1925",2026-05-08 07:05:56,6,"w","r","pilot1"
"2500000010027C53","DS1925",2026-05-08 07:10:56,6,"w","r","pilot1"
"2500000010027C53","DS1925",2026-05-08 07:15:56,6,"w","r","pilot1"
"2500000010027C53","DS1925",2026-05-08 07:20:56,6,"w","r","pilot1"
"2500000010027C53","DS1925",2026-05-08 07:25:56,6,"w","r","pilot1"
"2500000010027C53","DS1925",2026-05-08 07:30:56,6.5,"w","r","pilot1"
"2500000010027C53","DS1925",2026-05-08 07:35:56,6.5,"w","r","pilot1"
"2500000010027C53","DS1925",2026-05-08 07:40:56,6.5,"w","r","pilot1"
"2500000010027C53","DS1925",2026-05-08 07:45:56,6.5,"w","r","pilot1"
"2500000010027C53","DS1925",2026-05-08 07:50:56,6.5,"w","r","pilot1"
"2500000010027C53","DS1925",2026-05-08 07:55:56,6.5,"w","r","pilot1"
"2500000010027C53","DS1925",2026-05-08 08:00:56,6.5,"w","r","pilot1"
"2500000010027C53","DS1925",2026-05-08 08:05:56,6.5,"w","r","pilot1"
"2500000010027C53","DS1925",2026-05-08 08:10:56,6.5,"w","r","pilot1"
"2500000010027C53","DS1925",2026-05-08 08:15:56,7,"w","r","pilot1"
"2500000010027C53","DS1925",2026-05-08 08:20:56,7,"w","r","pilot1"
"2500000010027C53","DS1925",2026-05-08 08:25:56,7,"w","r","pilot1"
"2500000010027C53","DS1925",2026-05-08 08:30:56,7,"w","r","pilot1"
"2500000010027C53","DS1925",2026-05-08 08:35:56,7,"w","r","pilot1"
"2500000010027C53","DS1925",2026-05-08 08:40:56,7,"w","r","pilot1"
"2500000010027C53","DS1925",2026-05-08 08:45:56,7.5,"w","r","pilot1"
"2500000010027C53","DS1925",2026-05-08 08:50:56,7.5,"w","r","pilot1"
"2500000010027C53","DS1925",2026-05-08 08:55:56,7.5,"w","r","pilot1"
"2500000010027C53","DS1925",2026-05-08 09:00:56,7.5,"w","r","pilot1"
"2500000010027C53","DS1925",2026-05-08 09:05:56,7.5,"w","r","pilot1"
"2500000010027C53","DS1925",2026-05-08 09:10:56,8,"w","r","pilot1"
"2500000010027C53","DS1925",2026-05-08 09:15:56,8,"w","r","pilot1"
"2500000010027C53","DS1925",2026-05-08 09:20:56,8,"w","r","pilot1"
"2500000010027C53","DS1925",2026-05-08 09:25:56,8.5,"w","r","pilot1"
"2500000010027C53","DS1925",2026-05-08 09:30:56,8.5,"w","r","pilot1"
"2500000010027C53","DS1925",2026-05-08 09:35:56,8.5,"w","r","pilot1"
"2500000010027C53","DS1925",2026-05-08 09:40:56,9,"w","r","pilot1"
"2500000010027C53","DS1925",2026-05-08 09:45:56,9,"w","r","pilot1"
"2500000010027C53","DS1925",2026-05-08 09:50:56,9.5,"w","r","pilot1"
"2500000010027C53","DS1925",2026-05-08 09:55:56,9.5,"w","r","pilot1"
"2500000010027C53","DS1925",2026-05-08 10:00:56,10,"w","r","pilot1"
"2500000010027C53","DS1925",2026-05-08 10:05:56,10,"w","r","pilot1"
"2500000010027C53","DS1925",2026-05-08 10:10:56,10,"w","r","pilot1"
"2500000010027C53","DS1925",2026-05-08 10:15:56,10.5,"w","r","pilot1"
"2500000010027C53","DS1925",2026-05-08 10:20:56,11,"w","r","pilot1"
"2500000010027C53","DS1925",2026-05-08 10:25:56,11,"w","r","pilot1"
"2500000010027C53","DS1925",2026-05-08 10:30:56,11.5,"w","r","pilot1"
"2500000010027C53","DS1925",2026-05-08 10:35:56,12,"w","r","pilot1"
"2500000010027C53","DS1925",2026-05-08 10:40:56,12,"w","r","pilot1"
"2500000010027C53","DS1925",2026-05-08 10:45:56,12.5,"w","r","pilot1"
"2500000010027C53","DS1925",2026-05-08 10:50:56,13,"w","r","pilot1"
"2500000010027C53","DS1925",2026-05-08 10:55:56,13,"w","r","pilot1"
"2500000010027C53","DS1925",2026-05-08 11:00:56,13.5,"w","r","pilot1"
"2500000010027C53","DS1925",2026-05-08 11:05:56,14,"w","r","pilot1"
"2500000010027C53","DS1925",2026-05-08 11:10:56,14.5,"w","r","pilot1"
"2500000010027C53","DS1925",2026-05-08 11:15:56,14.5,"w","r","pilot1"
"2500000010027C53","DS1925",2026-05-08 11:20:56,15,"w","r","pilot1"
"2500000010027C53","DS1925",2026-05-08 11:25:56,15,"w","r","pilot1"
"2500000010027C53","DS1925",2026-05-08 11:30:56,15.5,"w","r","pilot1"
"2500000010027C53","DS1925",2026-05-08 11:35:56,16,"w","r","pilot1"
"2500000010027C53","DS1925",2026-05-08 11:40:56,16,"w","r","pilot1"
"2500000010027C53","DS1925",2026-05-08 11:45:56,16,"w","r","pilot1"
"2500000010027C53","DS1925",2026-05-08 11:50:56,16.5,"w","r","pilot1"
"2500000010027C53","DS1925",2026-05-08 11:55:56,16.5,"w","r","pilot1"
"2500000010027C53","DS1925",2026-05-08 12:00:56,16.5,"w","r","pilot1"
"2500000010027C53","DS1925",2026-05-08 12:05:56,17,"w","r","pilot1"
"2500000010027C53","DS1925",2026-05-08 12:10:56,17,"w","r","pilot1"
"2500000010027C53","DS1925",2026-05-08 12:15:56,17,"w","r","pilot1"
"2500000010027C53","DS1925",2026-05-08 12:20:56,17,"w","r","pilot1"
"2500000010027C53","DS1925",2026-05-08 12:25:56,17.5,"w","r","pilot1"
"2500000010027C53","DS1925",2026-05-08 12:30:56,17.5,"w","r","pilot1"
"2500000010027C53","DS1925",2026-05-08 12:35:56,17.5,"w","r","pilot1"
"2500000010027C53","DS1925",2026-05-08 12:40:56,17.5,"w","r","pilot1"
"2500000010027C53","DS1925",2026-05-08 12:45:56,17.5,"w","r","pilot1"
"2500000010027C53","DS1925",2026-05-08 12:50:56,17.5,"w","r","pilot1"
"2500000010027C53","DS1925",2026-05-08 12:55:56,17,"w","r","pilot1"
"2500000010027C53","DS1925",2026-05-08 13:00:56,17,"w","r","pilot1"
"2500000010027C53","DS1925",2026-05-08 13:05:56,17,"w","r","pilot1"
"2500000010027C53","DS1925",2026-05-08 13:10:56,17,"w","r","pilot1"
"2500000010027C53","DS1925",2026-05-08 13:15:56,17,"w","r","pilot1"
"2500000010027C53","DS1925",2026-05-08 13:20:56,17,"w","r","pilot1"
"2500000010027C53","DS1925",2026-05-08 13:25:56,17,"w","r","pilot1"
"2500000010027C53","DS1925",2026-05-08 13:30:56,16.5,"w","r","pilot1"
"2500000010027C53","DS1925",2026-05-08 13:35:56,16.5,"w","r","pilot1"
"2500000010027C53","DS1925",2026-05-08 13:40:56,16.5,"w","r","pilot1"
"2500000010027C53","DS1925",2026-05-08 13:45:56,16.5,"w","r","pilot1"
"2500000010027C53","DS1925",2026-05-08 13:50:56,16.5,"w","r","pilot1"
"2500000010027C53","DS1925",2026-05-08 13:55:56,16.5,"w","r","pilot1"
"2500000010027C53","DS1925",2026-05-08 14:00:56,16.5,"w","r","pilot1"
"2500000010027C53","DS1925",2026-05-08 14:05:56,16.5,"w","r","pilot1"
"2500000010027C53","DS1925",2026-05-08 14:10:56,16,"w","r","pilot1"
"2500000010027C53","DS1925",2026-05-08 14:15:56,16,"w","r","pilot1"
"2500000010027C53","DS1925",2026-05-08 14:20:56,16,"w","r","pilot1"
"2500000010027C53","DS1925",2026-05-08 14:25:56,16,"w","r","pilot1"
"2500000010027C53","DS1925",2026-05-08 14:30:56,16,"w","r","pilot1"
"2500000010027C53","DS1925",2026-05-08 14:35:56,16,"w","r","pilot1"
"2500000010027C53","DS1925",2026-05-08 14:40:56,15.5,"w","r","pilot1"
"2500000010027C53","DS1925",2026-05-08 14:45:56,15.5,"w","r","pilot1"
"2500000010027C53","DS1925",2026-05-08 14:50:56,15.5,"w","r","pilot1"
"2500000010027C53","DS1925",2026-05-08 14:55:56,16,"w","r","pilot1"
"2500000010027C53","DS1925",2026-05-08 15:00:56,16,"w","r","pilot1"
"2500000010027C53","DS1925",2026-05-08 15:05:56,16.5,"w","r","pilot1"
"2500000010027C53","DS1925",2026-05-08 15:10:56,16.5,"w","r","pilot1"
"2500000010027C53","DS1925",2026-05-08 15:15:56,16.5,"w","r","pilot1"
"2500000010027C53","DS1925",2026-05-08 15:20:56,16.5,"w","r","pilot1"
"2500000010027C53","DS1925",2026-05-08 15:25:56,17,"w","r","pilot1"
"2500000010027C53","DS1925",2026-05-08 15:30:56,17,"w","r","pilot1"
"2500000010027C53","DS1925",2026-05-08 15:35:56,17,"w","r","pilot1"
"2500000010027C53","DS1925",2026-05-08 15:40:56,17,"w","r","pilot1"
"2500000010027C53","DS1925",2026-05-08 15:45:56,17.5,"w","r","pilot1"
"2500000010027C53","DS1925",2026-05-08 15:50:56,17.5,"w","r","pilot1"
"2500000010027C53","DS1925",2026-05-08 15:55:56,17.5,"w","r","pilot1"
"2C0000001087E453","DS1925",2026-05-05 15:03:38,23,"w","t","pilot1"
"2C0000001087E453","DS1925",2026-05-05 15:08:38,23,"w","t","pilot1"
"2C0000001087E453","DS1925",2026-05-05 15:13:38,22.5,"w","t","pilot1"
"2C0000001087E453","DS1925",2026-05-05 15:18:38,22.5,"w","t","pilot1"
"2C0000001087E453","DS1925",2026-05-05 15:23:38,22,"w","t","pilot1"
"2C0000001087E453","DS1925",2026-05-05 15:28:38,21.5,"w","t","pilot1"
"2C0000001087E453","DS1925",2026-05-05 15:33:38,21.5,"w","t","pilot1"
"2C0000001087E453","DS1925",2026-05-05 15:38:38,21,"w","t","pilot1"
"2C0000001087E453","DS1925",2026-05-05 15:43:38,21,"w","t","pilot1"
"2C0000001087E453","DS1925",2026-05-05 15:48:38,20.5,"w","t","pilot1"
"2C0000001087E453","DS1925",2026-05-05 15:53:38,20.5,"w","t","pilot1"
"2C0000001087E453","DS1925",2026-05-05 15:58:38,20,"w","t","pilot1"
"2C0000001087E453","DS1925",2026-05-05 16:03:38,20,"w","t","pilot1"
"2C0000001087E453","DS1925",2026-05-05 16:08:38,20,"w","t","pilot1"
"2C0000001087E453","DS1925",2026-05-05 16:13:38,19.5,"w","t","pilot1"
"2C0000001087E453","DS1925",2026-05-05 16:18:38,19.5,"w","t","pilot1"
"2C0000001087E453","DS1925",2026-05-05 16:23:38,19.5,"w","t","pilot1"
"2C0000001087E453","DS1925",2026-05-05 16:28:38,19.5,"w","t","pilot1"
"2C0000001087E453","DS1925",2026-05-05 16:33:38,19.5,"w","t","pilot1"
"2C0000001087E453","DS1925",2026-05-05 16:38:38,19.5,"w","t","pilot1"
"2C0000001087E453","DS1925",2026-05-05 16:43:38,19.5,"w","t","pilot1"
"2C0000001087E453","DS1925",2026-05-05 16:48:38,19.5,"w","t","pilot1"
"2C0000001087E453","DS1925",2026-05-05 16:53:38,19.5,"w","t","pilot1"
"2C0000001087E453","DS1925",2026-05-05 16:58:38,19,"w","t","pilot1"
"2C0000001087E453","DS1925",2026-05-05 17:03:38,19,"w","t","pilot1"
"2C0000001087E453","DS1925",2026-05-05 17:08:38,19,"w","t","pilot1"
"2C0000001087E453","DS1925",2026-05-05 17:13:38,19,"w","t","pilot1"
"2C0000001087E453","DS1925",2026-05-05 17:18:38,18.5,"w","t","pilot1"
"2C0000001087E453","DS1925",2026-05-05 17:23:38,18.5,"w","t","pilot1"
"2C0000001087E453","DS1925",2026-05-05 17:28:38,18.5,"w","t","pilot1"
"2C0000001087E453","DS1925",2026-05-05 17:33:38,18.5,"w","t","pilot1"
"2C0000001087E453","DS1925",2026-05-05 17:38:38,18,"w","t","pilot1"
"2C0000001087E453","DS1925",2026-05-05 17:43:38,18,"w","t","pilot1"
"2C0000001087E453","DS1925",2026-05-05 17:48:38,18,"w","t","pilot1"
"2C0000001087E453","DS1925",2026-05-05 17:53:38,17.5,"w","t","pilot1"
"2C0000001087E453","DS1925",2026-05-05 17:58:38,17.5,"w","t","pilot1"
"2C0000001087E453","DS1925",2026-05-05 18:03:38,17.5,"w","t","pilot1"
"2C0000001087E453","DS1925",2026-05-05 18:08:38,17,"w","t","pilot1"
"2C0000001087E453","DS1925",2026-05-05 18:13:38,17,"w","t","pilot1"
"2C0000001087E453","DS1925",2026-05-05 18:18:38,17,"w","t","pilot1"
"2C0000001087E453","DS1925",2026-05-05 18:23:38,16.5,"w","t","pilot1"
"2C0000001087E453","DS1925",2026-05-05 18:28:38,16.5,"w","t","pilot1"
"2C0000001087E453","DS1925",2026-05-05 18:33:38,16,"w","t","pilot1"
"2C0000001087E453","DS1925",2026-05-05 18:38:38,16,"w","t","pilot1"
"2C0000001087E453","DS1925",2026-05-05 18:43:38,15.5,"w","t","pilot1"
"2C0000001087E453","DS1925",2026-05-05 18:48:38,15.5,"w","t","pilot1"
"2C0000001087E453","DS1925",2026-05-05 18:53:38,15,"w","t","pilot1"
"2C0000001087E453","DS1925",2026-05-05 18:58:38,15,"w","t","pilot1"
"2C0000001087E453","DS1925",2026-05-05 19:03:38,14.5,"w","t","pilot1"
"2C0000001087E453","DS1925",2026-05-05 19:08:38,14.5,"w","t","pilot1"
"2C0000001087E453","DS1925",2026-05-05 19:13:38,14.5,"w","t","pilot1"
"2C0000001087E453","DS1925",2026-05-05 19:18:38,14.5,"w","t","pilot1"
"2C0000001087E453","DS1925",2026-05-05 19:23:38,14.5,"w","t","pilot1"
"2C0000001087E453","DS1925",2026-05-05 19:28:38,14.5,"w","t","pilot1"
"2C0000001087E453","DS1925",2026-05-05 19:33:38,14.5,"w","t","pilot1"
"2C0000001087E453","DS1925",2026-05-05 19:38:38,14,"w","t","pilot1"
"2C0000001087E453","DS1925",2026-05-05 19:43:38,14,"w","t","pilot1"
"2C0000001087E453","DS1925",2026-05-05 19:48:38,14,"w","t","pilot1"
"2C0000001087E453","DS1925",2026-05-05 19:53:38,14,"w","t","pilot1"
"2C0000001087E453","DS1925",2026-05-05 19:58:38,14,"w","t","pilot1"
"2C0000001087E453","DS1925",2026-05-05 20:03:38,14,"w","t","pilot1"
"2C0000001087E453","DS1925",2026-05-05 20:08:38,13.5,"w","t","pilot1"
"2C0000001087E453","DS1925",2026-05-05 20:13:38,13.5,"w","t","pilot1"
"2C0000001087E453","DS1925",2026-05-05 20:18:38,13.5,"w","t","pilot1"
"2C0000001087E453","DS1925",2026-05-05 20:23:38,13.5,"w","t","pilot1"
"2C0000001087E453","DS1925",2026-05-05 20:28:38,13.5,"w","t","pilot1"
"2C0000001087E453","DS1925",2026-05-05 20:33:38,13,"w","t","pilot1"
"2C0000001087E453","DS1925",2026-05-05 20:38:38,13,"w","t","pilot1"
"2C0000001087E453","DS1925",2026-05-05 20:43:38,13,"w","t","pilot1"
"2C0000001087E453","DS1925",2026-05-05 20:48:38,13,"w","t","pilot1"
"2C0000001087E453","DS1925",2026-05-05 20:53:38,13,"w","t","pilot1"
"2C0000001087E453","DS1925",2026-05-05 20:58:38,13,"w","t","pilot1"
"2C0000001087E453","DS1925",2026-05-05 21:03:38,13,"w","t","pilot1"
"2C0000001087E453","DS1925",2026-05-05 21:08:38,12.5,"w","t","pilot1"
"2C0000001087E453","DS1925",2026-05-05 21:13:38,12.5,"w","t","pilot1"
"2C0000001087E453","DS1925",2026-05-05 21:18:38,12.5,"w","t","pilot1"
"2C0000001087E453","DS1925",2026-05-05 21:23:38,12.5,"w","t","pilot1"
"2C0000001087E453","DS1925",2026-05-05 21:28:38,12.5,"w","t","pilot1"
"2C0000001087E453","DS1925",2026-05-05 21:33:38,12.5,"w","t","pilot1"
"2C0000001087E453","DS1925",2026-05-05 21:38:38,12.5,"w","t","pilot1"
"2C0000001087E453","DS1925",2026-05-05 21:43:38,12,"w","t","pilot1"
"2C0000001087E453","DS1925",2026-05-05 21:48:38,12,"w","t","pilot1"
"2C0000001087E453","DS1925",2026-05-05 21:53:38,12,"w","t","pilot1"
"2C0000001087E453","DS1925",2026-05-05 21:58:38,12,"w","t","pilot1"
"2C0000001087E453","DS1925",2026-05-05 22:03:38,12,"w","t","pilot1"
"2C0000001087E453","DS1925",2026-05-05 22:08:38,12,"w","t","pilot1"
"2C0000001087E453","DS1925",2026-05-05 22:13:38,12,"w","t","pilot1"
"2C0000001087E453","DS1925",2026-05-05 22:18:38,11.5,"w","t","pilot1"
"2C0000001087E453","DS1925",2026-05-05 22:23:38,11.5,"w","t","pilot1"
"2C0000001087E453","DS1925",2026-05-05 22:28:38,11.5,"w","t","pilot1"
"2C0000001087E453","DS1925",2026-05-05 22:33:38,11.5,"w","t","pilot1"
"2C0000001087E453","DS1925",2026-05-05 22:38:38,11.5,"w","t","pilot1"
"2C0000001087E453","DS1925",2026-05-05 22:43:38,11.5,"w","t","pilot1"
"2C0000001087E453","DS1925",2026-05-05 22:48:38,11.5,"w","t","pilot1"
"2C0000001087E453","DS1925",2026-05-05 22:53:38,11.5,"w","t","pilot1"
"2C0000001087E453","DS1925",2026-05-05 22:58:38,11.5,"w","t","pilot1"
"2C0000001087E453","DS1925",2026-05-05 23:03:38,11.5,"w","t","pilot1"
"2C0000001087E453","DS1925",2026-05-05 23:08:38,11.5,"w","t","pilot1"
"2C0000001087E453","DS1925",2026-05-05 23:13:38,11.5,"w","t","pilot1"
"2C0000001087E453","DS1925",2026-05-05 23:18:38,11.5,"w","t","pilot1"
"2C0000001087E453","DS1925",2026-05-05 23:23:38,11,"w","t","pilot1"
"2C0000001087E453","DS1925",2026-05-05 23:28:38,11,"w","t","pilot1"
"2C0000001087E453","DS1925",2026-05-05 23:33:38,11,"w","t","pilot1"
"2C0000001087E453","DS1925",2026-05-05 23:38:38,11,"w","t","pilot1"
"2C0000001087E453","DS1925",2026-05-05 23:43:38,11,"w","t","pilot1"
"2C0000001087E453","DS1925",2026-05-05 23:48:38,11,"w","t","pilot1"
"2C0000001087E453","DS1925",2026-05-05 23:53:38,11,"w","t","pilot1"
"2C0000001087E453","DS1925",2026-05-05 23:58:38,11,"w","t","pilot1"
"2C0000001087E453","DS1925",2026-05-06 00:03:38,11,"w","t","pilot1"
"2C0000001087E453","DS1925",2026-05-06 00:08:38,11,"w","t","pilot1"
"2C0000001087E453","DS1925",2026-05-06 00:13:38,11,"w","t","pilot1"
"2C0000001087E453","DS1925",2026-05-06 00:18:38,11,"w","t","pilot1"
"2C0000001087E453","DS1925",2026-05-06 00:23:38,10.5,"w","t","pilot1"
"2C0000001087E453","DS1925",2026-05-06 00:28:38,10.5,"w","t","pilot1"
"2C0000001087E453","DS1925",2026-05-06 00:33:38,10.5,"w","t","pilot1"
"2C0000001087E453","DS1925",2026-05-06 00:38:38,10.5,"w","t","pilot1"
"2C0000001087E453","DS1925",2026-05-06 00:43:38,10.5,"w","t","pilot1"
"2C0000001087E453","DS1925",2026-05-06 00:48:38,10.5,"w","t","pilot1"
"2C0000001087E453","DS1925",2026-05-06 00:53:38,10.5,"w","t","pilot1"
"2C0000001087E453","DS1925",2026-05-06 00:58:38,10.5,"w","t","pilot1"
"2C0000001087E453","DS1925",2026-05-06 01:03:38,10.5,"w","t","pilot1"
"2C0000001087E453","DS1925",2026-05-06 01:08:38,10.5,"w","t","pilot1"
"2C0000001087E453","DS1925",2026-05-06 01:13:38,10.5,"w","t","pilot1"
"2C0000001087E453","DS1925",2026-05-06 01:18:38,10.5,"w","t","pilot1"
"2C0000001087E453","DS1925",2026-05-06 01:23:38,10,"w","t","pilot1"
"2C0000001087E453","DS1925",2026-05-06 01:28:38,10,"w","t","pilot1"
"2C0000001087E453","DS1925",2026-05-06 01:33:38,10,"w","t","pilot1"
"2C0000001087E453","DS1925",2026-05-06 01:38:38,10,"w","t","pilot1"
"2C0000001087E453","DS1925",2026-05-06 01:43:38,10,"w","t","pilot1"
"2C0000001087E453","DS1925",2026-05-06 01:48:38,10,"w","t","pilot1"
"2C0000001087E453","DS1925",2026-05-06 01:53:38,10,"w","t","pilot1"
"2C0000001087E453","DS1925",2026-05-06 01:58:38,10,"w","t","pilot1"
"2C0000001087E453","DS1925",2026-05-06 02:03:38,10,"w","t","pilot1"
"2C0000001087E453","DS1925",2026-05-06 02:08:38,10,"w","t","pilot1"
"2C0000001087E453","DS1925",2026-05-06 02:13:38,10,"w","t","pilot1"
"2C0000001087E453","DS1925",2026-05-06 02:18:38,9.5,"w","t","pilot1"
"2C0000001087E453","DS1925",2026-05-06 02:23:38,9.5,"w","t","pilot1"
"2C0000001087E453","DS1925",2026-05-06 02:28:38,9.5,"w","t","pilot1"
"2C0000001087E453","DS1925",2026-05-06 02:33:38,9.5,"w","t","pilot1"
"2C0000001087E453","DS1925",2026-05-06 02:38:38,9.5,"w","t","pilot1"
"2C0000001087E453","DS1925",2026-05-06 02:43:38,9.5,"w","t","pilot1"
"2C0000001087E453","DS1925",2026-05-06 02:48:38,9.5,"w","t","pilot1"
"2C0000001087E453","DS1925",2026-05-06 02:53:38,9.5,"w","t","pilot1"
"2C0000001087E453","DS1925",2026-05-06 02:58:38,9.5,"w","t","pilot1"
"2C0000001087E453","DS1925",2026-05-06 03:03:38,9.5,"w","t","pilot1"
"2C0000001087E453","DS1925",2026-05-06 03:08:38,9.5,"w","t","pilot1"
"2C0000001087E453","DS1925",2026-05-06 03:13:38,9.5,"w","t","pilot1"
"2C0000001087E453","DS1925",2026-05-06 03:18:38,9.5,"w","t","pilot1"
"2C0000001087E453","DS1925",2026-05-06 03:23:38,9.5,"w","t","pilot1"
"2C0000001087E453","DS1925",2026-05-06 03:28:38,9.5,"w","t","pilot1"
"2C0000001087E453","DS1925",2026-05-06 03:33:38,9.5,"w","t","pilot1"
"2C0000001087E453","DS1925",2026-05-06 03:38:38,9,"w","t","pilot1"
"2C0000001087E453","DS1925",2026-05-06 03:43:38,9,"w","t","pilot1"
"2C0000001087E453","DS1925",2026-05-06 03:48:38,9,"w","t","pilot1"
"2C0000001087E453","DS1925",2026-05-06 03:53:38,9,"w","t","pilot1"
"2C0000001087E453","DS1925",2026-05-06 03:58:38,9,"w","t","pilot1"
"2C0000001087E453","DS1925",2026-05-06 04:03:38,9,"w","t","pilot1"
"2C0000001087E453","DS1925",2026-05-06 04:08:38,9,"w","t","pilot1"
"2C0000001087E453","DS1925",2026-05-06 04:13:38,9,"w","t","pilot1"
"2C0000001087E453","DS1925",2026-05-06 04:18:38,9,"w","t","pilot1"
"2C0000001087E453","DS1925",2026-05-06 04:23:38,9,"w","t","pilot1"
"2C0000001087E453","DS1925",2026-05-06 04:28:38,9,"w","t","pilot1"
"2C0000001087E453","DS1925",2026-05-06 04:33:38,9,"w","t","pilot1"
"2C0000001087E453","DS1925",2026-05-06 04:38:38,9,"w","t","pilot1"
"2C0000001087E453","DS1925",2026-05-06 04:43:38,9,"w","t","pilot1"
"2C0000001087E453","DS1925",2026-05-06 04:48:38,9,"w","t","pilot1"
"2C0000001087E453","DS1925",2026-05-06 04:53:38,9,"w","t","pilot1"
"2C0000001087E453","DS1925",2026-05-06 04:58:38,9,"w","t","pilot1"
"2C0000001087E453","DS1925",2026-05-06 05:03:38,9,"w","t","pilot1"
"2C0000001087E453","DS1925",2026-05-06 05:08:38,9,"w","t","pilot1"
"2C0000001087E453","DS1925",2026-05-06 05:13:38,9,"w","t","pilot1"
"2C0000001087E453","DS1925",2026-05-06 05:18:38,9,"w","t","pilot1"
"2C0000001087E453","DS1925",2026-05-06 05:23:38,9,"w","t","pilot1"
"2C0000001087E453","DS1925",2026-05-06 05:28:38,9,"w","t","pilot1"
"2C0000001087E453","DS1925",2026-05-06 05:33:38,8.5,"w","t","pilot1"
"2C0000001087E453","DS1925",2026-05-06 05:38:38,8.5,"w","t","pilot1"
"2C0000001087E453","DS1925",2026-05-06 05:43:38,8.5,"w","t","pilot1"
"2C0000001087E453","DS1925",2026-05-06 05:48:38,8.5,"w","t","pilot1"
"2C0000001087E453","DS1925",2026-05-06 05:53:38,8.5,"w","t","pilot1"
"2C0000001087E453","DS1925",2026-05-06 05:58:38,8.5,"w","t","pilot1"
"2C0000001087E453","DS1925",2026-05-06 06:03:38,8.5,"w","t","pilot1"
"2C0000001087E453","DS1925",2026-05-06 06:08:38,8.5,"w","t","pilot1"
"2C0000001087E453","DS1925",2026-05-06 06:13:38,8.5,"w","t","pilot1"
"2C0000001087E453","DS1925",2026-05-06 06:18:38,8.5,"w","t","pilot1"
"2C0000001087E453","DS1925",2026-05-06 06:23:38,8.5,"w","t","pilot1"
"2C0000001087E453","DS1925",2026-05-06 06:28:38,8.5,"w","t","pilot1"
"2C0000001087E453","DS1925",2026-05-06 06:33:38,8.5,"w","t","pilot1"
"2C0000001087E453","DS1925",2026-05-06 06:38:38,8.5,"w","t","pilot1"
"2C0000001087E453","DS1925",2026-05-06 06:43:38,8.5,"w","t","pilot1"
"2C0000001087E453","DS1925",2026-05-06 06:48:38,8.5,"w","t","pilot1"
"2C0000001087E453","DS1925",2026-05-06 06:53:38,8.5,"w","t","pilot1"
"2C0000001087E453","DS1925",2026-05-06 06:58:38,8.5,"w","t","pilot1"
"2C0000001087E453","DS1925",2026-05-06 07:03:38,8.5,"w","t","pilot1"
"2C0000001087E453","DS1925",2026-05-06 07:08:38,8.5,"w","t","pilot1"
"2C0000001087E453","DS1925",2026-05-06 07:13:38,8.5,"w","t","pilot1"
"2C0000001087E453","DS1925",2026-05-06 07:18:38,8.5,"w","t","pilot1"
"2C0000001087E453","DS1925",2026-05-06 07:23:38,8.5,"w","t","pilot1"
"2C0000001087E453","DS1925",2026-05-06 07:28:38,8.5,"w","t","pilot1"
"2C0000001087E453","DS1925",2026-05-06 07:33:38,8.5,"w","t","pilot1"
"2C0000001087E453","DS1925",2026-05-06 07:38:38,8.5,"w","t","pilot1"
"2C0000001087E453","DS1925",2026-05-06 07:43:38,8.5,"w","t","pilot1"
"2C0000001087E453","DS1925",2026-05-06 07:48:38,8.5,"w","t","pilot1"
"2C0000001087E453","DS1925",2026-05-06 07:53:38,9,"w","t","pilot1"
"2C0000001087E453","DS1925",2026-05-06 07:58:38,9,"w","t","pilot1"
"2C0000001087E453","DS1925",2026-05-06 08:03:38,9,"w","t","pilot1"
"2C0000001087E453","DS1925",2026-05-06 08:08:38,9,"w","t","pilot1"
"2C0000001087E453","DS1925",2026-05-06 08:13:38,9,"w","t","pilot1"
"2C0000001087E453","DS1925",2026-05-06 08:18:38,9,"w","t","pilot1"
"2C0000001087E453","DS1925",2026-05-06 08:23:38,9,"w","t","pilot1"
"2C0000001087E453","DS1925",2026-05-06 08:28:38,9,"w","t","pilot1"
"2C0000001087E453","DS1925",2026-05-06 08:33:38,9,"w","t","pilot1"
"2C0000001087E453","DS1925",2026-05-06 08:38:38,9,"w","t","pilot1"
"2C0000001087E453","DS1925",2026-05-06 08:43:38,9,"w","t","pilot1"
"2C0000001087E453","DS1925",2026-05-06 08:48:38,9,"w","t","pilot1"
"2C0000001087E453","DS1925",2026-05-06 08:53:38,9,"w","t","pilot1"
"2C0000001087E453","DS1925",2026-05-06 08:58:38,9,"w","t","pilot1"
"2C0000001087E453","DS1925",2026-05-06 09:03:38,9,"w","t","pilot1"
"2C0000001087E453","DS1925",2026-05-06 09:08:38,9,"w","t","pilot1"
"2C0000001087E453","DS1925",2026-05-06 09:13:38,9,"w","t","pilot1"
"2C0000001087E453","DS1925",2026-05-06 09:18:38,9,"w","t","pilot1"
"2C0000001087E453","DS1925",2026-05-06 09:23:38,9,"w","t","pilot1"
"2C0000001087E453","DS1925",2026-05-06 09:28:38,9,"w","t","pilot1"
"2C0000001087E453","DS1925",2026-05-06 09:33:38,9.5,"w","t","pilot1"
"2C0000001087E453","DS1925",2026-05-06 09:38:38,9.5,"w","t","pilot1"
"2C0000001087E453","DS1925",2026-05-06 09:43:38,9.5,"w","t","pilot1"
"2C0000001087E453","DS1925",2026-05-06 09:48:38,9.5,"w","t","pilot1"
"2C0000001087E453","DS1925",2026-05-06 09:53:38,9.5,"w","t","pilot1"
"2C0000001087E453","DS1925",2026-05-06 09:58:38,9.5,"w","t","pilot1"
"2C0000001087E453","DS1925",2026-05-06 10:03:38,9.5,"w","t","pilot1"
"2C0000001087E453","DS1925",2026-05-06 10:08:38,9.5,"w","t","pilot1"
"2C0000001087E453","DS1925",2026-05-06 10:13:38,9.5,"w","t","pilot1"
"2C0000001087E453","DS1925",2026-05-06 10:18:38,9.5,"w","t","pilot1"
"2C0000001087E453","DS1925",2026-05-06 10:23:38,9.5,"w","t","pilot1"
"2C0000001087E453","DS1925",2026-05-06 10:28:38,9.5,"w","t","pilot1"
"2C0000001087E453","DS1925",2026-05-06 10:33:38,9.5,"w","t","pilot1"
"2C0000001087E453","DS1925",2026-05-06 10:38:38,10,"w","t","pilot1"
"2C0000001087E453","DS1925",2026-05-06 10:43:38,10,"w","t","pilot1"
"2C0000001087E453","DS1925",2026-05-06 10:48:38,10,"w","t","pilot1"
"2C0000001087E453","DS1925",2026-05-06 10:53:38,10,"w","t","pilot1"
"2C0000001087E453","DS1925",2026-05-06 10:58:38,10,"w","t","pilot1"
"2C0000001087E453","DS1925",2026-05-06 11:03:38,10,"w","t","pilot1"
"2C0000001087E453","DS1925",2026-05-06 11:08:38,10,"w","t","pilot1"
"2C0000001087E453","DS1925",2026-05-06 11:13:38,10,"w","t","pilot1"
"2C0000001087E453","DS1925",2026-05-06 11:18:38,10.5,"w","t","pilot1"
"2C0000001087E453","DS1925",2026-05-06 11:23:38,10.5,"w","t","pilot1"
"2C0000001087E453","DS1925",2026-05-06 11:28:38,10.5,"w","t","pilot1"
"2C0000001087E453","DS1925",2026-05-06 11:33:38,10.5,"w","t","pilot1"
"2C0000001087E453","DS1925",2026-05-06 11:38:38,11,"w","t","pilot1"
"2C0000001087E453","DS1925",2026-05-06 11:43:38,11,"w","t","pilot1"
"2C0000001087E453","DS1925",2026-05-06 11:48:38,11,"w","t","pilot1"
"2C0000001087E453","DS1925",2026-05-06 11:53:38,11,"w","t","pilot1"
"2C0000001087E453","DS1925",2026-05-06 11:58:38,11,"w","t","pilot1"
"2C0000001087E453","DS1925",2026-05-06 12:03:38,11,"w","t","pilot1"
"2C0000001087E453","DS1925",2026-05-06 12:08:38,11.5,"w","t","pilot1"
"2C0000001087E453","DS1925",2026-05-06 12:13:38,11.5,"w","t","pilot1"
"2C0000001087E453","DS1925",2026-05-06 12:18:38,11.5,"w","t","pilot1"
"2C0000001087E453","DS1925",2026-05-06 12:23:38,11.5,"w","t","pilot1"
"2C0000001087E453","DS1925",2026-05-06 12:28:38,11.5,"w","t","pilot1"
"2C0000001087E453","DS1925",2026-05-06 12:33:38,11.5,"w","t","pilot1"
"2C0000001087E453","DS1925",2026-05-06 12:38:38,11.5,"w","t","pilot1"
"2C0000001087E453","DS1925",2026-05-06 12:43:38,11.5,"w","t","pilot1"
"2C0000001087E453","DS1925",2026-05-06 12:48:38,11.5,"w","t","pilot1"
"2C0000001087E453","DS1925",2026-05-06 12:53:38,11.5,"w","t","pilot1"
"2C0000001087E453","DS1925",2026-05-06 12:58:38,11.5,"w","t","pilot1"
"2C0000001087E453","DS1925",2026-05-06 13:03:38,11.5,"w","t","pilot1"
"2C0000001087E453","DS1925",2026-05-06 13:08:38,11.5,"w","t","pilot1"
"2C0000001087E453","DS1925",2026-05-06 13:13:38,11.5,"w","t","pilot1"
"2C0000001087E453","DS1925",2026-05-06 13:18:38,11.5,"w","t","pilot1"
"2C0000001087E453","DS1925",2026-05-06 13:23:38,11.5,"w","t","pilot1"
"2C0000001087E453","DS1925",2026-05-06 13:28:38,11.5,"w","t","pilot1"
"2C0000001087E453","DS1925",2026-05-06 13:33:38,11.5,"w","t","pilot1"
"2C0000001087E453","DS1925",2026-05-06 13:38:38,11.5,"w","t","pilot1"
"2C0000001087E453","DS1925",2026-05-06 13:43:38,11.5,"w","t","pilot1"
"2C0000001087E453","DS1925",2026-05-06 13:48:38,12,"w","t","pilot1"
"2C0000001087E453","DS1925",2026-05-06 13:53:38,12,"w","t","pilot1"
"2C0000001087E453","DS1925",2026-05-06 13:58:38,12.5,"w","t","pilot1"
"2C0000001087E453","DS1925",2026-05-06 14:03:38,12.5,"w","t","pilot1"
"2C0000001087E453","DS1925",2026-05-06 14:08:38,13,"w","t","pilot1"
"2C0000001087E453","DS1925",2026-05-06 14:13:38,13,"w","t","pilot1"
"2C0000001087E453","DS1925",2026-05-06 14:18:38,13,"w","t","pilot1"
"2C0000001087E453","DS1925",2026-05-06 14:23:38,13,"w","t","pilot1"
"2C0000001087E453","DS1925",2026-05-06 14:28:38,13.5,"w","t","pilot1"
"2C0000001087E453","DS1925",2026-05-06 14:33:38,13.5,"w","t","pilot1"
"2C0000001087E453","DS1925",2026-05-06 14:38:38,13.5,"w","t","pilot1"
"2C0000001087E453","DS1925",2026-05-06 14:43:38,13.5,"w","t","pilot1"
"2C0000001087E453","DS1925",2026-05-06 14:48:38,13.5,"w","t","pilot1"
"2C0000001087E453","DS1925",2026-05-06 14:53:38,14,"w","t","pilot1"
"2C0000001087E453","DS1925",2026-05-06 14:58:38,14,"w","t","pilot1"
"2C0000001087E453","DS1925",2026-05-06 15:03:38,14,"w","t","pilot1"
"2C0000001087E453","DS1925",2026-05-06 15:08:38,14,"w","t","pilot1"
"2C0000001087E453","DS1925",2026-05-06 15:13:38,14.5,"w","t","pilot1"
"2C0000001087E453","DS1925",2026-05-06 15:18:38,14.5,"w","t","pilot1"
"2C0000001087E453","DS1925",2026-05-06 15:23:38,14.5,"w","t","pilot1"
"2C0000001087E453","DS1925",2026-05-06 15:28:38,14.5,"w","t","pilot1"
"2C0000001087E453","DS1925",2026-05-06 15:33:38,15,"w","t","pilot1"
"2C0000001087E453","DS1925",2026-05-06 15:38:38,15,"w","t","pilot1"
"2C0000001087E453","DS1925",2026-05-06 15:43:38,15.5,"w","t","pilot1"
"2C0000001087E453","DS1925",2026-05-06 15:48:38,15.5,"w","t","pilot1"
"2C0000001087E453","DS1925",2026-05-06 15:53:38,15.5,"w","t","pilot1"
"2C0000001087E453","DS1925",2026-05-06 15:58:38,15.5,"w","t","pilot1"
"2C0000001087E453","DS1925",2026-05-06 16:03:38,15.5,"w","t","pilot1"
"2C0000001087E453","DS1925",2026-05-06 16:08:38,15.5,"w","t","pilot1"
"2C0000001087E453","DS1925",2026-05-06 16:13:38,16,"w","t","pilot1"
"2C0000001087E453","DS1925",2026-05-06 16:18:38,16,"w","t","pilot1"
"2C0000001087E453","DS1925",2026-05-06 16:23:38,16,"w","t","pilot1"
"2C0000001087E453","DS1925",2026-05-06 16:28:38,16,"w","t","pilot1"
"2C0000001087E453","DS1925",2026-05-06 16:33:38,16,"w","t","pilot1"
"2C0000001087E453","DS1925",2026-05-06 16:38:38,16,"w","t","pilot1"
"2C0000001087E453","DS1925",2026-05-06 16:43:38,16,"w","t","pilot1"
"2C0000001087E453","DS1925",2026-05-06 16:48:38,15.5,"w","t","pilot1"
"2C0000001087E453","DS1925",2026-05-06 16:53:38,15.5,"w","t","pilot1"
"2C0000001087E453","DS1925",2026-05-06 16:58:38,15.5,"w","t","pilot1"
"2C0000001087E453","DS1925",2026-05-06 17:03:38,15.5,"w","t","pilot1"
"2C0000001087E453","DS1925",2026-05-06 17:08:38,15,"w","t","pilot1"
"2C0000001087E453","DS1925",2026-05-06 17:13:38,15,"w","t","pilot1"
"2C0000001087E453","DS1925",2026-05-06 17:18:38,15,"w","t","pilot1"
"2C0000001087E453","DS1925",2026-05-06 17:23:38,15,"w","t","pilot1"
"2C0000001087E453","DS1925",2026-05-06 17:28:38,14.5,"w","t","pilot1"
"2C0000001087E453","DS1925",2026-05-06 17:33:38,14.5,"w","t","pilot1"
"2C0000001087E453","DS1925",2026-05-06 17:38:38,14.5,"w","t","pilot1"
"2C0000001087E453","DS1925",2026-05-06 17:43:38,14.5,"w","t","pilot1"
"2C0000001087E453","DS1925",2026-05-06 17:48:38,14.5,"w","t","pilot1"
"2C0000001087E453","DS1925",2026-05-06 17:53:38,14,"w","t","pilot1"
"2C0000001087E453","DS1925",2026-05-06 17:58:38,14,"w","t","pilot1"
"2C0000001087E453","DS1925",2026-05-06 18:03:38,14,"w","t","pilot1"
"2C0000001087E453","DS1925",2026-05-06 18:08:38,14,"w","t","pilot1"
"2C0000001087E453","DS1925",2026-05-06 18:13:38,13.5,"w","t","pilot1"
"2C0000001087E453","DS1925",2026-05-06 18:18:38,13.5,"w","t","pilot1"
"2C0000001087E453","DS1925",2026-05-06 18:23:38,13.5,"w","t","pilot1"
"2C0000001087E453","DS1925",2026-05-06 18:28:38,13.5,"w","t","pilot1"
"2C0000001087E453","DS1925",2026-05-06 18:33:38,13,"w","t","pilot1"
"2C0000001087E453","DS1925",2026-05-06 18:38:38,13,"w","t","pilot1"
"2C0000001087E453","DS1925",2026-05-06 18:43:38,13,"w","t","pilot1"
"2C0000001087E453","DS1925",2026-05-06 18:48:38,13,"w","t","pilot1"
"2C0000001087E453","DS1925",2026-05-06 18:53:38,13,"w","t","pilot1"
"2C0000001087E453","DS1925",2026-05-06 18:58:38,13,"w","t","pilot1"
"2C0000001087E453","DS1925",2026-05-06 19:03:38,13,"w","t","pilot1"
"2C0000001087E453","DS1925",2026-05-06 19:08:38,13,"w","t","pilot1"
"2C0000001087E453","DS1925",2026-05-06 19:13:38,12.5,"w","t","pilot1"
"2C0000001087E453","DS1925",2026-05-06 19:18:38,12.5,"w","t","pilot1"
"2C0000001087E453","DS1925",2026-05-06 19:23:38,12.5,"w","t","pilot1"
"2C0000001087E453","DS1925",2026-05-06 19:28:38,12.5,"w","t","pilot1"
"2C0000001087E453","DS1925",2026-05-06 19:33:38,12.5,"w","t","pilot1"
"2C0000001087E453","DS1925",2026-05-06 19:38:38,12,"w","t","pilot1"
"2C0000001087E453","DS1925",2026-05-06 19:43:38,12,"w","t","pilot1"
"2C0000001087E453","DS1925",2026-05-06 19:48:38,12,"w","t","pilot1"
"2C0000001087E453","DS1925",2026-05-06 19:53:38,12,"w","t","pilot1"
"2C0000001087E453","DS1925",2026-05-06 19:58:38,11.5,"w","t","pilot1"
"2C0000001087E453","DS1925",2026-05-06 20:03:38,11.5,"w","t","pilot1"
"2C0000001087E453","DS1925",2026-05-06 20:08:38,11.5,"w","t","pilot1"
"2C0000001087E453","DS1925",2026-05-06 20:13:38,11.5,"w","t","pilot1"
"2C0000001087E453","DS1925",2026-05-06 20:18:38,11.5,"w","t","pilot1"
"2C0000001087E453","DS1925",2026-05-06 20:23:38,11.5,"w","t","pilot1"
"2C0000001087E453","DS1925",2026-05-06 20:28:38,11,"w","t","pilot1"
"2C0000001087E453","DS1925",2026-05-06 20:33:38,11,"w","t","pilot1"
"2C0000001087E453","DS1925",2026-05-06 20:38:38,11,"w","t","pilot1"
"2C0000001087E453","DS1925",2026-05-06 20:43:38,11,"w","t","pilot1"
"2C0000001087E453","DS1925",2026-05-06 20:48:38,11,"w","t","pilot1"
"2C0000001087E453","DS1925",2026-05-06 20:53:38,11,"w","t","pilot1"
"2C0000001087E453","DS1925",2026-05-06 20:58:38,11,"w","t","pilot1"
"2C0000001087E453","DS1925",2026-05-06 21:03:38,11,"w","t","pilot1"
"2C0000001087E453","DS1925",2026-05-06 21:08:38,10.5,"w","t","pilot1"
"2C0000001087E453","DS1925",2026-05-06 21:13:38,10.5,"w","t","pilot1"
"2C0000001087E453","DS1925",2026-05-06 21:18:38,10.5,"w","t","pilot1"
"2C0000001087E453","DS1925",2026-05-06 21:23:38,10.5,"w","t","pilot1"
"2C0000001087E453","DS1925",2026-05-06 21:28:38,10.5,"w","t","pilot1"
"2C0000001087E453","DS1925",2026-05-06 21:33:38,10.5,"w","t","pilot1"
"2C0000001087E453","DS1925",2026-05-06 21:38:38,10.5,"w","t","pilot1"
"2C0000001087E453","DS1925",2026-05-06 21:43:38,10.5,"w","t","pilot1"
"2C0000001087E453","DS1925",2026-05-06 21:48:38,10.5,"w","t","pilot1"
"2C0000001087E453","DS1925",2026-05-06 21:53:38,10.5,"w","t","pilot1"
"2C0000001087E453","DS1925",2026-05-06 21:58:38,10.5,"w","t","pilot1"
"2C0000001087E453","DS1925",2026-05-06 22:03:38,10,"w","t","pilot1"
"2C0000001087E453","DS1925",2026-05-06 22:08:38,10,"w","t","pilot1"
"2C0000001087E453","DS1925",2026-05-06 22:13:38,10,"w","t","pilot1"
"2C0000001087E453","DS1925",2026-05-06 22:18:38,10,"w","t","pilot1"
"2C0000001087E453","DS1925",2026-05-06 22:23:38,10,"w","t","pilot1"
"2C0000001087E453","DS1925",2026-05-06 22:28:38,10,"w","t","pilot1"
"2C0000001087E453","DS1925",2026-05-06 22:33:38,10,"w","t","pilot1"
"2C0000001087E453","DS1925",2026-05-06 22:38:38,10,"w","t","pilot1"
"2C0000001087E453","DS1925",2026-05-06 22:43:38,10,"w","t","pilot1"
"2C0000001087E453","DS1925",2026-05-06 22:48:38,10,"w","t","pilot1"
"2C0000001087E453","DS1925",2026-05-06 22:53:38,10,"w","t","pilot1"
"2C0000001087E453","DS1925",2026-05-06 22:58:38,10,"w","t","pilot1"
"2C0000001087E453","DS1925",2026-05-06 23:03:38,10,"w","t","pilot1"
"2C0000001087E453","DS1925",2026-05-06 23:08:38,10,"w","t","pilot1"
"2C0000001087E453","DS1925",2026-05-06 23:13:38,10,"w","t","pilot1"
"2C0000001087E453","DS1925",2026-05-06 23:18:38,10,"w","t","pilot1"
"2C0000001087E453","DS1925",2026-05-06 23:23:38,9.5,"w","t","pilot1"
"2C0000001087E453","DS1925",2026-05-06 23:28:38,9.5,"w","t","pilot1"
"2C0000001087E453","DS1925",2026-05-06 23:33:38,9.5,"w","t","pilot1"
"2C0000001087E453","DS1925",2026-05-06 23:38:38,9.5,"w","t","pilot1"
"2C0000001087E453","DS1925",2026-05-06 23:43:38,9.5,"w","t","pilot1"
"2C0000001087E453","DS1925",2026-05-06 23:48:38,9.5,"w","t","pilot1"
"2C0000001087E453","DS1925",2026-05-06 23:53:38,9.5,"w","t","pilot1"
"2C0000001087E453","DS1925",2026-05-06 23:58:38,9,"w","t","pilot1"
"2C0000001087E453","DS1925",2026-05-07 00:03:38,9.5,"w","t","pilot1"
"2C0000001087E453","DS1925",2026-05-07 00:08:38,9,"w","t","pilot1"
"2C0000001087E453","DS1925",2026-05-07 00:13:38,9,"w","t","pilot1"
"2C0000001087E453","DS1925",2026-05-07 00:18:38,9,"w","t","pilot1"
"2C0000001087E453","DS1925",2026-05-07 00:23:38,9,"w","t","pilot1"
"2C0000001087E453","DS1925",2026-05-07 00:28:38,9,"w","t","pilot1"
"2C0000001087E453","DS1925",2026-05-07 00:33:38,9,"w","t","pilot1"
"2C0000001087E453","DS1925",2026-05-07 00:38:38,9,"w","t","pilot1"
"2C0000001087E453","DS1925",2026-05-07 00:43:38,9,"w","t","pilot1"
"2C0000001087E453","DS1925",2026-05-07 00:48:38,9,"w","t","pilot1"
"2C0000001087E453","DS1925",2026-05-07 00:53:38,9,"w","t","pilot1"
"2C0000001087E453","DS1925",2026-05-07 00:58:38,9,"w","t","pilot1"
"2C0000001087E453","DS1925",2026-05-07 01:03:38,9,"w","t","pilot1"
"2C0000001087E453","DS1925",2026-05-07 01:08:38,9,"w","t","pilot1"
"2C0000001087E453","DS1925",2026-05-07 01:13:38,9,"w","t","pilot1"
"2C0000001087E453","DS1925",2026-05-07 01:18:38,8.5,"w","t","pilot1"
"2C0000001087E453","DS1925",2026-05-07 01:23:38,8.5,"w","t","pilot1"
"2C0000001087E453","DS1925",2026-05-07 01:28:38,8.5,"w","t","pilot1"
"2C0000001087E453","DS1925",2026-05-07 01:33:38,8.5,"w","t","pilot1"
"2C0000001087E453","DS1925",2026-05-07 01:38:38,8.5,"w","t","pilot1"
"2C0000001087E453","DS1925",2026-05-07 01:43:38,8.5,"w","t","pilot1"
"2C0000001087E453","DS1925",2026-05-07 01:48:38,8.5,"w","t","pilot1"
"2C0000001087E453","DS1925",2026-05-07 01:53:38,8,"w","t","pilot1"
"2C0000001087E453","DS1925",2026-05-07 01:58:38,8,"w","t","pilot1"
"2C0000001087E453","DS1925",2026-05-07 02:03:38,8,"w","t","pilot1"
"2C0000001087E453","DS1925",2026-05-07 02:08:38,8,"w","t","pilot1"
"2C0000001087E453","DS1925",2026-05-07 02:13:38,8,"w","t","pilot1"
"2C0000001087E453","DS1925",2026-05-07 02:18:38,8,"w","t","pilot1"
"2C0000001087E453","DS1925",2026-05-07 02:23:38,8,"w","t","pilot1"
"2C0000001087E453","DS1925",2026-05-07 02:28:38,7.5,"w","t","pilot1"
"2C0000001087E453","DS1925",2026-05-07 02:33:38,7.5,"w","t","pilot1"
"2C0000001087E453","DS1925",2026-05-07 02:38:38,7.5,"w","t","pilot1"
"2C0000001087E453","DS1925",2026-05-07 02:43:38,7.5,"w","t","pilot1"
"2C0000001087E453","DS1925",2026-05-07 02:48:38,7.5,"w","t","pilot1"
"2C0000001087E453","DS1925",2026-05-07 02:53:38,7.5,"w","t","pilot1"
"2C0000001087E453","DS1925",2026-05-07 02:58:38,7,"w","t","pilot1"
"2C0000001087E453","DS1925",2026-05-07 03:03:38,7,"w","t","pilot1"
"2C0000001087E453","DS1925",2026-05-07 03:08:38,7,"w","t","pilot1"
"2C0000001087E453","DS1925",2026-05-07 03:13:38,7,"w","t","pilot1"
"2C0000001087E453","DS1925",2026-05-07 03:18:38,7,"w","t","pilot1"
"2C0000001087E453","DS1925",2026-05-07 03:23:38,7,"w","t","pilot1"
"2C0000001087E453","DS1925",2026-05-07 03:28:38,7,"w","t","pilot1"
"2C0000001087E453","DS1925",2026-05-07 03:33:38,6.5,"w","t","pilot1"
"2C0000001087E453","DS1925",2026-05-07 03:38:38,6.5,"w","t","pilot1"
"2C0000001087E453","DS1925",2026-05-07 03:43:38,6.5,"w","t","pilot1"
"2C0000001087E453","DS1925",2026-05-07 03:48:38,6.5,"w","t","pilot1"
"2C0000001087E453","DS1925",2026-05-07 03:53:38,6.5,"w","t","pilot1"
"2C0000001087E453","DS1925",2026-05-07 03:58:38,6.5,"w","t","pilot1"
"2C0000001087E453","DS1925",2026-05-07 04:03:38,6.5,"w","t","pilot1"
"2C0000001087E453","DS1925",2026-05-07 04:08:38,6.5,"w","t","pilot1"
"2C0000001087E453","DS1925",2026-05-07 04:13:38,6.5,"w","t","pilot1"
"2C0000001087E453","DS1925",2026-05-07 04:18:38,6.5,"w","t","pilot1"
"2C0000001087E453","DS1925",2026-05-07 04:23:38,6,"w","t","pilot1"
"2C0000001087E453","DS1925",2026-05-07 04:28:38,6,"w","t","pilot1"
"2C0000001087E453","DS1925",2026-05-07 04:33:38,6,"w","t","pilot1"
"2C0000001087E453","DS1925",2026-05-07 04:38:38,6,"w","t","pilot1"
"2C0000001087E453","DS1925",2026-05-07 04:43:38,6,"w","t","pilot1"
"2C0000001087E453","DS1925",2026-05-07 04:48:38,6,"w","t","pilot1"
"2C0000001087E453","DS1925",2026-05-07 04:53:38,6,"w","t","pilot1"
"2C0000001087E453","DS1925",2026-05-07 04:58:38,6,"w","t","pilot1"
"2C0000001087E453","DS1925",2026-05-07 05:03:38,6,"w","t","pilot1"
"2C0000001087E453","DS1925",2026-05-07 05:08:38,6,"w","t","pilot1"
"2C0000001087E453","DS1925",2026-05-07 05:13:38,5.5,"w","t","pilot1"
"2C0000001087E453","DS1925",2026-05-07 05:18:38,5.5,"w","t","pilot1"
"2C0000001087E453","DS1925",2026-05-07 05:23:38,5.5,"w","t","pilot1"
"2C0000001087E453","DS1925",2026-05-07 05:28:38,5.5,"w","t","pilot1"
"2C0000001087E453","DS1925",2026-05-07 05:33:38,5.5,"w","t","pilot1"
"2C0000001087E453","DS1925",2026-05-07 05:38:38,5.5,"w","t","pilot1"
"2C0000001087E453","DS1925",2026-05-07 05:43:38,5.5,"w","t","pilot1"
"2C0000001087E453","DS1925",2026-05-07 05:48:38,5,"w","t","pilot1"
"2C0000001087E453","DS1925",2026-05-07 05:53:38,5,"w","t","pilot1"
"2C0000001087E453","DS1925",2026-05-07 05:58:38,5,"w","t","pilot1"
"2C0000001087E453","DS1925",2026-05-07 06:03:38,5,"w","t","pilot1"
"2C0000001087E453","DS1925",2026-05-07 06:08:38,5,"w","t","pilot1"
"2C0000001087E453","DS1925",2026-05-07 06:13:38,5,"w","t","pilot1"
"2C0000001087E453","DS1925",2026-05-07 06:18:38,5,"w","t","pilot1"
"2C0000001087E453","DS1925",2026-05-07 06:23:38,5,"w","t","pilot1"
"2C0000001087E453","DS1925",2026-05-07 06:28:38,5,"w","t","pilot1"
"2C0000001087E453","DS1925",2026-05-07 06:33:38,5,"w","t","pilot1"
"2C0000001087E453","DS1925",2026-05-07 06:38:38,5,"w","t","pilot1"
"2C0000001087E453","DS1925",2026-05-07 06:43:38,5,"w","t","pilot1"
"2C0000001087E453","DS1925",2026-05-07 06:48:38,5,"w","t","pilot1"
"2C0000001087E453","DS1925",2026-05-07 06:53:38,5,"w","t","pilot1"
"2C0000001087E453","DS1925",2026-05-07 06:58:38,5,"w","t","pilot1"
"2C0000001087E453","DS1925",2026-05-07 07:03:38,5,"w","t","pilot1"
"2C0000001087E453","DS1925",2026-05-07 07:08:38,5,"w","t","pilot1"
"2C0000001087E453","DS1925",2026-05-07 07:13:38,5,"w","t","pilot1"
"2C0000001087E453","DS1925",2026-05-07 07:18:38,5,"w","t","pilot1"
"2C0000001087E453","DS1925",2026-05-07 07:23:38,5,"w","t","pilot1"
"2C0000001087E453","DS1925",2026-05-07 07:28:38,5,"w","t","pilot1"
"2C0000001087E453","DS1925",2026-05-07 07:33:38,5,"w","t","pilot1"
"2C0000001087E453","DS1925",2026-05-07 07:38:38,5,"w","t","pilot1"
"2C0000001087E453","DS1925",2026-05-07 07:43:38,5,"w","t","pilot1"
"2C0000001087E453","DS1925",2026-05-07 07:48:38,5.5,"w","t","pilot1"
"2C0000001087E453","DS1925",2026-05-07 07:53:38,5.5,"w","t","pilot1"
"2C0000001087E453","DS1925",2026-05-07 07:58:38,5.5,"w","t","pilot1"
"2C0000001087E453","DS1925",2026-05-07 08:03:38,5.5,"w","t","pilot1"
"2C0000001087E453","DS1925",2026-05-07 08:08:38,5.5,"w","t","pilot1"
"2C0000001087E453","DS1925",2026-05-07 08:13:38,5.5,"w","t","pilot1"
"2C0000001087E453","DS1925",2026-05-07 08:18:38,5.5,"w","t","pilot1"
"2C0000001087E453","DS1925",2026-05-07 08:23:38,5.5,"w","t","pilot1"
"2C0000001087E453","DS1925",2026-05-07 08:28:38,5.5,"w","t","pilot1"
"2C0000001087E453","DS1925",2026-05-07 08:33:38,5.5,"w","t","pilot1"
"2C0000001087E453","DS1925",2026-05-07 08:38:38,6,"w","t","pilot1"
"2C0000001087E453","DS1925",2026-05-07 08:43:38,6,"w","t","pilot1"
"2C0000001087E453","DS1925",2026-05-07 08:48:38,6,"w","t","pilot1"
"2C0000001087E453","DS1925",2026-05-07 08:53:38,6,"w","t","pilot1"
"2C0000001087E453","DS1925",2026-05-07 08:58:38,6,"w","t","pilot1"
"2C0000001087E453","DS1925",2026-05-07 09:03:38,6.5,"w","t","pilot1"
"2C0000001087E453","DS1925",2026-05-07 09:08:38,6.5,"w","t","pilot1"
"2C0000001087E453","DS1925",2026-05-07 09:13:38,6.5,"w","t","pilot1"
"2C0000001087E453","DS1925",2026-05-07 09:18:38,7,"w","t","pilot1"
"2C0000001087E453","DS1925",2026-05-07 09:23:38,7,"w","t","pilot1"
"2C0000001087E453","DS1925",2026-05-07 09:28:38,7,"w","t","pilot1"
"2C0000001087E453","DS1925",2026-05-07 09:33:38,7.5,"w","t","pilot1"
"2C0000001087E453","DS1925",2026-05-07 09:38:38,7.5,"w","t","pilot1"
"2C0000001087E453","DS1925",2026-05-07 09:43:38,7.5,"w","t","pilot1"
"2C0000001087E453","DS1925",2026-05-07 09:48:38,8,"w","t","pilot1"
"2C0000001087E453","DS1925",2026-05-07 09:53:38,8,"w","t","pilot1"
"2C0000001087E453","DS1925",2026-05-07 09:58:38,8.5,"w","t","pilot1"
"2C0000001087E453","DS1925",2026-05-07 10:03:38,8.5,"w","t","pilot1"
"2C0000001087E453","DS1925",2026-05-07 10:08:38,9,"w","t","pilot1"
"2C0000001087E453","DS1925",2026-05-07 10:13:38,9,"w","t","pilot1"
"2C0000001087E453","DS1925",2026-05-07 10:18:38,9,"w","t","pilot1"
"2C0000001087E453","DS1925",2026-05-07 10:23:38,9.5,"w","t","pilot1"
"2C0000001087E453","DS1925",2026-05-07 10:28:38,9.5,"w","t","pilot1"
"2C0000001087E453","DS1925",2026-05-07 10:33:38,10,"w","t","pilot1"
"2C0000001087E453","DS1925",2026-05-07 10:38:38,10,"w","t","pilot1"
"2C0000001087E453","DS1925",2026-05-07 10:43:38,10,"w","t","pilot1"
"2C0000001087E453","DS1925",2026-05-07 10:48:38,10,"w","t","pilot1"
"2C0000001087E453","DS1925",2026-05-07 10:53:38,10.5,"w","t","pilot1"
"2C0000001087E453","DS1925",2026-05-07 10:58:38,10.5,"w","t","pilot1"
"2C0000001087E453","DS1925",2026-05-07 11:03:38,10.5,"w","t","pilot1"
"2C0000001087E453","DS1925",2026-05-07 11:08:38,10.5,"w","t","pilot1"
"2C0000001087E453","DS1925",2026-05-07 11:13:38,10.5,"w","t","pilot1"
"2C0000001087E453","DS1925",2026-05-07 11:18:38,10.5,"w","t","pilot1"
"2C0000001087E453","DS1925",2026-05-07 11:23:38,11,"w","t","pilot1"
"2C0000001087E453","DS1925",2026-05-07 11:28:38,11,"w","t","pilot1"
"2C0000001087E453","DS1925",2026-05-07 11:33:38,11,"w","t","pilot1"
"2C0000001087E453","DS1925",2026-05-07 11:38:38,11,"w","t","pilot1"
"2C0000001087E453","DS1925",2026-05-07 11:43:38,11,"w","t","pilot1"
"2C0000001087E453","DS1925",2026-05-07 11:48:38,11.5,"w","t","pilot1"
"2C0000001087E453","DS1925",2026-05-07 11:53:38,11.5,"w","t","pilot1"
"2C0000001087E453","DS1925",2026-05-07 11:58:38,12,"w","t","pilot1"
"2C0000001087E453","DS1925",2026-05-07 12:03:38,12,"w","t","pilot1"
"2C0000001087E453","DS1925",2026-05-07 12:08:38,12.5,"w","t","pilot1"
"2C0000001087E453","DS1925",2026-05-07 12:13:38,12.5,"w","t","pilot1"
"2C0000001087E453","DS1925",2026-05-07 12:18:38,12.5,"w","t","pilot1"
"2C0000001087E453","DS1925",2026-05-07 12:23:38,12.5,"w","t","pilot1"
"2C0000001087E453","DS1925",2026-05-07 12:28:38,13,"w","t","pilot1"
"2C0000001087E453","DS1925",2026-05-07 12:33:38,13,"w","t","pilot1"
"2C0000001087E453","DS1925",2026-05-07 12:38:38,13,"w","t","pilot1"
"2C0000001087E453","DS1925",2026-05-07 12:43:38,13,"w","t","pilot1"
"2C0000001087E453","DS1925",2026-05-07 12:48:38,13,"w","t","pilot1"
"2C0000001087E453","DS1925",2026-05-07 12:53:38,13,"w","t","pilot1"
"2C0000001087E453","DS1925",2026-05-07 12:58:38,13,"w","t","pilot1"
"2C0000001087E453","DS1925",2026-05-07 13:03:38,13,"w","t","pilot1"
"2C0000001087E453","DS1925",2026-05-07 13:08:38,13.5,"w","t","pilot1"
"2C0000001087E453","DS1925",2026-05-07 13:13:38,13.5,"w","t","pilot1"
"2C0000001087E453","DS1925",2026-05-07 13:18:38,13.5,"w","t","pilot1"
"2C0000001087E453","DS1925",2026-05-07 13:23:38,14,"w","t","pilot1"
"2C0000001087E453","DS1925",2026-05-07 13:28:38,14,"w","t","pilot1"
"2C0000001087E453","DS1925",2026-05-07 13:33:38,14,"w","t","pilot1"
"2C0000001087E453","DS1925",2026-05-07 13:38:38,14.5,"w","t","pilot1"
"2C0000001087E453","DS1925",2026-05-07 13:43:38,14.5,"w","t","pilot1"
"2C0000001087E453","DS1925",2026-05-07 13:48:38,14.5,"w","t","pilot1"
"2C0000001087E453","DS1925",2026-05-07 13:53:38,14.5,"w","t","pilot1"
"2C0000001087E453","DS1925",2026-05-07 13:58:38,15,"w","t","pilot1"
"2C0000001087E453","DS1925",2026-05-07 14:03:38,15,"w","t","pilot1"
"2C0000001087E453","DS1925",2026-05-07 14:08:38,15,"w","t","pilot1"
"2C0000001087E453","DS1925",2026-05-07 14:13:38,15,"w","t","pilot1"
"2C0000001087E453","DS1925",2026-05-07 14:18:38,15,"w","t","pilot1"
"2C0000001087E453","DS1925",2026-05-07 14:23:38,15,"w","t","pilot1"
"2C0000001087E453","DS1925",2026-05-07 14:28:38,15,"w","t","pilot1"
"2C0000001087E453","DS1925",2026-05-07 14:33:38,15,"w","t","pilot1"
"2C0000001087E453","DS1925",2026-05-07 14:38:38,14.5,"w","t","pilot1"
"2C0000001087E453","DS1925",2026-05-07 14:43:38,14.5,"w","t","pilot1"
"2C0000001087E453","DS1925",2026-05-07 14:48:38,14.5,"w","t","pilot1"
"2C0000001087E453","DS1925",2026-05-07 14:53:38,14.5,"w","t","pilot1"
"2C0000001087E453","DS1925",2026-05-07 14:58:38,15,"w","t","pilot1"
"2C0000001087E453","DS1925",2026-05-07 15:03:38,15,"w","t","pilot1"
"2C0000001087E453","DS1925",2026-05-07 15:08:38,15,"w","t","pilot1"
"2C0000001087E453","DS1925",2026-05-07 15:13:38,15,"w","t","pilot1"
"2C0000001087E453","DS1925",2026-05-07 15:18:38,15.5,"w","t","pilot1"
"2C0000001087E453","DS1925",2026-05-07 15:23:38,15.5,"w","t","pilot1"
"2C0000001087E453","DS1925",2026-05-07 15:28:38,15.5,"w","t","pilot1"
"2C0000001087E453","DS1925",2026-05-07 15:33:38,16,"w","t","pilot1"
"2C0000001087E453","DS1925",2026-05-07 15:38:38,16,"w","t","pilot1"
"2C0000001087E453","DS1925",2026-05-07 15:43:38,16,"w","t","pilot1"
"2C0000001087E453","DS1925",2026-05-07 15:48:38,16,"w","t","pilot1"
"2C0000001087E453","DS1925",2026-05-07 15:53:38,16,"w","t","pilot1"
"2C0000001087E453","DS1925",2026-05-07 15:58:38,16,"w","t","pilot1"
"2C0000001087E453","DS1925",2026-05-07 16:03:38,16,"w","t","pilot1"
"2C0000001087E453","DS1925",2026-05-07 16:08:38,16.5,"w","t","pilot1"
"2C0000001087E453","DS1925",2026-05-07 16:13:38,16.5,"w","t","pilot1"
"2C0000001087E453","DS1925",2026-05-07 16:18:38,16.5,"w","t","pilot1"
"2C0000001087E453","DS1925",2026-05-07 16:23:38,16.5,"w","t","pilot1"
"2C0000001087E453","DS1925",2026-05-07 16:28:38,16.5,"w","t","pilot1"
"2C0000001087E453","DS1925",2026-05-07 16:33:38,16.5,"w","t","pilot1"
"2C0000001087E453","DS1925",2026-05-07 16:38:38,16.5,"w","t","pilot1"
"2C0000001087E453","DS1925",2026-05-07 16:43:38,16.5,"w","t","pilot1"
"2C0000001087E453","DS1925",2026-05-07 16:48:38,16.5,"w","t","pilot1"
"2C0000001087E453","DS1925",2026-05-07 16:53:38,16.5,"w","t","pilot1"
"2C0000001087E453","DS1925",2026-05-07 16:58:38,16.5,"w","t","pilot1"
"2C0000001087E453","DS1925",2026-05-07 17:03:38,16.5,"w","t","pilot1"
"2C0000001087E453","DS1925",2026-05-07 17:08:38,16,"w","t","pilot1"
"2C0000001087E453","DS1925",2026-05-07 17:13:38,16,"w","t","pilot1"
"2C0000001087E453","DS1925",2026-05-07 17:18:38,16,"w","t","pilot1"
"2C0000001087E453","DS1925",2026-05-07 17:23:38,16,"w","t","pilot1"
"2C0000001087E453","DS1925",2026-05-07 17:28:38,16,"w","t","pilot1"
"2C0000001087E453","DS1925",2026-05-07 17:33:38,15.5,"w","t","pilot1"
"2C0000001087E453","DS1925",2026-05-07 17:38:38,15.5,"w","t","pilot1"
"2C0000001087E453","DS1925",2026-05-07 17:43:38,15.5,"w","t","pilot1"
"2C0000001087E453","DS1925",2026-05-07 17:48:38,15,"w","t","pilot1"
"2C0000001087E453","DS1925",2026-05-07 17:53:38,15,"w","t","pilot1"
"2C0000001087E453","DS1925",2026-05-07 17:58:38,15,"w","t","pilot1"
"2C0000001087E453","DS1925",2026-05-07 18:03:38,14.5,"w","t","pilot1"
"2C0000001087E453","DS1925",2026-05-07 18:08:38,14.5,"w","t","pilot1"
"2C0000001087E453","DS1925",2026-05-07 18:13:38,14.5,"w","t","pilot1"
"2C0000001087E453","DS1925",2026-05-07 18:18:38,14,"w","t","pilot1"
"2C0000001087E453","DS1925",2026-05-07 18:23:38,14,"w","t","pilot1"
"2C0000001087E453","DS1925",2026-05-07 18:28:38,13.5,"w","t","pilot1"
"2C0000001087E453","DS1925",2026-05-07 18:33:38,13.5,"w","t","pilot1"
"2C0000001087E453","DS1925",2026-05-07 18:38:38,13.5,"w","t","pilot1"
"2C0000001087E453","DS1925",2026-05-07 18:43:38,13.5,"w","t","pilot1"
"2C0000001087E453","DS1925",2026-05-07 18:48:38,13,"w","t","pilot1"
"2C0000001087E453","DS1925",2026-05-07 18:53:38,13,"w","t","pilot1"
"2C0000001087E453","DS1925",2026-05-07 18:58:38,13,"w","t","pilot1"
"2C0000001087E453","DS1925",2026-05-07 19:03:38,13,"w","t","pilot1"
"2C0000001087E453","DS1925",2026-05-07 19:08:38,13,"w","t","pilot1"
"2C0000001087E453","DS1925",2026-05-07 19:13:38,13,"w","t","pilot1"
"2C0000001087E453","DS1925",2026-05-07 19:18:38,13,"w","t","pilot1"
"2C0000001087E453","DS1925",2026-05-07 19:23:38,12.5,"w","t","pilot1"
"2C0000001087E453","DS1925",2026-05-07 19:28:38,12.5,"w","t","pilot1"
"2C0000001087E453","DS1925",2026-05-07 19:33:38,12.5,"w","t","pilot1"
"2C0000001087E453","DS1925",2026-05-07 19:38:38,12.5,"w","t","pilot1"
"2C0000001087E453","DS1925",2026-05-07 19:43:38,12.5,"w","t","pilot1"
"2C0000001087E453","DS1925",2026-05-07 19:48:38,12.5,"w","t","pilot1"
"2C0000001087E453","DS1925",2026-05-07 19:53:38,12,"w","t","pilot1"
"2C0000001087E453","DS1925",2026-05-07 19:58:38,12,"w","t","pilot1"
"2C0000001087E453","DS1925",2026-05-07 20:03:38,12,"w","t","pilot1"
"2C0000001087E453","DS1925",2026-05-07 20:08:38,12,"w","t","pilot1"
"2C0000001087E453","DS1925",2026-05-07 20:13:38,12,"w","t","pilot1"
"2C0000001087E453","DS1925",2026-05-07 20:18:38,11.5,"w","t","pilot1"
"2C0000001087E453","DS1925",2026-05-07 20:23:38,11.5,"w","t","pilot1"
"2C0000001087E453","DS1925",2026-05-07 20:28:38,11.5,"w","t","pilot1"
"2C0000001087E453","DS1925",2026-05-07 20:33:38,11.5,"w","t","pilot1"
"2C0000001087E453","DS1925",2026-05-07 20:38:38,11,"w","t","pilot1"
"2C0000001087E453","DS1925",2026-05-07 20:43:38,11,"w","t","pilot1"
"2C0000001087E453","DS1925",2026-05-07 20:48:38,11,"w","t","pilot1"
"2C0000001087E453","DS1925",2026-05-07 20:53:38,11,"w","t","pilot1"
"2C0000001087E453","DS1925",2026-05-07 20:58:38,11,"w","t","pilot1"
"2C0000001087E453","DS1925",2026-05-07 21:03:38,10.5,"w","t","pilot1"
"2C0000001087E453","DS1925",2026-05-07 21:08:38,10.5,"w","t","pilot1"
"2C0000001087E453","DS1925",2026-05-07 21:13:38,10.5,"w","t","pilot1"
"2C0000001087E453","DS1925",2026-05-07 21:18:38,10.5,"w","t","pilot1"
"2C0000001087E453","DS1925",2026-05-07 21:23:38,10.5,"w","t","pilot1"
"2C0000001087E453","DS1925",2026-05-07 21:28:38,10.5,"w","t","pilot1"
"2C0000001087E453","DS1925",2026-05-07 21:33:38,10,"w","t","pilot1"
"2C0000001087E453","DS1925",2026-05-07 21:38:38,10,"w","t","pilot1"
"2C0000001087E453","DS1925",2026-05-07 21:43:38,10,"w","t","pilot1"
"2C0000001087E453","DS1925",2026-05-07 21:48:38,10,"w","t","pilot1"
"2C0000001087E453","DS1925",2026-05-07 21:53:38,10,"w","t","pilot1"
"2C0000001087E453","DS1925",2026-05-07 21:58:38,9.5,"w","t","pilot1"
"2C0000001087E453","DS1925",2026-05-07 22:03:38,9.5,"w","t","pilot1"
"2C0000001087E453","DS1925",2026-05-07 22:08:38,9.5,"w","t","pilot1"
"2C0000001087E453","DS1925",2026-05-07 22:13:38,9.5,"w","t","pilot1"
"2C0000001087E453","DS1925",2026-05-07 22:18:38,9.5,"w","t","pilot1"
"2C0000001087E453","DS1925",2026-05-07 22:23:38,9,"w","t","pilot1"
"2C0000001087E453","DS1925",2026-05-07 22:28:38,9,"w","t","pilot1"
"2C0000001087E453","DS1925",2026-05-07 22:33:38,9,"w","t","pilot1"
"2C0000001087E453","DS1925",2026-05-07 22:38:38,9,"w","t","pilot1"
"2C0000001087E453","DS1925",2026-05-07 22:43:38,9,"w","t","pilot1"
"2C0000001087E453","DS1925",2026-05-07 22:48:38,8.5,"w","t","pilot1"
"2C0000001087E453","DS1925",2026-05-07 22:53:38,8.5,"w","t","pilot1"
"2C0000001087E453","DS1925",2026-05-07 22:58:38,8.5,"w","t","pilot1"
"2C0000001087E453","DS1925",2026-05-07 23:03:38,8.5,"w","t","pilot1"
"2C0000001087E453","DS1925",2026-05-07 23:08:38,8.5,"w","t","pilot1"
"2C0000001087E453","DS1925",2026-05-07 23:13:38,8.5,"w","t","pilot1"
"2C0000001087E453","DS1925",2026-05-07 23:18:38,8,"w","t","pilot1"
"2C0000001087E453","DS1925",2026-05-07 23:23:38,8,"w","t","pilot1"
"2C0000001087E453","DS1925",2026-05-07 23:28:38,8,"w","t","pilot1"
"2C0000001087E453","DS1925",2026-05-07 23:33:38,8,"w","t","pilot1"
"2C0000001087E453","DS1925",2026-05-07 23:38:38,8,"w","t","pilot1"
"2C0000001087E453","DS1925",2026-05-07 23:43:38,7.5,"w","t","pilot1"
"2C0000001087E453","DS1925",2026-05-07 23:48:38,7.5,"w","t","pilot1"
"2C0000001087E453","DS1925",2026-05-07 23:53:38,7.5,"w","t","pilot1"
"2C0000001087E453","DS1925",2026-05-07 23:58:38,7.5,"w","t","pilot1"
"2C0000001087E453","DS1925",2026-05-08 00:03:38,7.5,"w","t","pilot1"
"2C0000001087E453","DS1925",2026-05-08 00:08:38,7.5,"w","t","pilot1"
"2C0000001087E453","DS1925",2026-05-08 00:13:38,7.5,"w","t","pilot1"
"2C0000001087E453","DS1925",2026-05-08 00:18:38,7.5,"w","t","pilot1"
"2C0000001087E453","DS1925",2026-05-08 00:23:38,7.5,"w","t","pilot1"
"2C0000001087E453","DS1925",2026-05-08 00:28:38,7.5,"w","t","pilot1"
"2C0000001087E453","DS1925",2026-05-08 00:33:38,7.5,"w","t","pilot1"
"2C0000001087E453","DS1925",2026-05-08 00:38:38,7.5,"w","t","pilot1"
"2C0000001087E453","DS1925",2026-05-08 00:43:38,7.5,"w","t","pilot1"
"2C0000001087E453","DS1925",2026-05-08 00:48:38,7.5,"w","t","pilot1"
"2C0000001087E453","DS1925",2026-05-08 00:53:38,7.5,"w","t","pilot1"
"2C0000001087E453","DS1925",2026-05-08 00:58:38,7,"w","t","pilot1"
"2C0000001087E453","DS1925",2026-05-08 01:03:38,7,"w","t","pilot1"
"2C0000001087E453","DS1925",2026-05-08 01:08:38,7,"w","t","pilot1"
"2C0000001087E453","DS1925",2026-05-08 01:13:38,7,"w","t","pilot1"
"2C0000001087E453","DS1925",2026-05-08 01:18:38,7,"w","t","pilot1"
"2C0000001087E453","DS1925",2026-05-08 01:23:38,7,"w","t","pilot1"
"2C0000001087E453","DS1925",2026-05-08 01:28:38,7,"w","t","pilot1"
"2C0000001087E453","DS1925",2026-05-08 01:33:38,7,"w","t","pilot1"
"2C0000001087E453","DS1925",2026-05-08 01:38:38,7,"w","t","pilot1"
"2C0000001087E453","DS1925",2026-05-08 01:43:38,7,"w","t","pilot1"
"2C0000001087E453","DS1925",2026-05-08 01:48:38,7,"w","t","pilot1"
"2C0000001087E453","DS1925",2026-05-08 01:53:38,7,"w","t","pilot1"
"2C0000001087E453","DS1925",2026-05-08 01:58:38,7,"w","t","pilot1"
"2C0000001087E453","DS1925",2026-05-08 02:03:38,7,"w","t","pilot1"
"2C0000001087E453","DS1925",2026-05-08 02:08:38,7,"w","t","pilot1"
"2C0000001087E453","DS1925",2026-05-08 02:13:38,7,"w","t","pilot1"
"2C0000001087E453","DS1925",2026-05-08 02:18:38,7,"w","t","pilot1"
"2C0000001087E453","DS1925",2026-05-08 02:23:38,7,"w","t","pilot1"
"2C0000001087E453","DS1925",2026-05-08 02:28:38,7,"w","t","pilot1"
"2C0000001087E453","DS1925",2026-05-08 02:33:38,7,"w","t","pilot1"
"2C0000001087E453","DS1925",2026-05-08 02:38:38,7,"w","t","pilot1"
"2C0000001087E453","DS1925",2026-05-08 02:43:38,7,"w","t","pilot1"
"2C0000001087E453","DS1925",2026-05-08 02:48:38,7,"w","t","pilot1"
"2C0000001087E453","DS1925",2026-05-08 02:53:38,7,"w","t","pilot1"
"2C0000001087E453","DS1925",2026-05-08 02:58:38,6.5,"w","t","pilot1"
"2C0000001087E453","DS1925",2026-05-08 03:03:38,6.5,"w","t","pilot1"
"2C0000001087E453","DS1925",2026-05-08 03:08:38,6.5,"w","t","pilot1"
"2C0000001087E453","DS1925",2026-05-08 03:13:38,6.5,"w","t","pilot1"
"2C0000001087E453","DS1925",2026-05-08 03:18:38,6.5,"w","t","pilot1"
"2C0000001087E453","DS1925",2026-05-08 03:23:38,6.5,"w","t","pilot1"
"2C0000001087E453","DS1925",2026-05-08 03:28:38,6.5,"w","t","pilot1"
"2C0000001087E453","DS1925",2026-05-08 03:33:38,6.5,"w","t","pilot1"
"2C0000001087E453","DS1925",2026-05-08 03:38:38,6.5,"w","t","pilot1"
"2C0000001087E453","DS1925",2026-05-08 03:43:38,6.5,"w","t","pilot1"
"2C0000001087E453","DS1925",2026-05-08 03:48:38,6.5,"w","t","pilot1"
"2C0000001087E453","DS1925",2026-05-08 03:53:38,6.5,"w","t","pilot1"
"2C0000001087E453","DS1925",2026-05-08 03:58:38,6.5,"w","t","pilot1"
"2C0000001087E453","DS1925",2026-05-08 04:03:38,6.5,"w","t","pilot1"
"2C0000001087E453","DS1925",2026-05-08 04:08:38,6.5,"w","t","pilot1"
"2C0000001087E453","DS1925",2026-05-08 04:13:38,6.5,"w","t","pilot1"
"2C0000001087E453","DS1925",2026-05-08 04:18:38,6.5,"w","t","pilot1"
"2C0000001087E453","DS1925",2026-05-08 04:23:38,6.5,"w","t","pilot1"
"2C0000001087E453","DS1925",2026-05-08 04:28:38,6.5,"w","t","pilot1"
"2C0000001087E453","DS1925",2026-05-08 04:33:38,6.5,"w","t","pilot1"
"2C0000001087E453","DS1925",2026-05-08 04:38:38,6.5,"w","t","pilot1"
"2C0000001087E453","DS1925",2026-05-08 04:43:38,6,"w","t","pilot1"
"2C0000001087E453","DS1925",2026-05-08 04:48:38,6,"w","t","pilot1"
"2C0000001087E453","DS1925",2026-05-08 04:53:38,6,"w","t","pilot1"
"2C0000001087E453","DS1925",2026-05-08 04:58:38,6,"w","t","pilot1"
"2C0000001087E453","DS1925",2026-05-08 05:03:38,6,"w","t","pilot1"
"2C0000001087E453","DS1925",2026-05-08 05:08:38,6,"w","t","pilot1"
"2C0000001087E453","DS1925",2026-05-08 05:13:38,6,"w","t","pilot1"
"2C0000001087E453","DS1925",2026-05-08 05:18:38,6,"w","t","pilot1"
"2C0000001087E453","DS1925",2026-05-08 05:23:38,6,"w","t","pilot1"
"2C0000001087E453","DS1925",2026-05-08 05:28:38,6,"w","t","pilot1"
"2C0000001087E453","DS1925",2026-05-08 05:33:38,6,"w","t","pilot1"
"2C0000001087E453","DS1925",2026-05-08 05:38:38,6,"w","t","pilot1"
"2C0000001087E453","DS1925",2026-05-08 05:43:38,6,"w","t","pilot1"
"2C0000001087E453","DS1925",2026-05-08 05:48:38,6,"w","t","pilot1"
"2C0000001087E453","DS1925",2026-05-08 05:53:38,6,"w","t","pilot1"
"2C0000001087E453","DS1925",2026-05-08 05:58:38,6,"w","t","pilot1"
"2C0000001087E453","DS1925",2026-05-08 06:03:38,6,"w","t","pilot1"
"2C0000001087E453","DS1925",2026-05-08 06:08:38,6,"w","t","pilot1"
"2C0000001087E453","DS1925",2026-05-08 06:13:38,6,"w","t","pilot1"
"2C0000001087E453","DS1925",2026-05-08 06:18:38,6,"w","t","pilot1"
"2C0000001087E453","DS1925",2026-05-08 06:23:38,6,"w","t","pilot1"
"2C0000001087E453","DS1925",2026-05-08 06:28:38,6,"w","t","pilot1"
"2C0000001087E453","DS1925",2026-05-08 06:33:38,6,"w","t","pilot1"
"2C0000001087E453","DS1925",2026-05-08 06:38:38,6,"w","t","pilot1"
"2C0000001087E453","DS1925",2026-05-08 06:43:38,6,"w","t","pilot1"
"2C0000001087E453","DS1925",2026-05-08 06:48:38,6,"w","t","pilot1"
"2C0000001087E453","DS1925",2026-05-08 06:53:38,6,"w","t","pilot1"
"2C0000001087E453","DS1925",2026-05-08 06:58:38,6,"w","t","pilot1"
"2C0000001087E453","DS1925",2026-05-08 07:03:38,6,"w","t","pilot1"
"2C0000001087E453","DS1925",2026-05-08 07:08:38,6,"w","t","pilot1"
"2C0000001087E453","DS1925",2026-05-08 07:13:38,6,"w","t","pilot1"
"2C0000001087E453","DS1925",2026-05-08 07:18:38,6,"w","t","pilot1"
"2C0000001087E453","DS1925",2026-05-08 07:23:38,6,"w","t","pilot1"
"2C0000001087E453","DS1925",2026-05-08 07:28:38,6,"w","t","pilot1"
"2C0000001087E453","DS1925",2026-05-08 07:33:38,6,"w","t","pilot1"
"2C0000001087E453","DS1925",2026-05-08 07:38:38,6,"w","t","pilot1"
"2C0000001087E453","DS1925",2026-05-08 07:43:38,6,"w","t","pilot1"
"2C0000001087E453","DS1925",2026-05-08 07:48:38,6,"w","t","pilot1"
"2C0000001087E453","DS1925",2026-05-08 07:53:38,6.5,"w","t","pilot1"
"2C0000001087E453","DS1925",2026-05-08 07:58:38,6.5,"w","t","pilot1"
"2C0000001087E453","DS1925",2026-05-08 08:03:38,6.5,"w","t","pilot1"
"2C0000001087E453","DS1925",2026-05-08 08:08:38,6.5,"w","t","pilot1"
"2C0000001087E453","DS1925",2026-05-08 08:13:38,6.5,"w","t","pilot1"
"2C0000001087E453","DS1925",2026-05-08 08:18:38,6.5,"w","t","pilot1"
"2C0000001087E453","DS1925",2026-05-08 08:23:38,6.5,"w","t","pilot1"
"2C0000001087E453","DS1925",2026-05-08 08:28:38,7,"w","t","pilot1"
"2C0000001087E453","DS1925",2026-05-08 08:33:38,7,"w","t","pilot1"
"2C0000001087E453","DS1925",2026-05-08 08:38:38,7,"w","t","pilot1"
"2C0000001087E453","DS1925",2026-05-08 08:43:38,7,"w","t","pilot1"
"2C0000001087E453","DS1925",2026-05-08 08:48:38,7,"w","t","pilot1"
"2C0000001087E453","DS1925",2026-05-08 08:53:38,7,"w","t","pilot1"
"2C0000001087E453","DS1925",2026-05-08 08:58:38,7,"w","t","pilot1"
"2C0000001087E453","DS1925",2026-05-08 09:03:38,7.5,"w","t","pilot1"
"2C0000001087E453","DS1925",2026-05-08 09:08:38,7.5,"w","t","pilot1"
"2C0000001087E453","DS1925",2026-05-08 09:13:38,7.5,"w","t","pilot1"
"2C0000001087E453","DS1925",2026-05-08 09:18:38,8,"w","t","pilot1"
"2C0000001087E453","DS1925",2026-05-08 09:23:38,8,"w","t","pilot1"
"2C0000001087E453","DS1925",2026-05-08 09:28:38,8,"w","t","pilot1"
"2C0000001087E453","DS1925",2026-05-08 09:33:38,8,"w","t","pilot1"
"2C0000001087E453","DS1925",2026-05-08 09:38:38,8.5,"w","t","pilot1"
"2C0000001087E453","DS1925",2026-05-08 09:43:38,8.5,"w","t","pilot1"
"2C0000001087E453","DS1925",2026-05-08 09:48:38,8.5,"w","t","pilot1"
"2C0000001087E453","DS1925",2026-05-08 09:53:38,9,"w","t","pilot1"
"2C0000001087E453","DS1925",2026-05-08 09:58:38,9,"w","t","pilot1"
"2C0000001087E453","DS1925",2026-05-08 10:03:38,9.5,"w","t","pilot1"
"2C0000001087E453","DS1925",2026-05-08 10:08:38,9.5,"w","t","pilot1"
"2C0000001087E453","DS1925",2026-05-08 10:13:38,9.5,"w","t","pilot1"
"2C0000001087E453","DS1925",2026-05-08 10:18:38,10,"w","t","pilot1"
"2C0000001087E453","DS1925",2026-05-08 10:23:38,10,"w","t","pilot1"
"2C0000001087E453","DS1925",2026-05-08 10:28:38,10.5,"w","t","pilot1"
"2C0000001087E453","DS1925",2026-05-08 10:33:38,10.5,"w","t","pilot1"
"2C0000001087E453","DS1925",2026-05-08 10:38:38,11,"w","t","pilot1"
"2C0000001087E453","DS1925",2026-05-08 10:43:38,11,"w","t","pilot1"
"2C0000001087E453","DS1925",2026-05-08 10:48:38,11.5,"w","t","pilot1"
"2C0000001087E453","DS1925",2026-05-08 10:53:38,11.5,"w","t","pilot1"
"2C0000001087E453","DS1925",2026-05-08 10:58:38,12,"w","t","pilot1"
"2C0000001087E453","DS1925",2026-05-08 11:03:38,12,"w","t","pilot1"
"2C0000001087E453","DS1925",2026-05-08 11:08:38,12.5,"w","t","pilot1"
"2C0000001087E453","DS1925",2026-05-08 11:13:38,12.5,"w","t","pilot1"
"2C0000001087E453","DS1925",2026-05-08 11:18:38,13,"w","t","pilot1"
"2C0000001087E453","DS1925",2026-05-08 11:23:38,13,"w","t","pilot1"
"2C0000001087E453","DS1925",2026-05-08 11:28:38,13,"w","t","pilot1"
"2C0000001087E453","DS1925",2026-05-08 11:33:38,13,"w","t","pilot1"
"2C0000001087E453","DS1925",2026-05-08 11:38:38,13.5,"w","t","pilot1"
"2C0000001087E453","DS1925",2026-05-08 11:43:38,13.5,"w","t","pilot1"
"2C0000001087E453","DS1925",2026-05-08 11:48:38,13.5,"w","t","pilot1"
"2C0000001087E453","DS1925",2026-05-08 11:53:38,13.5,"w","t","pilot1"
"2C0000001087E453","DS1925",2026-05-08 11:58:38,14,"w","t","pilot1"
"2C0000001087E453","DS1925",2026-05-08 12:03:38,14,"w","t","pilot1"
"2C0000001087E453","DS1925",2026-05-08 12:08:38,14,"w","t","pilot1"
"2C0000001087E453","DS1925",2026-05-08 12:13:38,14,"w","t","pilot1"
"2C0000001087E453","DS1925",2026-05-08 12:18:38,14.5,"w","t","pilot1"
"2C0000001087E453","DS1925",2026-05-08 12:23:38,14.5,"w","t","pilot1"
"2C0000001087E453","DS1925",2026-05-08 12:28:38,14.5,"w","t","pilot1"
"2C0000001087E453","DS1925",2026-05-08 12:33:38,14.5,"w","t","pilot1"
"2C0000001087E453","DS1925",2026-05-08 12:38:38,14.5,"w","t","pilot1"
"2C0000001087E453","DS1925",2026-05-08 12:43:38,14.5,"w","t","pilot1"
"2C0000001087E453","DS1925",2026-05-08 12:48:38,14.5,"w","t","pilot1"
"2C0000001087E453","DS1925",2026-05-08 12:53:38,14.5,"w","t","pilot1"
"2C0000001087E453","DS1925",2026-05-08 12:58:38,14.5,"w","t","pilot1"
"2C0000001087E453","DS1925",2026-05-08 13:03:38,14.5,"w","t","pilot1"
"2C0000001087E453","DS1925",2026-05-08 13:08:38,14.5,"w","t","pilot1"
"2C0000001087E453","DS1925",2026-05-08 13:13:38,14.5,"w","t","pilot1"
"2C0000001087E453","DS1925",2026-05-08 13:18:38,14.5,"w","t","pilot1"
"2C0000001087E453","DS1925",2026-05-08 13:23:38,14.5,"w","t","pilot1"
"2C0000001087E453","DS1925",2026-05-08 13:28:38,14.5,"w","t","pilot1"
"2C0000001087E453","DS1925",2026-05-08 13:33:38,14.5,"w","t","pilot1"
"2C0000001087E453","DS1925",2026-05-08 13:38:38,14.5,"w","t","pilot1"
"2C0000001087E453","DS1925",2026-05-08 13:43:38,14.5,"w","t","pilot1"
"2C0000001087E453","DS1925",2026-05-08 13:48:38,14.5,"w","t","pilot1"
"2C0000001087E453","DS1925",2026-05-08 13:53:38,14.5,"w","t","pilot1"
"2C0000001087E453","DS1925",2026-05-08 13:58:38,14.5,"w","t","pilot1"
"2C0000001087E453","DS1925",2026-05-08 14:03:38,14.5,"w","t","pilot1"
"2C0000001087E453","DS1925",2026-05-08 14:08:38,14.5,"w","t","pilot1"
"2C0000001087E453","DS1925",2026-05-08 14:13:38,14.5,"w","t","pilot1"
"2C0000001087E453","DS1925",2026-05-08 14:18:38,14.5,"w","t","pilot1"
"2C0000001087E453","DS1925",2026-05-08 14:23:38,14.5,"w","t","pilot1"
"2C0000001087E453","DS1925",2026-05-08 14:28:38,14.5,"w","t","pilot1"
"2C0000001087E453","DS1925",2026-05-08 14:33:38,14,"w","t","pilot1"
"2C0000001087E453","DS1925",2026-05-08 14:38:38,14,"w","t","pilot1"
"2C0000001087E453","DS1925",2026-05-08 14:43:38,14,"w","t","pilot1"
"2C0000001087E453","DS1925",2026-05-08 14:48:38,14.5,"w","t","pilot1"
"2C0000001087E453","DS1925",2026-05-08 14:53:38,14.5,"w","t","pilot1"
"2C0000001087E453","DS1925",2026-05-08 14:58:38,14.5,"w","t","pilot1"
"2C0000001087E453","DS1925",2026-05-08 15:03:38,15,"w","t","pilot1"
"2C0000001087E453","DS1925",2026-05-08 15:08:38,15,"w","t","pilot1"
"2C0000001087E453","DS1925",2026-05-08 15:13:38,15,"w","t","pilot1"
"2C0000001087E453","DS1925",2026-05-08 15:18:38,15,"w","t","pilot1"
"2C0000001087E453","DS1925",2026-05-08 15:23:38,15.5,"w","t","pilot1"
"2C0000001087E453","DS1925",2026-05-08 15:28:38,15.5,"w","t","pilot1"
"2C0000001087E453","DS1925",2026-05-08 15:33:38,15.5,"w","t","pilot1"
"2C0000001087E453","DS1925",2026-05-08 15:38:38,15.5,"w","t","pilot1"
"2C0000001087E453","DS1925",2026-05-08 15:43:38,16,"w","t","pilot1"
"2C0000001087E453","DS1925",2026-05-08 15:48:38,16,"w","t","pilot1"
"2C0000001087E453","DS1925",2026-05-08 15:53:38,16.5,"w","t","pilot1"
"2C0000001087E453","DS1925",2026-05-08 15:58:38,16.5,"w","t","pilot1"
"51000000103BEA53","DS1925",2026-05-05 15:02:48,23,"t","t","pilot1"
"51000000103BEA53","DS1925",2026-05-05 15:07:48,23,"t","t","pilot1"
"51000000103BEA53","DS1925",2026-05-05 15:12:48,22.5,"t","t","pilot1"
"51000000103BEA53","DS1925",2026-05-05 15:17:48,22,"t","t","pilot1"
"51000000103BEA53","DS1925",2026-05-05 15:22:48,22,"t","t","pilot1"
"51000000103BEA53","DS1925",2026-05-05 15:27:48,21.5,"t","t","pilot1"
"51000000103BEA53","DS1925",2026-05-05 15:32:48,21,"t","t","pilot1"
"51000000103BEA53","DS1925",2026-05-05 15:37:48,21,"t","t","pilot1"
"51000000103BEA53","DS1925",2026-05-05 15:42:48,20.5,"t","t","pilot1"
"51000000103BEA53","DS1925",2026-05-05 15:47:48,20.5,"t","t","pilot1"
"51000000103BEA53","DS1925",2026-05-05 15:52:48,20,"t","t","pilot1"
"51000000103BEA53","DS1925",2026-05-05 15:57:48,20,"t","t","pilot1"
"51000000103BEA53","DS1925",2026-05-05 16:02:48,20,"t","t","pilot1"
"51000000103BEA53","DS1925",2026-05-05 16:07:48,20,"t","t","pilot1"
"51000000103BEA53","DS1925",2026-05-05 16:12:48,19.5,"t","t","pilot1"
"51000000103BEA53","DS1925",2026-05-05 16:17:48,20,"t","t","pilot1"
"51000000103BEA53","DS1925",2026-05-05 16:22:48,20,"t","t","pilot1"
"51000000103BEA53","DS1925",2026-05-05 16:27:48,20,"t","t","pilot1"
"51000000103BEA53","DS1925",2026-05-05 16:32:48,19.5,"t","t","pilot1"
"51000000103BEA53","DS1925",2026-05-05 16:37:48,19.5,"t","t","pilot1"
"51000000103BEA53","DS1925",2026-05-05 16:42:48,19.5,"t","t","pilot1"
"51000000103BEA53","DS1925",2026-05-05 16:47:48,19.5,"t","t","pilot1"
"51000000103BEA53","DS1925",2026-05-05 16:52:48,19.5,"t","t","pilot1"
"51000000103BEA53","DS1925",2026-05-05 16:57:48,19.5,"t","t","pilot1"
"51000000103BEA53","DS1925",2026-05-05 17:02:48,19,"t","t","pilot1"
"51000000103BEA53","DS1925",2026-05-05 17:07:48,19,"t","t","pilot1"
"51000000103BEA53","DS1925",2026-05-05 17:12:48,19,"t","t","pilot1"
"51000000103BEA53","DS1925",2026-05-05 17:17:48,19,"t","t","pilot1"
"51000000103BEA53","DS1925",2026-05-05 17:22:48,18.5,"t","t","pilot1"
"51000000103BEA53","DS1925",2026-05-05 17:27:48,18.5,"t","t","pilot1"
"51000000103BEA53","DS1925",2026-05-05 17:32:48,18.5,"t","t","pilot1"
"51000000103BEA53","DS1925",2026-05-05 17:37:48,18.5,"t","t","pilot1"
"51000000103BEA53","DS1925",2026-05-05 17:42:48,18,"t","t","pilot1"
"51000000103BEA53","DS1925",2026-05-05 17:47:48,18,"t","t","pilot1"
"51000000103BEA53","DS1925",2026-05-05 17:52:48,17.5,"t","t","pilot1"
"51000000103BEA53","DS1925",2026-05-05 17:57:48,17.5,"t","t","pilot1"
"51000000103BEA53","DS1925",2026-05-05 18:02:48,17,"t","t","pilot1"
"51000000103BEA53","DS1925",2026-05-05 18:07:48,17,"t","t","pilot1"
"51000000103BEA53","DS1925",2026-05-05 18:12:48,17,"t","t","pilot1"
"51000000103BEA53","DS1925",2026-05-05 18:17:48,16.5,"t","t","pilot1"
"51000000103BEA53","DS1925",2026-05-05 18:22:48,16.5,"t","t","pilot1"
"51000000103BEA53","DS1925",2026-05-05 18:27:48,16,"t","t","pilot1"
"51000000103BEA53","DS1925",2026-05-05 18:32:48,16,"t","t","pilot1"
"51000000103BEA53","DS1925",2026-05-05 18:37:48,15.5,"t","t","pilot1"
"51000000103BEA53","DS1925",2026-05-05 18:42:48,15,"t","t","pilot1"
"51000000103BEA53","DS1925",2026-05-05 18:47:48,15,"t","t","pilot1"
"51000000103BEA53","DS1925",2026-05-05 18:52:48,15,"t","t","pilot1"
"51000000103BEA53","DS1925",2026-05-05 18:57:48,14.5,"t","t","pilot1"
"51000000103BEA53","DS1925",2026-05-05 19:02:48,14.5,"t","t","pilot1"
"51000000103BEA53","DS1925",2026-05-05 19:07:48,14.5,"t","t","pilot1"
"51000000103BEA53","DS1925",2026-05-05 19:12:48,14.5,"t","t","pilot1"
"51000000103BEA53","DS1925",2026-05-05 19:17:48,14.5,"t","t","pilot1"
"51000000103BEA53","DS1925",2026-05-05 19:22:48,14.5,"t","t","pilot1"
"51000000103BEA53","DS1925",2026-05-05 19:27:48,14,"t","t","pilot1"
"51000000103BEA53","DS1925",2026-05-05 19:32:48,14,"t","t","pilot1"
"51000000103BEA53","DS1925",2026-05-05 19:37:48,14,"t","t","pilot1"
"51000000103BEA53","DS1925",2026-05-05 19:42:48,14,"t","t","pilot1"
"51000000103BEA53","DS1925",2026-05-05 19:47:48,14,"t","t","pilot1"
"51000000103BEA53","DS1925",2026-05-05 19:52:48,14,"t","t","pilot1"
"51000000103BEA53","DS1925",2026-05-05 19:57:48,14,"t","t","pilot1"
"51000000103BEA53","DS1925",2026-05-05 20:02:48,13.5,"t","t","pilot1"
"51000000103BEA53","DS1925",2026-05-05 20:07:48,13.5,"t","t","pilot1"
"51000000103BEA53","DS1925",2026-05-05 20:12:48,13.5,"t","t","pilot1"
"51000000103BEA53","DS1925",2026-05-05 20:17:48,13.5,"t","t","pilot1"
"51000000103BEA53","DS1925",2026-05-05 20:22:48,13.5,"t","t","pilot1"
"51000000103BEA53","DS1925",2026-05-05 20:27:48,13,"t","t","pilot1"
"51000000103BEA53","DS1925",2026-05-05 20:32:48,13,"t","t","pilot1"
"51000000103BEA53","DS1925",2026-05-05 20:37:48,13,"t","t","pilot1"
"51000000103BEA53","DS1925",2026-05-05 20:42:48,13,"t","t","pilot1"
"51000000103BEA53","DS1925",2026-05-05 20:47:48,13,"t","t","pilot1"
"51000000103BEA53","DS1925",2026-05-05 20:52:48,13,"t","t","pilot1"
"51000000103BEA53","DS1925",2026-05-05 20:57:48,13,"t","t","pilot1"
"51000000103BEA53","DS1925",2026-05-05 21:02:48,12.5,"t","t","pilot1"
"51000000103BEA53","DS1925",2026-05-05 21:07:48,12.5,"t","t","pilot1"
"51000000103BEA53","DS1925",2026-05-05 21:12:48,12.5,"t","t","pilot1"
"51000000103BEA53","DS1925",2026-05-05 21:17:48,12.5,"t","t","pilot1"
"51000000103BEA53","DS1925",2026-05-05 21:22:48,12.5,"t","t","pilot1"
"51000000103BEA53","DS1925",2026-05-05 21:27:48,12.5,"t","t","pilot1"
"51000000103BEA53","DS1925",2026-05-05 21:32:48,12,"t","t","pilot1"
"51000000103BEA53","DS1925",2026-05-05 21:37:48,12,"t","t","pilot1"
"51000000103BEA53","DS1925",2026-05-05 21:42:48,12,"t","t","pilot1"
"51000000103BEA53","DS1925",2026-05-05 21:47:48,12,"t","t","pilot1"
"51000000103BEA53","DS1925",2026-05-05 21:52:48,12,"t","t","pilot1"
"51000000103BEA53","DS1925",2026-05-05 21:57:48,12,"t","t","pilot1"
"51000000103BEA53","DS1925",2026-05-05 22:02:48,12,"t","t","pilot1"
"51000000103BEA53","DS1925",2026-05-05 22:07:48,12,"t","t","pilot1"
"51000000103BEA53","DS1925",2026-05-05 22:12:48,11.5,"t","t","pilot1"
"51000000103BEA53","DS1925",2026-05-05 22:17:48,11.5,"t","t","pilot1"
"51000000103BEA53","DS1925",2026-05-05 22:22:48,11.5,"t","t","pilot1"
"51000000103BEA53","DS1925",2026-05-05 22:27:48,11.5,"t","t","pilot1"
"51000000103BEA53","DS1925",2026-05-05 22:32:48,11.5,"t","t","pilot1"
"51000000103BEA53","DS1925",2026-05-05 22:37:48,11.5,"t","t","pilot1"
"51000000103BEA53","DS1925",2026-05-05 22:42:48,11.5,"t","t","pilot1"
"51000000103BEA53","DS1925",2026-05-05 22:47:48,11.5,"t","t","pilot1"
"51000000103BEA53","DS1925",2026-05-05 22:52:48,11.5,"t","t","pilot1"
"51000000103BEA53","DS1925",2026-05-05 22:57:48,11.5,"t","t","pilot1"
"51000000103BEA53","DS1925",2026-05-05 23:02:48,11.5,"t","t","pilot1"
"51000000103BEA53","DS1925",2026-05-05 23:07:48,11.5,"t","t","pilot1"
"51000000103BEA53","DS1925",2026-05-05 23:12:48,11.5,"t","t","pilot1"
"51000000103BEA53","DS1925",2026-05-05 23:17:48,11,"t","t","pilot1"
"51000000103BEA53","DS1925",2026-05-05 23:22:48,11,"t","t","pilot1"
"51000000103BEA53","DS1925",2026-05-05 23:27:48,11,"t","t","pilot1"
"51000000103BEA53","DS1925",2026-05-05 23:32:48,11,"t","t","pilot1"
"51000000103BEA53","DS1925",2026-05-05 23:37:48,11,"t","t","pilot1"
"51000000103BEA53","DS1925",2026-05-05 23:42:48,11,"t","t","pilot1"
"51000000103BEA53","DS1925",2026-05-05 23:47:48,11,"t","t","pilot1"
"51000000103BEA53","DS1925",2026-05-05 23:52:48,11,"t","t","pilot1"
"51000000103BEA53","DS1925",2026-05-05 23:57:48,11,"t","t","pilot1"
"51000000103BEA53","DS1925",2026-05-06 00:02:48,11,"t","t","pilot1"
"51000000103BEA53","DS1925",2026-05-06 00:07:48,11,"t","t","pilot1"
"51000000103BEA53","DS1925",2026-05-06 00:12:48,10.5,"t","t","pilot1"
"51000000103BEA53","DS1925",2026-05-06 00:17:48,10.5,"t","t","pilot1"
"51000000103BEA53","DS1925",2026-05-06 00:22:48,10.5,"t","t","pilot1"
"51000000103BEA53","DS1925",2026-05-06 00:27:48,10.5,"t","t","pilot1"
"51000000103BEA53","DS1925",2026-05-06 00:32:48,10.5,"t","t","pilot1"
"51000000103BEA53","DS1925",2026-05-06 00:37:48,10.5,"t","t","pilot1"
"51000000103BEA53","DS1925",2026-05-06 00:42:48,10.5,"t","t","pilot1"
"51000000103BEA53","DS1925",2026-05-06 00:47:48,10.5,"t","t","pilot1"
"51000000103BEA53","DS1925",2026-05-06 00:52:48,10.5,"t","t","pilot1"
"51000000103BEA53","DS1925",2026-05-06 00:57:48,10.5,"t","t","pilot1"
"51000000103BEA53","DS1925",2026-05-06 01:02:48,10.5,"t","t","pilot1"
"51000000103BEA53","DS1925",2026-05-06 01:07:48,10.5,"t","t","pilot1"
"51000000103BEA53","DS1925",2026-05-06 01:12:48,10.5,"t","t","pilot1"
"51000000103BEA53","DS1925",2026-05-06 01:17:48,10.5,"t","t","pilot1"
"51000000103BEA53","DS1925",2026-05-06 01:22:48,10,"t","t","pilot1"
"51000000103BEA53","DS1925",2026-05-06 01:27:48,10,"t","t","pilot1"
"51000000103BEA53","DS1925",2026-05-06 01:32:48,10,"t","t","pilot1"
"51000000103BEA53","DS1925",2026-05-06 01:37:48,10,"t","t","pilot1"
"51000000103BEA53","DS1925",2026-05-06 01:42:48,10,"t","t","pilot1"
"51000000103BEA53","DS1925",2026-05-06 01:47:48,10,"t","t","pilot1"
"51000000103BEA53","DS1925",2026-05-06 01:52:48,10,"t","t","pilot1"
"51000000103BEA53","DS1925",2026-05-06 01:57:48,10,"t","t","pilot1"
"51000000103BEA53","DS1925",2026-05-06 02:02:48,10,"t","t","pilot1"
"51000000103BEA53","DS1925",2026-05-06 02:07:48,10,"t","t","pilot1"
"51000000103BEA53","DS1925",2026-05-06 02:12:48,9.5,"t","t","pilot1"
"51000000103BEA53","DS1925",2026-05-06 02:17:48,9.5,"t","t","pilot1"
"51000000103BEA53","DS1925",2026-05-06 02:22:48,9.5,"t","t","pilot1"
"51000000103BEA53","DS1925",2026-05-06 02:27:48,9.5,"t","t","pilot1"
"51000000103BEA53","DS1925",2026-05-06 02:32:48,9.5,"t","t","pilot1"
"51000000103BEA53","DS1925",2026-05-06 02:37:48,9.5,"t","t","pilot1"
"51000000103BEA53","DS1925",2026-05-06 02:42:48,9.5,"t","t","pilot1"
"51000000103BEA53","DS1925",2026-05-06 02:47:48,9.5,"t","t","pilot1"
"51000000103BEA53","DS1925",2026-05-06 02:52:48,9.5,"t","t","pilot1"
"51000000103BEA53","DS1925",2026-05-06 02:57:48,9.5,"t","t","pilot1"
"51000000103BEA53","DS1925",2026-05-06 03:02:48,9.5,"t","t","pilot1"
"51000000103BEA53","DS1925",2026-05-06 03:07:48,9.5,"t","t","pilot1"
"51000000103BEA53","DS1925",2026-05-06 03:12:48,9.5,"t","t","pilot1"
"51000000103BEA53","DS1925",2026-05-06 03:17:48,9.5,"t","t","pilot1"
"51000000103BEA53","DS1925",2026-05-06 03:22:48,9.5,"t","t","pilot1"
"51000000103BEA53","DS1925",2026-05-06 03:27:48,9,"t","t","pilot1"
"51000000103BEA53","DS1925",2026-05-06 03:32:48,9,"t","t","pilot1"
"51000000103BEA53","DS1925",2026-05-06 03:37:48,9,"t","t","pilot1"
"51000000103BEA53","DS1925",2026-05-06 03:42:48,9,"t","t","pilot1"
"51000000103BEA53","DS1925",2026-05-06 03:47:48,9,"t","t","pilot1"
"51000000103BEA53","DS1925",2026-05-06 03:52:48,9,"t","t","pilot1"
"51000000103BEA53","DS1925",2026-05-06 03:57:48,9,"t","t","pilot1"
"51000000103BEA53","DS1925",2026-05-06 04:02:48,9,"t","t","pilot1"
"51000000103BEA53","DS1925",2026-05-06 04:07:48,9,"t","t","pilot1"
"51000000103BEA53","DS1925",2026-05-06 04:12:48,9,"t","t","pilot1"
"51000000103BEA53","DS1925",2026-05-06 04:17:48,9,"t","t","pilot1"
"51000000103BEA53","DS1925",2026-05-06 04:22:48,9,"t","t","pilot1"
"51000000103BEA53","DS1925",2026-05-06 04:27:48,9,"t","t","pilot1"
"51000000103BEA53","DS1925",2026-05-06 04:32:48,9,"t","t","pilot1"
"51000000103BEA53","DS1925",2026-05-06 04:37:48,9,"t","t","pilot1"
"51000000103BEA53","DS1925",2026-05-06 04:42:48,9,"t","t","pilot1"
"51000000103BEA53","DS1925",2026-05-06 04:47:48,9,"t","t","pilot1"
"51000000103BEA53","DS1925",2026-05-06 04:52:48,9,"t","t","pilot1"
"51000000103BEA53","DS1925",2026-05-06 04:57:48,9,"t","t","pilot1"
"51000000103BEA53","DS1925",2026-05-06 05:02:48,9,"t","t","pilot1"
"51000000103BEA53","DS1925",2026-05-06 05:07:48,9,"t","t","pilot1"
"51000000103BEA53","DS1925",2026-05-06 05:12:48,9,"t","t","pilot1"
"51000000103BEA53","DS1925",2026-05-06 05:17:48,9,"t","t","pilot1"
"51000000103BEA53","DS1925",2026-05-06 05:22:48,9,"t","t","pilot1"
"51000000103BEA53","DS1925",2026-05-06 05:27:48,8.5,"t","t","pilot1"
"51000000103BEA53","DS1925",2026-05-06 05:32:48,8.5,"t","t","pilot1"
"51000000103BEA53","DS1925",2026-05-06 05:37:48,8.5,"t","t","pilot1"
"51000000103BEA53","DS1925",2026-05-06 05:42:48,8.5,"t","t","pilot1"
"51000000103BEA53","DS1925",2026-05-06 05:47:48,8.5,"t","t","pilot1"
"51000000103BEA53","DS1925",2026-05-06 05:52:48,8.5,"t","t","pilot1"
"51000000103BEA53","DS1925",2026-05-06 05:57:48,8.5,"t","t","pilot1"
"51000000103BEA53","DS1925",2026-05-06 06:02:48,8.5,"t","t","pilot1"
"51000000103BEA53","DS1925",2026-05-06 06:07:48,8.5,"t","t","pilot1"
"51000000103BEA53","DS1925",2026-05-06 06:12:48,8.5,"t","t","pilot1"
"51000000103BEA53","DS1925",2026-05-06 06:17:48,8.5,"t","t","pilot1"
"51000000103BEA53","DS1925",2026-05-06 06:22:48,8.5,"t","t","pilot1"
"51000000103BEA53","DS1925",2026-05-06 06:27:48,8.5,"t","t","pilot1"
"51000000103BEA53","DS1925",2026-05-06 06:32:48,8.5,"t","t","pilot1"
"51000000103BEA53","DS1925",2026-05-06 06:37:48,8.5,"t","t","pilot1"
"51000000103BEA53","DS1925",2026-05-06 06:42:48,8.5,"t","t","pilot1"
"51000000103BEA53","DS1925",2026-05-06 06:47:48,8.5,"t","t","pilot1"
"51000000103BEA53","DS1925",2026-05-06 06:52:48,8.5,"t","t","pilot1"
"51000000103BEA53","DS1925",2026-05-06 06:57:48,8.5,"t","t","pilot1"
"51000000103BEA53","DS1925",2026-05-06 07:02:48,8.5,"t","t","pilot1"
"51000000103BEA53","DS1925",2026-05-06 07:07:48,8.5,"t","t","pilot1"
"51000000103BEA53","DS1925",2026-05-06 07:12:48,8.5,"t","t","pilot1"
"51000000103BEA53","DS1925",2026-05-06 07:17:48,8.5,"t","t","pilot1"
"51000000103BEA53","DS1925",2026-05-06 07:22:48,8.5,"t","t","pilot1"
"51000000103BEA53","DS1925",2026-05-06 07:27:48,8.5,"t","t","pilot1"
"51000000103BEA53","DS1925",2026-05-06 07:32:48,8.5,"t","t","pilot1"
"51000000103BEA53","DS1925",2026-05-06 07:37:48,9,"t","t","pilot1"
"51000000103BEA53","DS1925",2026-05-06 07:42:48,9,"t","t","pilot1"
"51000000103BEA53","DS1925",2026-05-06 07:47:48,9,"t","t","pilot1"
"51000000103BEA53","DS1925",2026-05-06 07:52:48,9,"t","t","pilot1"
"51000000103BEA53","DS1925",2026-05-06 07:57:48,9,"t","t","pilot1"
"51000000103BEA53","DS1925",2026-05-06 08:02:48,9,"t","t","pilot1"
"51000000103BEA53","DS1925",2026-05-06 08:07:48,9,"t","t","pilot1"
"51000000103BEA53","DS1925",2026-05-06 08:12:48,9,"t","t","pilot1"
"51000000103BEA53","DS1925",2026-05-06 08:17:48,9,"t","t","pilot1"
"51000000103BEA53","DS1925",2026-05-06 08:22:48,9,"t","t","pilot1"
"51000000103BEA53","DS1925",2026-05-06 08:27:48,9,"t","t","pilot1"
"51000000103BEA53","DS1925",2026-05-06 08:32:48,9,"t","t","pilot1"
"51000000103BEA53","DS1925",2026-05-06 08:37:48,9,"t","t","pilot1"
"51000000103BEA53","DS1925",2026-05-06 08:42:48,9,"t","t","pilot1"
"51000000103BEA53","DS1925",2026-05-06 08:47:48,9,"t","t","pilot1"
"51000000103BEA53","DS1925",2026-05-06 08:52:48,9,"t","t","pilot1"
"51000000103BEA53","DS1925",2026-05-06 08:57:48,9,"t","t","pilot1"
"51000000103BEA53","DS1925",2026-05-06 09:02:48,9,"t","t","pilot1"
"51000000103BEA53","DS1925",2026-05-06 09:07:48,9.5,"t","t","pilot1"
"51000000103BEA53","DS1925",2026-05-06 09:12:48,9.5,"t","t","pilot1"
"51000000103BEA53","DS1925",2026-05-06 09:17:48,9.5,"t","t","pilot1"
"51000000103BEA53","DS1925",2026-05-06 09:22:48,9.5,"t","t","pilot1"
"51000000103BEA53","DS1925",2026-05-06 09:27:48,9.5,"t","t","pilot1"
"51000000103BEA53","DS1925",2026-05-06 09:32:48,9.5,"t","t","pilot1"
"51000000103BEA53","DS1925",2026-05-06 09:37:48,9.5,"t","t","pilot1"
"51000000103BEA53","DS1925",2026-05-06 09:42:48,9.5,"t","t","pilot1"
"51000000103BEA53","DS1925",2026-05-06 09:47:48,9.5,"t","t","pilot1"
"51000000103BEA53","DS1925",2026-05-06 09:52:48,9.5,"t","t","pilot1"
"51000000103BEA53","DS1925",2026-05-06 09:57:48,10,"t","t","pilot1"
"51000000103BEA53","DS1925",2026-05-06 10:02:48,10,"t","t","pilot1"
"51000000103BEA53","DS1925",2026-05-06 10:07:48,10,"t","t","pilot1"
"51000000103BEA53","DS1925",2026-05-06 10:12:48,10,"t","t","pilot1"
"51000000103BEA53","DS1925",2026-05-06 10:17:48,10,"t","t","pilot1"
"51000000103BEA53","DS1925",2026-05-06 10:22:48,10,"t","t","pilot1"
"51000000103BEA53","DS1925",2026-05-06 10:27:48,10,"t","t","pilot1"
"51000000103BEA53","DS1925",2026-05-06 10:32:48,10,"t","t","pilot1"
"51000000103BEA53","DS1925",2026-05-06 10:37:48,10.5,"t","t","pilot1"
"51000000103BEA53","DS1925",2026-05-06 10:42:48,10.5,"t","t","pilot1"
"51000000103BEA53","DS1925",2026-05-06 10:47:48,10.5,"t","t","pilot1"
"51000000103BEA53","DS1925",2026-05-06 10:52:48,10.5,"t","t","pilot1"
"51000000103BEA53","DS1925",2026-05-06 10:57:48,10.5,"t","t","pilot1"
"51000000103BEA53","DS1925",2026-05-06 11:02:48,10.5,"t","t","pilot1"
"51000000103BEA53","DS1925",2026-05-06 11:07:48,10.5,"t","t","pilot1"
"51000000103BEA53","DS1925",2026-05-06 11:12:48,11,"t","t","pilot1"
"51000000103BEA53","DS1925",2026-05-06 11:17:48,11,"t","t","pilot1"
"51000000103BEA53","DS1925",2026-05-06 11:22:48,11,"t","t","pilot1"
"51000000103BEA53","DS1925",2026-05-06 11:27:48,11.5,"t","t","pilot1"
"51000000103BEA53","DS1925",2026-05-06 11:32:48,11.5,"t","t","pilot1"
"51000000103BEA53","DS1925",2026-05-06 11:37:48,11.5,"t","t","pilot1"
"51000000103BEA53","DS1925",2026-05-06 11:42:48,11.5,"t","t","pilot1"
"51000000103BEA53","DS1925",2026-05-06 11:47:48,12,"t","t","pilot1"
"51000000103BEA53","DS1925",2026-05-06 11:52:48,12,"t","t","pilot1"
"51000000103BEA53","DS1925",2026-05-06 11:57:48,12,"t","t","pilot1"
"51000000103BEA53","DS1925",2026-05-06 12:02:48,12,"t","t","pilot1"
"51000000103BEA53","DS1925",2026-05-06 12:07:48,12,"t","t","pilot1"
"51000000103BEA53","DS1925",2026-05-06 12:12:48,12,"t","t","pilot1"
"51000000103BEA53","DS1925",2026-05-06 12:17:48,12,"t","t","pilot1"
"51000000103BEA53","DS1925",2026-05-06 12:22:48,12,"t","t","pilot1"
"51000000103BEA53","DS1925",2026-05-06 12:27:48,12,"t","t","pilot1"
"51000000103BEA53","DS1925",2026-05-06 12:32:48,12,"t","t","pilot1"
"51000000103BEA53","DS1925",2026-05-06 12:37:48,12,"t","t","pilot1"
"51000000103BEA53","DS1925",2026-05-06 12:42:48,12,"t","t","pilot1"
"51000000103BEA53","DS1925",2026-05-06 12:47:48,12,"t","t","pilot1"
"51000000103BEA53","DS1925",2026-05-06 12:52:48,12,"t","t","pilot1"
"51000000103BEA53","DS1925",2026-05-06 12:57:48,12,"t","t","pilot1"
"51000000103BEA53","DS1925",2026-05-06 13:02:48,12,"t","t","pilot1"
"51000000103BEA53","DS1925",2026-05-06 13:07:48,12,"t","t","pilot1"
"51000000103BEA53","DS1925",2026-05-06 13:12:48,12,"t","t","pilot1"
"51000000103BEA53","DS1925",2026-05-06 13:17:48,12,"t","t","pilot1"
"51000000103BEA53","DS1925",2026-05-06 13:22:48,12,"t","t","pilot1"
"51000000103BEA53","DS1925",2026-05-06 13:27:48,12,"t","t","pilot1"
"51000000103BEA53","DS1925",2026-05-06 13:32:48,12,"t","t","pilot1"
"51000000103BEA53","DS1925",2026-05-06 13:37:48,12,"t","t","pilot1"
"51000000103BEA53","DS1925",2026-05-06 13:42:48,12.5,"t","t","pilot1"
"51000000103BEA53","DS1925",2026-05-06 13:47:48,12.5,"t","t","pilot1"
"51000000103BEA53","DS1925",2026-05-06 13:52:48,13,"t","t","pilot1"
"51000000103BEA53","DS1925",2026-05-06 13:57:48,13,"t","t","pilot1"
"51000000103BEA53","DS1925",2026-05-06 14:02:48,13.5,"t","t","pilot1"
"51000000103BEA53","DS1925",2026-05-06 14:07:48,13.5,"t","t","pilot1"
"51000000103BEA53","DS1925",2026-05-06 14:12:48,14,"t","t","pilot1"
"51000000103BEA53","DS1925",2026-05-06 14:17:48,14,"t","t","pilot1"
"51000000103BEA53","DS1925",2026-05-06 14:22:48,14,"t","t","pilot1"
"51000000103BEA53","DS1925",2026-05-06 14:27:48,14.5,"t","t","pilot1"
"51000000103BEA53","DS1925",2026-05-06 14:32:48,14.5,"t","t","pilot1"
"51000000103BEA53","DS1925",2026-05-06 14:37:48,14.5,"t","t","pilot1"
"51000000103BEA53","DS1925",2026-05-06 14:42:48,14.5,"t","t","pilot1"
"51000000103BEA53","DS1925",2026-05-06 14:47:48,14.5,"t","t","pilot1"
"51000000103BEA53","DS1925",2026-05-06 14:52:48,15,"t","t","pilot1"
"51000000103BEA53","DS1925",2026-05-06 14:57:48,15,"t","t","pilot1"
"51000000103BEA53","DS1925",2026-05-06 15:02:48,15,"t","t","pilot1"
"51000000103BEA53","DS1925",2026-05-06 15:07:48,15,"t","t","pilot1"
"51000000103BEA53","DS1925",2026-05-06 15:12:48,15,"t","t","pilot1"
"51000000103BEA53","DS1925",2026-05-06 15:17:48,15.5,"t","t","pilot1"
"51000000103BEA53","DS1925",2026-05-06 15:22:48,15.5,"t","t","pilot1"
"51000000103BEA53","DS1925",2026-05-06 15:27:48,15.5,"t","t","pilot1"
"51000000103BEA53","DS1925",2026-05-06 15:32:48,16,"t","t","pilot1"
"51000000103BEA53","DS1925",2026-05-06 15:37:48,16,"t","t","pilot1"
"51000000103BEA53","DS1925",2026-05-06 15:42:48,16.5,"t","t","pilot1"
"51000000103BEA53","DS1925",2026-05-06 15:47:48,16.5,"t","t","pilot1"
"51000000103BEA53","DS1925",2026-05-06 15:52:48,16.5,"t","t","pilot1"
"51000000103BEA53","DS1925",2026-05-06 15:57:48,17,"t","t","pilot1"
"51000000103BEA53","DS1925",2026-05-06 16:02:48,17,"t","t","pilot1"
"51000000103BEA53","DS1925",2026-05-06 16:07:48,16.5,"t","t","pilot1"
"51000000103BEA53","DS1925",2026-05-06 16:12:48,16.5,"t","t","pilot1"
"51000000103BEA53","DS1925",2026-05-06 16:17:48,16.5,"t","t","pilot1"
"51000000103BEA53","DS1925",2026-05-06 16:22:48,16.5,"t","t","pilot1"
"51000000103BEA53","DS1925",2026-05-06 16:27:48,16.5,"t","t","pilot1"
"51000000103BEA53","DS1925",2026-05-06 16:32:48,16.5,"t","t","pilot1"
"51000000103BEA53","DS1925",2026-05-06 16:37:48,16.5,"t","t","pilot1"
"51000000103BEA53","DS1925",2026-05-06 16:42:48,16,"t","t","pilot1"
"51000000103BEA53","DS1925",2026-05-06 16:47:48,16,"t","t","pilot1"
"51000000103BEA53","DS1925",2026-05-06 16:52:48,16,"t","t","pilot1"
"51000000103BEA53","DS1925",2026-05-06 16:57:48,16,"t","t","pilot1"
"51000000103BEA53","DS1925",2026-05-06 17:02:48,15.5,"t","t","pilot1"
"51000000103BEA53","DS1925",2026-05-06 17:07:48,15.5,"t","t","pilot1"
"51000000103BEA53","DS1925",2026-05-06 17:12:48,15.5,"t","t","pilot1"
"51000000103BEA53","DS1925",2026-05-06 17:17:48,15,"t","t","pilot1"
"51000000103BEA53","DS1925",2026-05-06 17:22:48,15,"t","t","pilot1"
"51000000103BEA53","DS1925",2026-05-06 17:27:48,15,"t","t","pilot1"
"51000000103BEA53","DS1925",2026-05-06 17:32:48,15,"t","t","pilot1"
"51000000103BEA53","DS1925",2026-05-06 17:37:48,15,"t","t","pilot1"
"51000000103BEA53","DS1925",2026-05-06 17:42:48,14.5,"t","t","pilot1"
"51000000103BEA53","DS1925",2026-05-06 17:47:48,14.5,"t","t","pilot1"
"51000000103BEA53","DS1925",2026-05-06 17:52:48,14.5,"t","t","pilot1"
"51000000103BEA53","DS1925",2026-05-06 17:57:48,14,"t","t","pilot1"
"51000000103BEA53","DS1925",2026-05-06 18:02:48,14,"t","t","pilot1"
"51000000103BEA53","DS1925",2026-05-06 18:07:48,14,"t","t","pilot1"
"51000000103BEA53","DS1925",2026-05-06 18:12:48,13.5,"t","t","pilot1"
"51000000103BEA53","DS1925",2026-05-06 18:17:48,13.5,"t","t","pilot1"
"51000000103BEA53","DS1925",2026-05-06 18:22:48,13.5,"t","t","pilot1"
"51000000103BEA53","DS1925",2026-05-06 18:27:48,13.5,"t","t","pilot1"
"51000000103BEA53","DS1925",2026-05-06 18:32:48,13.5,"t","t","pilot1"
"51000000103BEA53","DS1925",2026-05-06 18:37:48,13,"t","t","pilot1"
"51000000103BEA53","DS1925",2026-05-06 18:42:48,13,"t","t","pilot1"
"51000000103BEA53","DS1925",2026-05-06 18:47:48,13,"t","t","pilot1"
"51000000103BEA53","DS1925",2026-05-06 18:52:48,13,"t","t","pilot1"
"51000000103BEA53","DS1925",2026-05-06 18:57:48,13,"t","t","pilot1"
"51000000103BEA53","DS1925",2026-05-06 19:02:48,13,"t","t","pilot1"
"51000000103BEA53","DS1925",2026-05-06 19:07:48,12.5,"t","t","pilot1"
"51000000103BEA53","DS1925",2026-05-06 19:12:48,12.5,"t","t","pilot1"
"51000000103BEA53","DS1925",2026-05-06 19:17:48,12.5,"t","t","pilot1"
"51000000103BEA53","DS1925",2026-05-06 19:22:48,12.5,"t","t","pilot1"
"51000000103BEA53","DS1925",2026-05-06 19:27:48,12.5,"t","t","pilot1"
"51000000103BEA53","DS1925",2026-05-06 19:32:48,12,"t","t","pilot1"
"51000000103BEA53","DS1925",2026-05-06 19:37:48,12,"t","t","pilot1"
"51000000103BEA53","DS1925",2026-05-06 19:42:48,12,"t","t","pilot1"
"51000000103BEA53","DS1925",2026-05-06 19:47:48,12,"t","t","pilot1"
"51000000103BEA53","DS1925",2026-05-06 19:52:48,12,"t","t","pilot1"
"51000000103BEA53","DS1925",2026-05-06 19:57:48,11.5,"t","t","pilot1"
"51000000103BEA53","DS1925",2026-05-06 20:02:48,11.5,"t","t","pilot1"
"51000000103BEA53","DS1925",2026-05-06 20:07:48,11.5,"t","t","pilot1"
"51000000103BEA53","DS1925",2026-05-06 20:12:48,11.5,"t","t","pilot1"
"51000000103BEA53","DS1925",2026-05-06 20:17:48,11.5,"t","t","pilot1"
"51000000103BEA53","DS1925",2026-05-06 20:22:48,11,"t","t","pilot1"
"51000000103BEA53","DS1925",2026-05-06 20:27:48,11,"t","t","pilot1"
"51000000103BEA53","DS1925",2026-05-06 20:32:48,11,"t","t","pilot1"
"51000000103BEA53","DS1925",2026-05-06 20:37:48,11,"t","t","pilot1"
"51000000103BEA53","DS1925",2026-05-06 20:42:48,11,"t","t","pilot1"
"51000000103BEA53","DS1925",2026-05-06 20:47:48,11,"t","t","pilot1"
"51000000103BEA53","DS1925",2026-05-06 20:52:48,11,"t","t","pilot1"
"51000000103BEA53","DS1925",2026-05-06 20:57:48,10.5,"t","t","pilot1"
"51000000103BEA53","DS1925",2026-05-06 21:02:48,10.5,"t","t","pilot1"
"51000000103BEA53","DS1925",2026-05-06 21:07:48,10.5,"t","t","pilot1"
"51000000103BEA53","DS1925",2026-05-06 21:12:48,10.5,"t","t","pilot1"
"51000000103BEA53","DS1925",2026-05-06 21:17:48,10.5,"t","t","pilot1"
"51000000103BEA53","DS1925",2026-05-06 21:22:48,10.5,"t","t","pilot1"
"51000000103BEA53","DS1925",2026-05-06 21:27:48,10.5,"t","t","pilot1"
"51000000103BEA53","DS1925",2026-05-06 21:32:48,10.5,"t","t","pilot1"
"51000000103BEA53","DS1925",2026-05-06 21:37:48,10.5,"t","t","pilot1"
"51000000103BEA53","DS1925",2026-05-06 21:42:48,10.5,"t","t","pilot1"
"51000000103BEA53","DS1925",2026-05-06 21:47:48,10.5,"t","t","pilot1"
"51000000103BEA53","DS1925",2026-05-06 21:52:48,10,"t","t","pilot1"
"51000000103BEA53","DS1925",2026-05-06 21:57:48,10,"t","t","pilot1"
"51000000103BEA53","DS1925",2026-05-06 22:02:48,10,"t","t","pilot1"
"51000000103BEA53","DS1925",2026-05-06 22:07:48,10,"t","t","pilot1"
"51000000103BEA53","DS1925",2026-05-06 22:12:48,10,"t","t","pilot1"
"51000000103BEA53","DS1925",2026-05-06 22:17:48,10,"t","t","pilot1"
"51000000103BEA53","DS1925",2026-05-06 22:22:48,10,"t","t","pilot1"
"51000000103BEA53","DS1925",2026-05-06 22:27:48,10,"t","t","pilot1"
"51000000103BEA53","DS1925",2026-05-06 22:32:48,10,"t","t","pilot1"
"51000000103BEA53","DS1925",2026-05-06 22:37:48,10,"t","t","pilot1"
"51000000103BEA53","DS1925",2026-05-06 22:42:48,10,"t","t","pilot1"
"51000000103BEA53","DS1925",2026-05-06 22:47:48,10,"t","t","pilot1"
"51000000103BEA53","DS1925",2026-05-06 22:52:48,10,"t","t","pilot1"
"51000000103BEA53","DS1925",2026-05-06 22:57:48,10,"t","t","pilot1"
"51000000103BEA53","DS1925",2026-05-06 23:02:48,10,"t","t","pilot1"
"51000000103BEA53","DS1925",2026-05-06 23:07:48,10,"t","t","pilot1"
"51000000103BEA53","DS1925",2026-05-06 23:12:48,10,"t","t","pilot1"
"51000000103BEA53","DS1925",2026-05-06 23:17:48,9.5,"t","t","pilot1"
"51000000103BEA53","DS1925",2026-05-06 23:22:48,9.5,"t","t","pilot1"
"51000000103BEA53","DS1925",2026-05-06 23:27:48,9.5,"t","t","pilot1"
"51000000103BEA53","DS1925",2026-05-06 23:32:48,9.5,"t","t","pilot1"
"51000000103BEA53","DS1925",2026-05-06 23:37:48,9.5,"t","t","pilot1"
"51000000103BEA53","DS1925",2026-05-06 23:42:48,9.5,"t","t","pilot1"
"51000000103BEA53","DS1925",2026-05-06 23:47:48,9,"t","t","pilot1"
"51000000103BEA53","DS1925",2026-05-06 23:52:48,9,"t","t","pilot1"
"51000000103BEA53","DS1925",2026-05-06 23:57:48,9,"t","t","pilot1"
"51000000103BEA53","DS1925",2026-05-07 00:02:48,9,"t","t","pilot1"
"51000000103BEA53","DS1925",2026-05-07 00:07:48,9,"t","t","pilot1"
"51000000103BEA53","DS1925",2026-05-07 00:12:48,9,"t","t","pilot1"
"51000000103BEA53","DS1925",2026-05-07 00:17:48,9,"t","t","pilot1"
"51000000103BEA53","DS1925",2026-05-07 00:22:48,9,"t","t","pilot1"
"51000000103BEA53","DS1925",2026-05-07 00:27:48,9,"t","t","pilot1"
"51000000103BEA53","DS1925",2026-05-07 00:32:48,9,"t","t","pilot1"
"51000000103BEA53","DS1925",2026-05-07 00:37:48,9,"t","t","pilot1"
"51000000103BEA53","DS1925",2026-05-07 00:42:48,9,"t","t","pilot1"
"51000000103BEA53","DS1925",2026-05-07 00:47:48,9,"t","t","pilot1"
"51000000103BEA53","DS1925",2026-05-07 00:52:48,9,"t","t","pilot1"
"51000000103BEA53","DS1925",2026-05-07 00:57:48,9,"t","t","pilot1"
"51000000103BEA53","DS1925",2026-05-07 01:02:48,9,"t","t","pilot1"
"51000000103BEA53","DS1925",2026-05-07 01:07:48,9,"t","t","pilot1"
"51000000103BEA53","DS1925",2026-05-07 01:12:48,8.5,"t","t","pilot1"
"51000000103BEA53","DS1925",2026-05-07 01:17:48,8.5,"t","t","pilot1"
"51000000103BEA53","DS1925",2026-05-07 01:22:48,8.5,"t","t","pilot1"
"51000000103BEA53","DS1925",2026-05-07 01:27:48,8.5,"t","t","pilot1"
"51000000103BEA53","DS1925",2026-05-07 01:32:48,8.5,"t","t","pilot1"
"51000000103BEA53","DS1925",2026-05-07 01:37:48,8.5,"t","t","pilot1"
"51000000103BEA53","DS1925",2026-05-07 01:42:48,8,"t","t","pilot1"
"51000000103BEA53","DS1925",2026-05-07 01:47:48,8,"t","t","pilot1"
"51000000103BEA53","DS1925",2026-05-07 01:52:48,8,"t","t","pilot1"
"51000000103BEA53","DS1925",2026-05-07 01:57:48,8,"t","t","pilot1"
"51000000103BEA53","DS1925",2026-05-07 02:02:48,8,"t","t","pilot1"
"51000000103BEA53","DS1925",2026-05-07 02:07:48,8,"t","t","pilot1"
"51000000103BEA53","DS1925",2026-05-07 02:12:48,8,"t","t","pilot1"
"51000000103BEA53","DS1925",2026-05-07 02:17:48,7.5,"t","t","pilot1"
"51000000103BEA53","DS1925",2026-05-07 02:22:48,7.5,"t","t","pilot1"
"51000000103BEA53","DS1925",2026-05-07 02:27:48,7.5,"t","t","pilot1"
"51000000103BEA53","DS1925",2026-05-07 02:32:48,7.5,"t","t","pilot1"
"51000000103BEA53","DS1925",2026-05-07 02:37:48,7.5,"t","t","pilot1"
"51000000103BEA53","DS1925",2026-05-07 02:42:48,7.5,"t","t","pilot1"
"51000000103BEA53","DS1925",2026-05-07 02:47:48,7.5,"t","t","pilot1"
"51000000103BEA53","DS1925",2026-05-07 02:52:48,7,"t","t","pilot1"
"51000000103BEA53","DS1925",2026-05-07 02:57:48,7,"t","t","pilot1"
"51000000103BEA53","DS1925",2026-05-07 03:02:48,7,"t","t","pilot1"
"51000000103BEA53","DS1925",2026-05-07 03:07:48,7,"t","t","pilot1"
"51000000103BEA53","DS1925",2026-05-07 03:12:48,7,"t","t","pilot1"
"51000000103BEA53","DS1925",2026-05-07 03:17:48,7,"t","t","pilot1"
"51000000103BEA53","DS1925",2026-05-07 03:22:48,7,"t","t","pilot1"
"51000000103BEA53","DS1925",2026-05-07 03:27:48,6.5,"t","t","pilot1"
"51000000103BEA53","DS1925",2026-05-07 03:32:48,6.5,"t","t","pilot1"
"51000000103BEA53","DS1925",2026-05-07 03:37:48,6.5,"t","t","pilot1"
"51000000103BEA53","DS1925",2026-05-07 03:42:48,6.5,"t","t","pilot1"
"51000000103BEA53","DS1925",2026-05-07 03:47:48,6.5,"t","t","pilot1"
"51000000103BEA53","DS1925",2026-05-07 03:52:48,6.5,"t","t","pilot1"
"51000000103BEA53","DS1925",2026-05-07 03:57:48,6.5,"t","t","pilot1"
"51000000103BEA53","DS1925",2026-05-07 04:02:48,6.5,"t","t","pilot1"
"51000000103BEA53","DS1925",2026-05-07 04:07:48,6.5,"t","t","pilot1"
"51000000103BEA53","DS1925",2026-05-07 04:12:48,6.5,"t","t","pilot1"
"51000000103BEA53","DS1925",2026-05-07 04:17:48,6.5,"t","t","pilot1"
"51000000103BEA53","DS1925",2026-05-07 04:22:48,6,"t","t","pilot1"
"51000000103BEA53","DS1925",2026-05-07 04:27:48,6,"t","t","pilot1"
"51000000103BEA53","DS1925",2026-05-07 04:32:48,6,"t","t","pilot1"
"51000000103BEA53","DS1925",2026-05-07 04:37:48,6,"t","t","pilot1"
"51000000103BEA53","DS1925",2026-05-07 04:42:48,6,"t","t","pilot1"
"51000000103BEA53","DS1925",2026-05-07 04:47:48,6,"t","t","pilot1"
"51000000103BEA53","DS1925",2026-05-07 04:52:48,6,"t","t","pilot1"
"51000000103BEA53","DS1925",2026-05-07 04:57:48,6,"t","t","pilot1"
"51000000103BEA53","DS1925",2026-05-07 05:02:48,5.5,"t","t","pilot1"
"51000000103BEA53","DS1925",2026-05-07 05:07:48,5.5,"t","t","pilot1"
"51000000103BEA53","DS1925",2026-05-07 05:12:48,5.5,"t","t","pilot1"
"51000000103BEA53","DS1925",2026-05-07 05:17:48,5.5,"t","t","pilot1"
"51000000103BEA53","DS1925",2026-05-07 05:22:48,5.5,"t","t","pilot1"
"51000000103BEA53","DS1925",2026-05-07 05:27:48,5.5,"t","t","pilot1"
"51000000103BEA53","DS1925",2026-05-07 05:32:48,5.5,"t","t","pilot1"
"51000000103BEA53","DS1925",2026-05-07 05:37:48,5,"t","t","pilot1"
"51000000103BEA53","DS1925",2026-05-07 05:42:48,5,"t","t","pilot1"
"51000000103BEA53","DS1925",2026-05-07 05:47:48,5,"t","t","pilot1"
"51000000103BEA53","DS1925",2026-05-07 05:52:48,5,"t","t","pilot1"
"51000000103BEA53","DS1925",2026-05-07 05:57:48,5,"t","t","pilot1"
"51000000103BEA53","DS1925",2026-05-07 06:02:48,5,"t","t","pilot1"
"51000000103BEA53","DS1925",2026-05-07 06:07:48,5,"t","t","pilot1"
"51000000103BEA53","DS1925",2026-05-07 06:12:48,5,"t","t","pilot1"
"51000000103BEA53","DS1925",2026-05-07 06:17:48,5,"t","t","pilot1"
"51000000103BEA53","DS1925",2026-05-07 06:22:48,5,"t","t","pilot1"
"51000000103BEA53","DS1925",2026-05-07 06:27:48,5,"t","t","pilot1"
"51000000103BEA53","DS1925",2026-05-07 06:32:48,5,"t","t","pilot1"
"51000000103BEA53","DS1925",2026-05-07 06:37:48,5,"t","t","pilot1"
"51000000103BEA53","DS1925",2026-05-07 06:42:48,5,"t","t","pilot1"
"51000000103BEA53","DS1925",2026-05-07 06:47:48,5,"t","t","pilot1"
"51000000103BEA53","DS1925",2026-05-07 06:52:48,5,"t","t","pilot1"
"51000000103BEA53","DS1925",2026-05-07 06:57:48,5,"t","t","pilot1"
"51000000103BEA53","DS1925",2026-05-07 07:02:48,5,"t","t","pilot1"
"51000000103BEA53","DS1925",2026-05-07 07:07:48,5,"t","t","pilot1"
"51000000103BEA53","DS1925",2026-05-07 07:12:48,5.5,"t","t","pilot1"
"51000000103BEA53","DS1925",2026-05-07 07:17:48,5.5,"t","t","pilot1"
"51000000103BEA53","DS1925",2026-05-07 07:22:48,5.5,"t","t","pilot1"
"51000000103BEA53","DS1925",2026-05-07 07:27:48,5.5,"t","t","pilot1"
"51000000103BEA53","DS1925",2026-05-07 07:32:48,5.5,"t","t","pilot1"
"51000000103BEA53","DS1925",2026-05-07 07:37:48,5.5,"t","t","pilot1"
"51000000103BEA53","DS1925",2026-05-07 07:42:48,5.5,"t","t","pilot1"
"51000000103BEA53","DS1925",2026-05-07 07:47:48,5.5,"t","t","pilot1"
"51000000103BEA53","DS1925",2026-05-07 07:52:48,5.5,"t","t","pilot1"
"51000000103BEA53","DS1925",2026-05-07 07:57:48,5.5,"t","t","pilot1"
"51000000103BEA53","DS1925",2026-05-07 08:02:48,5.5,"t","t","pilot1"
"51000000103BEA53","DS1925",2026-05-07 08:07:48,5.5,"t","t","pilot1"
"51000000103BEA53","DS1925",2026-05-07 08:12:48,5.5,"t","t","pilot1"
"51000000103BEA53","DS1925",2026-05-07 08:17:48,5.5,"t","t","pilot1"
"51000000103BEA53","DS1925",2026-05-07 08:22:48,6,"t","t","pilot1"
"51000000103BEA53","DS1925",2026-05-07 08:27:48,6,"t","t","pilot1"
"51000000103BEA53","DS1925",2026-05-07 08:32:48,6,"t","t","pilot1"
"51000000103BEA53","DS1925",2026-05-07 08:37:48,6,"t","t","pilot1"
"51000000103BEA53","DS1925",2026-05-07 08:42:48,6.5,"t","t","pilot1"
"51000000103BEA53","DS1925",2026-05-07 08:47:48,6.5,"t","t","pilot1"
"51000000103BEA53","DS1925",2026-05-07 08:52:48,6.5,"t","t","pilot1"
"51000000103BEA53","DS1925",2026-05-07 08:57:48,6.5,"t","t","pilot1"
"51000000103BEA53","DS1925",2026-05-07 09:02:48,7,"t","t","pilot1"
"51000000103BEA53","DS1925",2026-05-07 09:07:48,7,"t","t","pilot1"
"51000000103BEA53","DS1925",2026-05-07 09:12:48,7,"t","t","pilot1"
"51000000103BEA53","DS1925",2026-05-07 09:17:48,7.5,"t","t","pilot1"
"51000000103BEA53","DS1925",2026-05-07 09:22:48,7.5,"t","t","pilot1"
"51000000103BEA53","DS1925",2026-05-07 09:27:48,7.5,"t","t","pilot1"
"51000000103BEA53","DS1925",2026-05-07 09:32:48,8,"t","t","pilot1"
"51000000103BEA53","DS1925",2026-05-07 09:37:48,8,"t","t","pilot1"
"51000000103BEA53","DS1925",2026-05-07 09:42:48,8.5,"t","t","pilot1"
"51000000103BEA53","DS1925",2026-05-07 09:47:48,9,"t","t","pilot1"
"51000000103BEA53","DS1925",2026-05-07 09:52:48,9,"t","t","pilot1"
"51000000103BEA53","DS1925",2026-05-07 09:57:48,9.5,"t","t","pilot1"
"51000000103BEA53","DS1925",2026-05-07 10:02:48,9.5,"t","t","pilot1"
"51000000103BEA53","DS1925",2026-05-07 10:07:48,9.5,"t","t","pilot1"
"51000000103BEA53","DS1925",2026-05-07 10:12:48,10,"t","t","pilot1"
"51000000103BEA53","DS1925",2026-05-07 10:17:48,10,"t","t","pilot1"
"51000000103BEA53","DS1925",2026-05-07 10:22:48,10,"t","t","pilot1"
"51000000103BEA53","DS1925",2026-05-07 10:27:48,10.5,"t","t","pilot1"
"51000000103BEA53","DS1925",2026-05-07 10:32:48,10.5,"t","t","pilot1"
"51000000103BEA53","DS1925",2026-05-07 10:37:48,10.5,"t","t","pilot1"
"51000000103BEA53","DS1925",2026-05-07 10:42:48,11,"t","t","pilot1"
"51000000103BEA53","DS1925",2026-05-07 10:47:48,11,"t","t","pilot1"
"51000000103BEA53","DS1925",2026-05-07 10:52:48,11,"t","t","pilot1"
"51000000103BEA53","DS1925",2026-05-07 10:57:48,11,"t","t","pilot1"
"51000000103BEA53","DS1925",2026-05-07 11:02:48,11,"t","t","pilot1"
"51000000103BEA53","DS1925",2026-05-07 11:07:48,11,"t","t","pilot1"
"51000000103BEA53","DS1925",2026-05-07 11:12:48,11.5,"t","t","pilot1"
"51000000103BEA53","DS1925",2026-05-07 11:17:48,11.5,"t","t","pilot1"
"51000000103BEA53","DS1925",2026-05-07 11:22:48,11.5,"t","t","pilot1"
"51000000103BEA53","DS1925",2026-05-07 11:27:48,12,"t","t","pilot1"
"51000000103BEA53","DS1925",2026-05-07 11:32:48,12,"t","t","pilot1"
"51000000103BEA53","DS1925",2026-05-07 11:37:48,12,"t","t","pilot1"
"51000000103BEA53","DS1925",2026-05-07 11:42:48,12.5,"t","t","pilot1"
"51000000103BEA53","DS1925",2026-05-07 11:47:48,12.5,"t","t","pilot1"
"51000000103BEA53","DS1925",2026-05-07 11:52:48,13,"t","t","pilot1"
"51000000103BEA53","DS1925",2026-05-07 11:57:48,13,"t","t","pilot1"
"51000000103BEA53","DS1925",2026-05-07 12:02:48,13.5,"t","t","pilot1"
"51000000103BEA53","DS1925",2026-05-07 12:07:48,14,"t","t","pilot1"
"51000000103BEA53","DS1925",2026-05-07 12:12:48,14,"t","t","pilot1"
"51000000103BEA53","DS1925",2026-05-07 12:17:48,14,"t","t","pilot1"
"51000000103BEA53","DS1925",2026-05-07 12:22:48,14,"t","t","pilot1"
"51000000103BEA53","DS1925",2026-05-07 12:27:48,14,"t","t","pilot1"
"51000000103BEA53","DS1925",2026-05-07 12:32:48,14,"t","t","pilot1"
"51000000103BEA53","DS1925",2026-05-07 12:37:48,14,"t","t","pilot1"
"51000000103BEA53","DS1925",2026-05-07 12:42:48,14,"t","t","pilot1"
"51000000103BEA53","DS1925",2026-05-07 12:47:48,14,"t","t","pilot1"
"51000000103BEA53","DS1925",2026-05-07 12:52:48,14,"t","t","pilot1"
"51000000103BEA53","DS1925",2026-05-07 12:57:48,14,"t","t","pilot1"
"51000000103BEA53","DS1925",2026-05-07 13:02:48,14,"t","t","pilot1"
"51000000103BEA53","DS1925",2026-05-07 13:07:48,14.5,"t","t","pilot1"
"51000000103BEA53","DS1925",2026-05-07 13:12:48,14.5,"t","t","pilot1"
"51000000103BEA53","DS1925",2026-05-07 13:17:48,15,"t","t","pilot1"
"51000000103BEA53","DS1925",2026-05-07 13:22:48,15.5,"t","t","pilot1"
"51000000103BEA53","DS1925",2026-05-07 13:27:48,15.5,"t","t","pilot1"
"51000000103BEA53","DS1925",2026-05-07 13:32:48,15.5,"t","t","pilot1"
"51000000103BEA53","DS1925",2026-05-07 13:37:48,16,"t","t","pilot1"
"51000000103BEA53","DS1925",2026-05-07 13:42:48,16,"t","t","pilot1"
"51000000103BEA53","DS1925",2026-05-07 13:47:48,16,"t","t","pilot1"
"51000000103BEA53","DS1925",2026-05-07 13:52:48,16.5,"t","t","pilot1"
"51000000103BEA53","DS1925",2026-05-07 13:57:48,16.5,"t","t","pilot1"
"51000000103BEA53","DS1925",2026-05-07 14:02:48,16.5,"t","t","pilot1"
"51000000103BEA53","DS1925",2026-05-07 14:07:48,16,"t","t","pilot1"
"51000000103BEA53","DS1925",2026-05-07 14:12:48,16,"t","t","pilot1"
"51000000103BEA53","DS1925",2026-05-07 14:17:48,16,"t","t","pilot1"
"51000000103BEA53","DS1925",2026-05-07 14:22:48,15.5,"t","t","pilot1"
"51000000103BEA53","DS1925",2026-05-07 14:27:48,16,"t","t","pilot1"
"51000000103BEA53","DS1925",2026-05-07 14:32:48,15.5,"t","t","pilot1"
"51000000103BEA53","DS1925",2026-05-07 14:37:48,15.5,"t","t","pilot1"
"51000000103BEA53","DS1925",2026-05-07 14:42:48,15.5,"t","t","pilot1"
"51000000103BEA53","DS1925",2026-05-07 14:47:48,15.5,"t","t","pilot1"
"51000000103BEA53","DS1925",2026-05-07 14:52:48,15.5,"t","t","pilot1"
"51000000103BEA53","DS1925",2026-05-07 14:57:48,15.5,"t","t","pilot1"
"51000000103BEA53","DS1925",2026-05-07 15:02:48,16,"t","t","pilot1"
"51000000103BEA53","DS1925",2026-05-07 15:07:48,16,"t","t","pilot1"
"51000000103BEA53","DS1925",2026-05-07 15:12:48,16,"t","t","pilot1"
"51000000103BEA53","DS1925",2026-05-07 15:17:48,16.5,"t","t","pilot1"
"51000000103BEA53","DS1925",2026-05-07 15:22:48,17,"t","t","pilot1"
"51000000103BEA53","DS1925",2026-05-07 15:27:48,17,"t","t","pilot1"
"51000000103BEA53","DS1925",2026-05-07 15:32:48,17,"t","t","pilot1"
"51000000103BEA53","DS1925",2026-05-07 15:37:48,17,"t","t","pilot1"
"51000000103BEA53","DS1925",2026-05-07 15:42:48,17.5,"t","t","pilot1"
"51000000103BEA53","DS1925",2026-05-07 15:47:48,17,"t","t","pilot1"
"51000000103BEA53","DS1925",2026-05-07 15:52:48,17.5,"t","t","pilot1"
"51000000103BEA53","DS1925",2026-05-07 15:57:48,17.5,"t","t","pilot1"
"51000000103BEA53","DS1925",2026-05-07 16:02:48,17.5,"t","t","pilot1"
"51000000103BEA53","DS1925",2026-05-07 16:07:48,17.5,"t","t","pilot1"
"51000000103BEA53","DS1925",2026-05-07 16:12:48,17.5,"t","t","pilot1"
"51000000103BEA53","DS1925",2026-05-07 16:17:48,18,"t","t","pilot1"
"51000000103BEA53","DS1925",2026-05-07 16:22:48,18,"t","t","pilot1"
"51000000103BEA53","DS1925",2026-05-07 16:27:48,18,"t","t","pilot1"
"51000000103BEA53","DS1925",2026-05-07 16:32:48,18,"t","t","pilot1"
"51000000103BEA53","DS1925",2026-05-07 16:37:48,18,"t","t","pilot1"
"51000000103BEA53","DS1925",2026-05-07 16:42:48,18,"t","t","pilot1"
"51000000103BEA53","DS1925",2026-05-07 16:47:48,18,"t","t","pilot1"
"51000000103BEA53","DS1925",2026-05-07 16:52:48,17.5,"t","t","pilot1"
"51000000103BEA53","DS1925",2026-05-07 16:57:48,17.5,"t","t","pilot1"
"51000000103BEA53","DS1925",2026-05-07 17:02:48,17,"t","t","pilot1"
"51000000103BEA53","DS1925",2026-05-07 17:07:48,17,"t","t","pilot1"
"51000000103BEA53","DS1925",2026-05-07 17:12:48,17,"t","t","pilot1"
"51000000103BEA53","DS1925",2026-05-07 17:17:48,17,"t","t","pilot1"
"51000000103BEA53","DS1925",2026-05-07 17:22:48,16.5,"t","t","pilot1"
"51000000103BEA53","DS1925",2026-05-07 17:27:48,16.5,"t","t","pilot1"
"51000000103BEA53","DS1925",2026-05-07 17:32:48,16.5,"t","t","pilot1"
"51000000103BEA53","DS1925",2026-05-07 17:37:48,16,"t","t","pilot1"
"51000000103BEA53","DS1925",2026-05-07 17:42:48,16,"t","t","pilot1"
"51000000103BEA53","DS1925",2026-05-07 17:47:48,15.5,"t","t","pilot1"
"51000000103BEA53","DS1925",2026-05-07 17:52:48,15.5,"t","t","pilot1"
"51000000103BEA53","DS1925",2026-05-07 17:57:48,15.5,"t","t","pilot1"
"51000000103BEA53","DS1925",2026-05-07 18:02:48,15,"t","t","pilot1"
"51000000103BEA53","DS1925",2026-05-07 18:07:48,15,"t","t","pilot1"
"51000000103BEA53","DS1925",2026-05-07 18:12:48,14.5,"t","t","pilot1"
"51000000103BEA53","DS1925",2026-05-07 18:17:48,14.5,"t","t","pilot1"
"51000000103BEA53","DS1925",2026-05-07 18:22:48,14,"t","t","pilot1"
"51000000103BEA53","DS1925",2026-05-07 18:27:48,14,"t","t","pilot1"
"51000000103BEA53","DS1925",2026-05-07 18:32:48,14,"t","t","pilot1"
"51000000103BEA53","DS1925",2026-05-07 18:37:48,14,"t","t","pilot1"
"51000000103BEA53","DS1925",2026-05-07 18:42:48,13.5,"t","t","pilot1"
"51000000103BEA53","DS1925",2026-05-07 18:47:48,13.5,"t","t","pilot1"
"51000000103BEA53","DS1925",2026-05-07 18:52:48,13.5,"t","t","pilot1"
"51000000103BEA53","DS1925",2026-05-07 18:57:48,13.5,"t","t","pilot1"
"51000000103BEA53","DS1925",2026-05-07 19:02:48,13.5,"t","t","pilot1"
"51000000103BEA53","DS1925",2026-05-07 19:07:48,13.5,"t","t","pilot1"
"51000000103BEA53","DS1925",2026-05-07 19:12:48,13,"t","t","pilot1"
"51000000103BEA53","DS1925",2026-05-07 19:17:48,13,"t","t","pilot1"
"51000000103BEA53","DS1925",2026-05-07 19:22:48,13,"t","t","pilot1"
"51000000103BEA53","DS1925",2026-05-07 19:27:48,13,"t","t","pilot1"
"51000000103BEA53","DS1925",2026-05-07 19:32:48,13,"t","t","pilot1"
"51000000103BEA53","DS1925",2026-05-07 19:37:48,13,"t","t","pilot1"
"51000000103BEA53","DS1925",2026-05-07 19:42:48,12.5,"t","t","pilot1"
"51000000103BEA53","DS1925",2026-05-07 19:47:48,12.5,"t","t","pilot1"
"51000000103BEA53","DS1925",2026-05-07 19:52:48,12.5,"t","t","pilot1"
"51000000103BEA53","DS1925",2026-05-07 19:57:48,12.5,"t","t","pilot1"
"51000000103BEA53","DS1925",2026-05-07 20:02:48,12.5,"t","t","pilot1"
"51000000103BEA53","DS1925",2026-05-07 20:07:48,12,"t","t","pilot1"
"51000000103BEA53","DS1925",2026-05-07 20:12:48,12,"t","t","pilot1"
"51000000103BEA53","DS1925",2026-05-07 20:17:48,12,"t","t","pilot1"
"51000000103BEA53","DS1925",2026-05-07 20:22:48,12,"t","t","pilot1"
"51000000103BEA53","DS1925",2026-05-07 20:27:48,11.5,"t","t","pilot1"
"51000000103BEA53","DS1925",2026-05-07 20:32:48,11.5,"t","t","pilot1"
"51000000103BEA53","DS1925",2026-05-07 20:37:48,11.5,"t","t","pilot1"
"51000000103BEA53","DS1925",2026-05-07 20:42:48,11.5,"t","t","pilot1"
"51000000103BEA53","DS1925",2026-05-07 20:47:48,11,"t","t","pilot1"
"51000000103BEA53","DS1925",2026-05-07 20:52:48,11,"t","t","pilot1"
"51000000103BEA53","DS1925",2026-05-07 20:57:48,11,"t","t","pilot1"
"51000000103BEA53","DS1925",2026-05-07 21:02:48,11,"t","t","pilot1"
"51000000103BEA53","DS1925",2026-05-07 21:07:48,11,"t","t","pilot1"
"51000000103BEA53","DS1925",2026-05-07 21:12:48,10.5,"t","t","pilot1"
"51000000103BEA53","DS1925",2026-05-07 21:17:48,10.5,"t","t","pilot1"
"51000000103BEA53","DS1925",2026-05-07 21:22:48,10.5,"t","t","pilot1"
"51000000103BEA53","DS1925",2026-05-07 21:27:48,10.5,"t","t","pilot1"
"51000000103BEA53","DS1925",2026-05-07 21:32:48,10,"t","t","pilot1"
"51000000103BEA53","DS1925",2026-05-07 21:37:48,10,"t","t","pilot1"
"51000000103BEA53","DS1925",2026-05-07 21:42:48,10,"t","t","pilot1"
"51000000103BEA53","DS1925",2026-05-07 21:47:48,10,"t","t","pilot1"
"51000000103BEA53","DS1925",2026-05-07 21:52:48,10,"t","t","pilot1"
"51000000103BEA53","DS1925",2026-05-07 21:57:48,9.5,"t","t","pilot1"
"51000000103BEA53","DS1925",2026-05-07 22:02:48,9.5,"t","t","pilot1"
"51000000103BEA53","DS1925",2026-05-07 22:07:48,9.5,"t","t","pilot1"
"51000000103BEA53","DS1925",2026-05-07 22:12:48,9.5,"t","t","pilot1"
"51000000103BEA53","DS1925",2026-05-07 22:17:48,9.5,"t","t","pilot1"
"51000000103BEA53","DS1925",2026-05-07 22:22:48,9,"t","t","pilot1"
"51000000103BEA53","DS1925",2026-05-07 22:27:48,9,"t","t","pilot1"
"51000000103BEA53","DS1925",2026-05-07 22:32:48,9,"t","t","pilot1"
"51000000103BEA53","DS1925",2026-05-07 22:37:48,9,"t","t","pilot1"
"51000000103BEA53","DS1925",2026-05-07 22:42:48,9,"t","t","pilot1"
"51000000103BEA53","DS1925",2026-05-07 22:47:48,8.5,"t","t","pilot1"
"51000000103BEA53","DS1925",2026-05-07 22:52:48,8.5,"t","t","pilot1"
"51000000103BEA53","DS1925",2026-05-07 22:57:48,8.5,"t","t","pilot1"
"51000000103BEA53","DS1925",2026-05-07 23:02:48,8.5,"t","t","pilot1"
"51000000103BEA53","DS1925",2026-05-07 23:07:48,8.5,"t","t","pilot1"
"51000000103BEA53","DS1925",2026-05-07 23:12:48,8,"t","t","pilot1"
"51000000103BEA53","DS1925",2026-05-07 23:17:48,8,"t","t","pilot1"
"51000000103BEA53","DS1925",2026-05-07 23:22:48,8,"t","t","pilot1"
"51000000103BEA53","DS1925",2026-05-07 23:27:48,8,"t","t","pilot1"
"51000000103BEA53","DS1925",2026-05-07 23:32:48,8,"t","t","pilot1"
"51000000103BEA53","DS1925",2026-05-07 23:37:48,8,"t","t","pilot1"
"51000000103BEA53","DS1925",2026-05-07 23:42:48,7.5,"t","t","pilot1"
"51000000103BEA53","DS1925",2026-05-07 23:47:48,7.5,"t","t","pilot1"
"51000000103BEA53","DS1925",2026-05-07 23:52:48,7.5,"t","t","pilot1"
"51000000103BEA53","DS1925",2026-05-07 23:57:48,7.5,"t","t","pilot1"
"51000000103BEA53","DS1925",2026-05-08 00:02:48,7.5,"t","t","pilot1"
"51000000103BEA53","DS1925",2026-05-08 00:07:48,7.5,"t","t","pilot1"
"51000000103BEA53","DS1925",2026-05-08 00:12:48,7.5,"t","t","pilot1"
"51000000103BEA53","DS1925",2026-05-08 00:17:48,7.5,"t","t","pilot1"
"51000000103BEA53","DS1925",2026-05-08 00:22:48,7.5,"t","t","pilot1"
"51000000103BEA53","DS1925",2026-05-08 00:27:48,7.5,"t","t","pilot1"
"51000000103BEA53","DS1925",2026-05-08 00:32:48,7.5,"t","t","pilot1"
"51000000103BEA53","DS1925",2026-05-08 00:37:48,7.5,"t","t","pilot1"
"51000000103BEA53","DS1925",2026-05-08 00:42:48,7.5,"t","t","pilot1"
"51000000103BEA53","DS1925",2026-05-08 00:47:48,7.5,"t","t","pilot1"
"51000000103BEA53","DS1925",2026-05-08 00:52:48,7.5,"t","t","pilot1"
"51000000103BEA53","DS1925",2026-05-08 00:57:48,7.5,"t","t","pilot1"
"51000000103BEA53","DS1925",2026-05-08 01:02:48,7.5,"t","t","pilot1"
"51000000103BEA53","DS1925",2026-05-08 01:07:48,7,"t","t","pilot1"
"51000000103BEA53","DS1925",2026-05-08 01:12:48,7,"t","t","pilot1"
"51000000103BEA53","DS1925",2026-05-08 01:17:48,7,"t","t","pilot1"
"51000000103BEA53","DS1925",2026-05-08 01:22:48,7,"t","t","pilot1"
"51000000103BEA53","DS1925",2026-05-08 01:27:48,7,"t","t","pilot1"
"51000000103BEA53","DS1925",2026-05-08 01:32:48,7,"t","t","pilot1"
"51000000103BEA53","DS1925",2026-05-08 01:37:48,7,"t","t","pilot1"
"51000000103BEA53","DS1925",2026-05-08 01:42:48,7,"t","t","pilot1"
"51000000103BEA53","DS1925",2026-05-08 01:47:48,7,"t","t","pilot1"
"51000000103BEA53","DS1925",2026-05-08 01:52:48,7,"t","t","pilot1"
"51000000103BEA53","DS1925",2026-05-08 01:57:48,7,"t","t","pilot1"
"51000000103BEA53","DS1925",2026-05-08 02:02:48,7,"t","t","pilot1"
"51000000103BEA53","DS1925",2026-05-08 02:07:48,7,"t","t","pilot1"
"51000000103BEA53","DS1925",2026-05-08 02:12:48,7,"t","t","pilot1"
"51000000103BEA53","DS1925",2026-05-08 02:17:48,7,"t","t","pilot1"
"51000000103BEA53","DS1925",2026-05-08 02:22:48,7,"t","t","pilot1"
"51000000103BEA53","DS1925",2026-05-08 02:27:48,7,"t","t","pilot1"
"51000000103BEA53","DS1925",2026-05-08 02:32:48,7,"t","t","pilot1"
"51000000103BEA53","DS1925",2026-05-08 02:37:48,7,"t","t","pilot1"
"51000000103BEA53","DS1925",2026-05-08 02:42:48,7,"t","t","pilot1"
"51000000103BEA53","DS1925",2026-05-08 02:47:48,7,"t","t","pilot1"
"51000000103BEA53","DS1925",2026-05-08 02:52:48,7,"t","t","pilot1"
"51000000103BEA53","DS1925",2026-05-08 02:57:48,6.5,"t","t","pilot1"
"51000000103BEA53","DS1925",2026-05-08 03:02:48,6.5,"t","t","pilot1"
"51000000103BEA53","DS1925",2026-05-08 03:07:48,6.5,"t","t","pilot1"
"51000000103BEA53","DS1925",2026-05-08 03:12:48,6.5,"t","t","pilot1"
"51000000103BEA53","DS1925",2026-05-08 03:17:48,6.5,"t","t","pilot1"
"51000000103BEA53","DS1925",2026-05-08 03:22:48,6.5,"t","t","pilot1"
"51000000103BEA53","DS1925",2026-05-08 03:27:48,6.5,"t","t","pilot1"
"51000000103BEA53","DS1925",2026-05-08 03:32:48,6.5,"t","t","pilot1"
"51000000103BEA53","DS1925",2026-05-08 03:37:48,6.5,"t","t","pilot1"
"51000000103BEA53","DS1925",2026-05-08 03:42:48,6.5,"t","t","pilot1"
"51000000103BEA53","DS1925",2026-05-08 03:47:48,6.5,"t","t","pilot1"
"51000000103BEA53","DS1925",2026-05-08 03:52:48,6.5,"t","t","pilot1"
"51000000103BEA53","DS1925",2026-05-08 03:57:48,6.5,"t","t","pilot1"
"51000000103BEA53","DS1925",2026-05-08 04:02:48,6.5,"t","t","pilot1"
"51000000103BEA53","DS1925",2026-05-08 04:07:48,6.5,"t","t","pilot1"
"51000000103BEA53","DS1925",2026-05-08 04:12:48,6.5,"t","t","pilot1"
"51000000103BEA53","DS1925",2026-05-08 04:17:48,6.5,"t","t","pilot1"
"51000000103BEA53","DS1925",2026-05-08 04:22:48,6.5,"t","t","pilot1"
"51000000103BEA53","DS1925",2026-05-08 04:27:48,6.5,"t","t","pilot1"
"51000000103BEA53","DS1925",2026-05-08 04:32:48,6.5,"t","t","pilot1"
"51000000103BEA53","DS1925",2026-05-08 04:37:48,6.5,"t","t","pilot1"
"51000000103BEA53","DS1925",2026-05-08 04:42:48,6.5,"t","t","pilot1"
"51000000103BEA53","DS1925",2026-05-08 04:47:48,6,"t","t","pilot1"
"51000000103BEA53","DS1925",2026-05-08 04:52:48,6,"t","t","pilot1"
"51000000103BEA53","DS1925",2026-05-08 04:57:48,6,"t","t","pilot1"
"51000000103BEA53","DS1925",2026-05-08 05:02:48,6,"t","t","pilot1"
"51000000103BEA53","DS1925",2026-05-08 05:07:48,6,"t","t","pilot1"
"51000000103BEA53","DS1925",2026-05-08 05:12:48,6,"t","t","pilot1"
"51000000103BEA53","DS1925",2026-05-08 05:17:48,6,"t","t","pilot1"
"51000000103BEA53","DS1925",2026-05-08 05:22:48,6,"t","t","pilot1"
"51000000103BEA53","DS1925",2026-05-08 05:27:48,6,"t","t","pilot1"
"51000000103BEA53","DS1925",2026-05-08 05:32:48,6,"t","t","pilot1"
"51000000103BEA53","DS1925",2026-05-08 05:37:48,6,"t","t","pilot1"
"51000000103BEA53","DS1925",2026-05-08 05:42:48,6,"t","t","pilot1"
"51000000103BEA53","DS1925",2026-05-08 05:47:48,6,"t","t","pilot1"
"51000000103BEA53","DS1925",2026-05-08 05:52:48,6,"t","t","pilot1"
"51000000103BEA53","DS1925",2026-05-08 05:57:48,6,"t","t","pilot1"
"51000000103BEA53","DS1925",2026-05-08 06:02:48,6,"t","t","pilot1"
"51000000103BEA53","DS1925",2026-05-08 06:07:48,6,"t","t","pilot1"
"51000000103BEA53","DS1925",2026-05-08 06:12:48,6,"t","t","pilot1"
"51000000103BEA53","DS1925",2026-05-08 06:17:48,6,"t","t","pilot1"
"51000000103BEA53","DS1925",2026-05-08 06:22:48,6,"t","t","pilot1"
"51000000103BEA53","DS1925",2026-05-08 06:27:48,6,"t","t","pilot1"
"51000000103BEA53","DS1925",2026-05-08 06:32:48,6,"t","t","pilot1"
"51000000103BEA53","DS1925",2026-05-08 06:37:48,6,"t","t","pilot1"
"51000000103BEA53","DS1925",2026-05-08 06:42:48,6,"t","t","pilot1"
"51000000103BEA53","DS1925",2026-05-08 06:47:48,6,"t","t","pilot1"
"51000000103BEA53","DS1925",2026-05-08 06:52:48,6,"t","t","pilot1"
"51000000103BEA53","DS1925",2026-05-08 06:57:48,6,"t","t","pilot1"
"51000000103BEA53","DS1925",2026-05-08 07:02:48,6,"t","t","pilot1"
"51000000103BEA53","DS1925",2026-05-08 07:07:48,6,"t","t","pilot1"
"51000000103BEA53","DS1925",2026-05-08 07:12:48,6,"t","t","pilot1"
"51000000103BEA53","DS1925",2026-05-08 07:17:48,6,"t","t","pilot1"
"51000000103BEA53","DS1925",2026-05-08 07:22:48,6,"t","t","pilot1"
"51000000103BEA53","DS1925",2026-05-08 07:27:48,6,"t","t","pilot1"
"51000000103BEA53","DS1925",2026-05-08 07:32:48,6.5,"t","t","pilot1"
"51000000103BEA53","DS1925",2026-05-08 07:37:48,6.5,"t","t","pilot1"
"51000000103BEA53","DS1925",2026-05-08 07:42:48,6.5,"t","t","pilot1"
"51000000103BEA53","DS1925",2026-05-08 07:47:48,6.5,"t","t","pilot1"
"51000000103BEA53","DS1925",2026-05-08 07:52:48,6.5,"t","t","pilot1"
"51000000103BEA53","DS1925",2026-05-08 07:57:48,6.5,"t","t","pilot1"
"51000000103BEA53","DS1925",2026-05-08 08:02:48,6.5,"t","t","pilot1"
"51000000103BEA53","DS1925",2026-05-08 08:07:48,7,"t","t","pilot1"
"51000000103BEA53","DS1925",2026-05-08 08:12:48,7,"t","t","pilot1"
"51000000103BEA53","DS1925",2026-05-08 08:17:48,7,"t","t","pilot1"
"51000000103BEA53","DS1925",2026-05-08 08:22:48,7,"t","t","pilot1"
"51000000103BEA53","DS1925",2026-05-08 08:27:48,7,"t","t","pilot1"
"51000000103BEA53","DS1925",2026-05-08 08:32:48,7,"t","t","pilot1"
"51000000103BEA53","DS1925",2026-05-08 08:37:48,7.5,"t","t","pilot1"
"51000000103BEA53","DS1925",2026-05-08 08:42:48,7.5,"t","t","pilot1"
"51000000103BEA53","DS1925",2026-05-08 08:47:48,7.5,"t","t","pilot1"
"51000000103BEA53","DS1925",2026-05-08 08:52:48,7.5,"t","t","pilot1"
"51000000103BEA53","DS1925",2026-05-08 08:57:48,7.5,"t","t","pilot1"
"51000000103BEA53","DS1925",2026-05-08 09:02:48,8,"t","t","pilot1"
"51000000103BEA53","DS1925",2026-05-08 09:07:48,8,"t","t","pilot1"
"51000000103BEA53","DS1925",2026-05-08 09:12:48,8,"t","t","pilot1"
"51000000103BEA53","DS1925",2026-05-08 09:17:48,8.5,"t","t","pilot1"
"51000000103BEA53","DS1925",2026-05-08 09:22:48,8.5,"t","t","pilot1"
"51000000103BEA53","DS1925",2026-05-08 09:27:48,9,"t","t","pilot1"
"51000000103BEA53","DS1925",2026-05-08 09:32:48,9,"t","t","pilot1"
"51000000103BEA53","DS1925",2026-05-08 09:37:48,9,"t","t","pilot1"
"51000000103BEA53","DS1925",2026-05-08 09:42:48,9.5,"t","t","pilot1"
"51000000103BEA53","DS1925",2026-05-08 09:47:48,9.5,"t","t","pilot1"
"51000000103BEA53","DS1925",2026-05-08 09:52:48,10,"t","t","pilot1"
"51000000103BEA53","DS1925",2026-05-08 09:57:48,10,"t","t","pilot1"
"51000000103BEA53","DS1925",2026-05-08 10:02:48,10.5,"t","t","pilot1"
"51000000103BEA53","DS1925",2026-05-08 10:07:48,10.5,"t","t","pilot1"
"51000000103BEA53","DS1925",2026-05-08 10:12:48,11,"t","t","pilot1"
"51000000103BEA53","DS1925",2026-05-08 10:17:48,11,"t","t","pilot1"
"51000000103BEA53","DS1925",2026-05-08 10:22:48,11.5,"t","t","pilot1"
"51000000103BEA53","DS1925",2026-05-08 10:27:48,11.5,"t","t","pilot1"
"51000000103BEA53","DS1925",2026-05-08 10:32:48,12,"t","t","pilot1"
"51000000103BEA53","DS1925",2026-05-08 10:37:48,12,"t","t","pilot1"
"51000000103BEA53","DS1925",2026-05-08 10:42:48,12.5,"t","t","pilot1"
"51000000103BEA53","DS1925",2026-05-08 10:47:48,13,"t","t","pilot1"
"51000000103BEA53","DS1925",2026-05-08 10:52:48,13,"t","t","pilot1"
"51000000103BEA53","DS1925",2026-05-08 10:57:48,13.5,"t","t","pilot1"
"51000000103BEA53","DS1925",2026-05-08 11:02:48,14,"t","t","pilot1"
"51000000103BEA53","DS1925",2026-05-08 11:07:48,14.5,"t","t","pilot1"
"51000000103BEA53","DS1925",2026-05-08 11:12:48,14.5,"t","t","pilot1"
"51000000103BEA53","DS1925",2026-05-08 11:17:48,15,"t","t","pilot1"
"51000000103BEA53","DS1925",2026-05-08 11:22:48,15,"t","t","pilot1"
"51000000103BEA53","DS1925",2026-05-08 11:27:48,15.5,"t","t","pilot1"
"51000000103BEA53","DS1925",2026-05-08 11:32:48,16,"t","t","pilot1"
"51000000103BEA53","DS1925",2026-05-08 11:37:48,16,"t","t","pilot1"
"51000000103BEA53","DS1925",2026-05-08 11:42:48,16,"t","t","pilot1"
"51000000103BEA53","DS1925",2026-05-08 11:47:48,16.5,"t","t","pilot1"
"51000000103BEA53","DS1925",2026-05-08 11:52:48,16.5,"t","t","pilot1"
"51000000103BEA53","DS1925",2026-05-08 11:57:48,16.5,"t","t","pilot1"
"51000000103BEA53","DS1925",2026-05-08 12:02:48,16.5,"t","t","pilot1"
"51000000103BEA53","DS1925",2026-05-08 12:07:48,16.5,"t","t","pilot1"
"51000000103BEA53","DS1925",2026-05-08 12:12:48,16.5,"t","t","pilot1"
"51000000103BEA53","DS1925",2026-05-08 12:17:48,17,"t","t","pilot1"
"51000000103BEA53","DS1925",2026-05-08 12:22:48,16.5,"t","t","pilot1"
"51000000103BEA53","DS1925",2026-05-08 12:27:48,16.5,"t","t","pilot1"
"51000000103BEA53","DS1925",2026-05-08 12:32:48,17,"t","t","pilot1"
"51000000103BEA53","DS1925",2026-05-08 12:37:48,16.5,"t","t","pilot1"
"51000000103BEA53","DS1925",2026-05-08 12:42:48,16.5,"t","t","pilot1"
"51000000103BEA53","DS1925",2026-05-08 12:47:48,16.5,"t","t","pilot1"
"51000000103BEA53","DS1925",2026-05-08 12:52:48,16.5,"t","t","pilot1"
"51000000103BEA53","DS1925",2026-05-08 12:57:48,16,"t","t","pilot1"
"51000000103BEA53","DS1925",2026-05-08 13:02:48,16,"t","t","pilot1"
"51000000103BEA53","DS1925",2026-05-08 13:07:48,16,"t","t","pilot1"
"51000000103BEA53","DS1925",2026-05-08 13:12:48,16,"t","t","pilot1"
"51000000103BEA53","DS1925",2026-05-08 13:17:48,16,"t","t","pilot1"
"51000000103BEA53","DS1925",2026-05-08 13:22:48,16,"t","t","pilot1"
"51000000103BEA53","DS1925",2026-05-08 13:27:48,15.5,"t","t","pilot1"
"51000000103BEA53","DS1925",2026-05-08 13:32:48,15.5,"t","t","pilot1"
"51000000103BEA53","DS1925",2026-05-08 13:37:48,15.5,"t","t","pilot1"
"51000000103BEA53","DS1925",2026-05-08 13:42:48,15,"t","t","pilot1"
"51000000103BEA53","DS1925",2026-05-08 13:47:48,15,"t","t","pilot1"
"51000000103BEA53","DS1925",2026-05-08 13:52:48,15,"t","t","pilot1"
"51000000103BEA53","DS1925",2026-05-08 13:57:48,15,"t","t","pilot1"
"51000000103BEA53","DS1925",2026-05-08 14:02:48,15,"t","t","pilot1"
"51000000103BEA53","DS1925",2026-05-08 14:07:48,15,"t","t","pilot1"
"51000000103BEA53","DS1925",2026-05-08 14:12:48,15,"t","t","pilot1"
"51000000103BEA53","DS1925",2026-05-08 14:17:48,15.5,"t","t","pilot1"
"51000000103BEA53","DS1925",2026-05-08 14:22:48,15,"t","t","pilot1"
"51000000103BEA53","DS1925",2026-05-08 14:27:48,15,"t","t","pilot1"
"51000000103BEA53","DS1925",2026-05-08 14:32:48,15,"t","t","pilot1"
"51000000103BEA53","DS1925",2026-05-08 14:37:48,15,"t","t","pilot1"
"51000000103BEA53","DS1925",2026-05-08 14:42:48,15,"t","t","pilot1"
"51000000103BEA53","DS1925",2026-05-08 14:47:48,15,"t","t","pilot1"
"51000000103BEA53","DS1925",2026-05-08 14:52:48,15,"t","t","pilot1"
"51000000103BEA53","DS1925",2026-05-08 14:57:48,15.5,"t","t","pilot1"
"51000000103BEA53","DS1925",2026-05-08 15:02:48,15.5,"t","t","pilot1"
"51000000103BEA53","DS1925",2026-05-08 15:07:48,16,"t","t","pilot1"
"51000000103BEA53","DS1925",2026-05-08 15:12:48,16,"t","t","pilot1"
"51000000103BEA53","DS1925",2026-05-08 15:17:48,16,"t","t","pilot1"
"51000000103BEA53","DS1925",2026-05-08 15:22:48,16,"t","t","pilot1"
"51000000103BEA53","DS1925",2026-05-08 15:27:48,16.5,"t","t","pilot1"
"51000000103BEA53","DS1925",2026-05-08 15:32:48,16.5,"t","t","pilot1"
"51000000103BEA53","DS1925",2026-05-08 15:37:48,16.5,"t","t","pilot1"
"51000000103BEA53","DS1925",2026-05-08 15:42:48,17,"t","t","pilot1"
"51000000103BEA53","DS1925",2026-05-08 15:47:48,17,"t","t","pilot1"
"51000000103BEA53","DS1925",2026-05-08 15:52:48,17.5,"t","t","pilot1"
"51000000103BEA53","DS1925",2026-05-08 15:57:48,18,"t","t","pilot1"
"72000000100ACE53","DS1925",2026-05-05 15:00:19,23,"b","t","pilot1"
"72000000100ACE53","DS1925",2026-05-05 15:05:19,23,"b","t","pilot1"
"72000000100ACE53","DS1925",2026-05-05 15:10:19,23,"b","t","pilot1"
"72000000100ACE53","DS1925",2026-05-05 15:15:19,22.5,"b","t","pilot1"
"72000000100ACE53","DS1925",2026-05-05 15:20:19,22.5,"b","t","pilot1"
"72000000100ACE53","DS1925",2026-05-05 15:25:19,22,"b","t","pilot1"
"72000000100ACE53","DS1925",2026-05-05 15:30:19,21.5,"b","t","pilot1"
"72000000100ACE53","DS1925",2026-05-05 15:35:19,21.5,"b","t","pilot1"
"72000000100ACE53","DS1925",2026-05-05 15:40:19,21,"b","t","pilot1"
"72000000100ACE53","DS1925",2026-05-05 15:45:19,21,"b","t","pilot1"
"72000000100ACE53","DS1925",2026-05-05 15:50:19,20.5,"b","t","pilot1"
"72000000100ACE53","DS1925",2026-05-05 15:55:19,20.5,"b","t","pilot1"
"72000000100ACE53","DS1925",2026-05-05 16:00:19,20.5,"b","t","pilot1"
"72000000100ACE53","DS1925",2026-05-05 16:05:19,20.5,"b","t","pilot1"
"72000000100ACE53","DS1925",2026-05-05 16:10:19,20,"b","t","pilot1"
"72000000100ACE53","DS1925",2026-05-05 16:15:19,20,"b","t","pilot1"
"72000000100ACE53","DS1925",2026-05-05 16:20:19,20,"b","t","pilot1"
"72000000100ACE53","DS1925",2026-05-05 16:25:19,20,"b","t","pilot1"
"72000000100ACE53","DS1925",2026-05-05 16:30:19,20,"b","t","pilot1"
"72000000100ACE53","DS1925",2026-05-05 16:35:19,20,"b","t","pilot1"
"72000000100ACE53","DS1925",2026-05-05 16:40:19,20,"b","t","pilot1"
"72000000100ACE53","DS1925",2026-05-05 16:45:19,20,"b","t","pilot1"
"72000000100ACE53","DS1925",2026-05-05 16:50:19,20,"b","t","pilot1"
"72000000100ACE53","DS1925",2026-05-05 16:55:19,20,"b","t","pilot1"
"72000000100ACE53","DS1925",2026-05-05 17:00:19,19.5,"b","t","pilot1"
"72000000100ACE53","DS1925",2026-05-05 17:05:19,19.5,"b","t","pilot1"
"72000000100ACE53","DS1925",2026-05-05 17:10:19,19.5,"b","t","pilot1"
"72000000100ACE53","DS1925",2026-05-05 17:15:19,19.5,"b","t","pilot1"
"72000000100ACE53","DS1925",2026-05-05 17:20:19,19,"b","t","pilot1"
"72000000100ACE53","DS1925",2026-05-05 17:25:19,19,"b","t","pilot1"
"72000000100ACE53","DS1925",2026-05-05 17:30:19,19,"b","t","pilot1"
"72000000100ACE53","DS1925",2026-05-05 17:35:19,18.5,"b","t","pilot1"
"72000000100ACE53","DS1925",2026-05-05 17:40:19,18.5,"b","t","pilot1"
"72000000100ACE53","DS1925",2026-05-05 17:45:19,18.5,"b","t","pilot1"
"72000000100ACE53","DS1925",2026-05-05 17:50:19,18,"b","t","pilot1"
"72000000100ACE53","DS1925",2026-05-05 17:55:19,18,"b","t","pilot1"
"72000000100ACE53","DS1925",2026-05-05 18:00:19,17.5,"b","t","pilot1"
"72000000100ACE53","DS1925",2026-05-05 18:05:19,17.5,"b","t","pilot1"
"72000000100ACE53","DS1925",2026-05-05 18:10:19,17.5,"b","t","pilot1"
"72000000100ACE53","DS1925",2026-05-05 18:15:19,17,"b","t","pilot1"
"72000000100ACE53","DS1925",2026-05-05 18:20:19,17,"b","t","pilot1"
"72000000100ACE53","DS1925",2026-05-05 18:25:19,16.5,"b","t","pilot1"
"72000000100ACE53","DS1925",2026-05-05 18:30:19,16.5,"b","t","pilot1"
"72000000100ACE53","DS1925",2026-05-05 18:35:19,16,"b","t","pilot1"
"72000000100ACE53","DS1925",2026-05-05 18:40:19,16,"b","t","pilot1"
"72000000100ACE53","DS1925",2026-05-05 18:45:19,15.5,"b","t","pilot1"
"72000000100ACE53","DS1925",2026-05-05 18:50:19,15.5,"b","t","pilot1"
"72000000100ACE53","DS1925",2026-05-05 18:55:19,15,"b","t","pilot1"
"72000000100ACE53","DS1925",2026-05-05 19:00:19,15,"b","t","pilot1"
"72000000100ACE53","DS1925",2026-05-05 19:05:19,15,"b","t","pilot1"
"72000000100ACE53","DS1925",2026-05-05 19:10:19,14.5,"b","t","pilot1"
"72000000100ACE53","DS1925",2026-05-05 19:15:19,14.5,"b","t","pilot1"
"72000000100ACE53","DS1925",2026-05-05 19:20:19,14.5,"b","t","pilot1"
"72000000100ACE53","DS1925",2026-05-05 19:25:19,14.5,"b","t","pilot1"
"72000000100ACE53","DS1925",2026-05-05 19:30:19,14.5,"b","t","pilot1"
"72000000100ACE53","DS1925",2026-05-05 19:35:19,14.5,"b","t","pilot1"
"72000000100ACE53","DS1925",2026-05-05 19:40:19,14,"b","t","pilot1"
"72000000100ACE53","DS1925",2026-05-05 19:45:19,14,"b","t","pilot1"
"72000000100ACE53","DS1925",2026-05-05 19:50:19,14,"b","t","pilot1"
"72000000100ACE53","DS1925",2026-05-05 19:55:19,14,"b","t","pilot1"
"72000000100ACE53","DS1925",2026-05-05 20:00:19,14,"b","t","pilot1"
"72000000100ACE53","DS1925",2026-05-05 20:05:19,14,"b","t","pilot1"
"72000000100ACE53","DS1925",2026-05-05 20:10:19,13.5,"b","t","pilot1"
"72000000100ACE53","DS1925",2026-05-05 20:15:19,13.5,"b","t","pilot1"
"72000000100ACE53","DS1925",2026-05-05 20:20:19,13.5,"b","t","pilot1"
"72000000100ACE53","DS1925",2026-05-05 20:25:19,13.5,"b","t","pilot1"
"72000000100ACE53","DS1925",2026-05-05 20:30:19,13.5,"b","t","pilot1"
"72000000100ACE53","DS1925",2026-05-05 20:35:19,13,"b","t","pilot1"
"72000000100ACE53","DS1925",2026-05-05 20:40:19,13,"b","t","pilot1"
"72000000100ACE53","DS1925",2026-05-05 20:45:19,13,"b","t","pilot1"
"72000000100ACE53","DS1925",2026-05-05 20:50:19,13,"b","t","pilot1"
"72000000100ACE53","DS1925",2026-05-05 20:55:19,13,"b","t","pilot1"
"72000000100ACE53","DS1925",2026-05-05 21:00:19,13,"b","t","pilot1"
"72000000100ACE53","DS1925",2026-05-05 21:05:19,12.5,"b","t","pilot1"
"72000000100ACE53","DS1925",2026-05-05 21:10:19,12.5,"b","t","pilot1"
"72000000100ACE53","DS1925",2026-05-05 21:15:19,12.5,"b","t","pilot1"
"72000000100ACE53","DS1925",2026-05-05 21:20:19,12.5,"b","t","pilot1"
"72000000100ACE53","DS1925",2026-05-05 21:25:19,12.5,"b","t","pilot1"
"72000000100ACE53","DS1925",2026-05-05 21:30:19,12.5,"b","t","pilot1"
"72000000100ACE53","DS1925",2026-05-05 21:35:19,12.5,"b","t","pilot1"
"72000000100ACE53","DS1925",2026-05-05 21:40:19,12,"b","t","pilot1"
"72000000100ACE53","DS1925",2026-05-05 21:45:19,12,"b","t","pilot1"
"72000000100ACE53","DS1925",2026-05-05 21:50:19,12,"b","t","pilot1"
"72000000100ACE53","DS1925",2026-05-05 21:55:19,12,"b","t","pilot1"
"72000000100ACE53","DS1925",2026-05-05 22:00:19,12,"b","t","pilot1"
"72000000100ACE53","DS1925",2026-05-05 22:05:19,12,"b","t","pilot1"
"72000000100ACE53","DS1925",2026-05-05 22:10:19,12,"b","t","pilot1"
"72000000100ACE53","DS1925",2026-05-05 22:15:19,12,"b","t","pilot1"
"72000000100ACE53","DS1925",2026-05-05 22:20:19,11.5,"b","t","pilot1"
"72000000100ACE53","DS1925",2026-05-05 22:25:19,11.5,"b","t","pilot1"
"72000000100ACE53","DS1925",2026-05-05 22:30:19,11.5,"b","t","pilot1"
"72000000100ACE53","DS1925",2026-05-05 22:35:19,11.5,"b","t","pilot1"
"72000000100ACE53","DS1925",2026-05-05 22:40:19,11.5,"b","t","pilot1"
"72000000100ACE53","DS1925",2026-05-05 22:45:19,11.5,"b","t","pilot1"
"72000000100ACE53","DS1925",2026-05-05 22:50:19,11.5,"b","t","pilot1"
"72000000100ACE53","DS1925",2026-05-05 22:55:19,11.5,"b","t","pilot1"
"72000000100ACE53","DS1925",2026-05-05 23:00:19,11.5,"b","t","pilot1"
"72000000100ACE53","DS1925",2026-05-05 23:05:19,11.5,"b","t","pilot1"
"72000000100ACE53","DS1925",2026-05-05 23:10:19,11.5,"b","t","pilot1"
"72000000100ACE53","DS1925",2026-05-05 23:15:19,11,"b","t","pilot1"
"72000000100ACE53","DS1925",2026-05-05 23:20:19,11,"b","t","pilot1"
"72000000100ACE53","DS1925",2026-05-05 23:25:19,11,"b","t","pilot1"
"72000000100ACE53","DS1925",2026-05-05 23:30:19,11,"b","t","pilot1"
"72000000100ACE53","DS1925",2026-05-05 23:35:19,11,"b","t","pilot1"
"72000000100ACE53","DS1925",2026-05-05 23:40:19,11,"b","t","pilot1"
"72000000100ACE53","DS1925",2026-05-05 23:45:19,11,"b","t","pilot1"
"72000000100ACE53","DS1925",2026-05-05 23:50:19,11,"b","t","pilot1"
"72000000100ACE53","DS1925",2026-05-05 23:55:19,11,"b","t","pilot1"
"72000000100ACE53","DS1925",2026-05-06 00:00:19,11,"b","t","pilot1"
"72000000100ACE53","DS1925",2026-05-06 00:05:19,11,"b","t","pilot1"
"72000000100ACE53","DS1925",2026-05-06 00:10:19,11,"b","t","pilot1"
"72000000100ACE53","DS1925",2026-05-06 00:15:19,10.5,"b","t","pilot1"
"72000000100ACE53","DS1925",2026-05-06 00:20:19,10.5,"b","t","pilot1"
"72000000100ACE53","DS1925",2026-05-06 00:25:19,10.5,"b","t","pilot1"
"72000000100ACE53","DS1925",2026-05-06 00:30:19,10.5,"b","t","pilot1"
"72000000100ACE53","DS1925",2026-05-06 00:35:19,10.5,"b","t","pilot1"
"72000000100ACE53","DS1925",2026-05-06 00:40:19,10.5,"b","t","pilot1"
"72000000100ACE53","DS1925",2026-05-06 00:45:19,10.5,"b","t","pilot1"
"72000000100ACE53","DS1925",2026-05-06 00:50:19,10.5,"b","t","pilot1"
"72000000100ACE53","DS1925",2026-05-06 00:55:19,10.5,"b","t","pilot1"
"72000000100ACE53","DS1925",2026-05-06 01:00:19,10.5,"b","t","pilot1"
"72000000100ACE53","DS1925",2026-05-06 01:05:19,10.5,"b","t","pilot1"
"72000000100ACE53","DS1925",2026-05-06 01:10:19,10.5,"b","t","pilot1"
"72000000100ACE53","DS1925",2026-05-06 01:15:19,10.5,"b","t","pilot1"
"72000000100ACE53","DS1925",2026-05-06 01:20:19,10,"b","t","pilot1"
"72000000100ACE53","DS1925",2026-05-06 01:25:19,10,"b","t","pilot1"
"72000000100ACE53","DS1925",2026-05-06 01:30:19,10,"b","t","pilot1"
"72000000100ACE53","DS1925",2026-05-06 01:35:19,10,"b","t","pilot1"
"72000000100ACE53","DS1925",2026-05-06 01:40:19,10,"b","t","pilot1"
"72000000100ACE53","DS1925",2026-05-06 01:45:19,10,"b","t","pilot1"
"72000000100ACE53","DS1925",2026-05-06 01:50:19,10,"b","t","pilot1"
"72000000100ACE53","DS1925",2026-05-06 01:55:19,10,"b","t","pilot1"
"72000000100ACE53","DS1925",2026-05-06 02:00:19,10,"b","t","pilot1"
"72000000100ACE53","DS1925",2026-05-06 02:05:19,10,"b","t","pilot1"
"72000000100ACE53","DS1925",2026-05-06 02:10:19,10,"b","t","pilot1"
"72000000100ACE53","DS1925",2026-05-06 02:15:19,9.5,"b","t","pilot1"
"72000000100ACE53","DS1925",2026-05-06 02:20:19,9.5,"b","t","pilot1"
"72000000100ACE53","DS1925",2026-05-06 02:25:19,9.5,"b","t","pilot1"
"72000000100ACE53","DS1925",2026-05-06 02:30:19,9.5,"b","t","pilot1"
"72000000100ACE53","DS1925",2026-05-06 02:35:19,9.5,"b","t","pilot1"
"72000000100ACE53","DS1925",2026-05-06 02:40:19,9.5,"b","t","pilot1"
"72000000100ACE53","DS1925",2026-05-06 02:45:19,9.5,"b","t","pilot1"
"72000000100ACE53","DS1925",2026-05-06 02:50:19,9.5,"b","t","pilot1"
"72000000100ACE53","DS1925",2026-05-06 02:55:19,9.5,"b","t","pilot1"
"72000000100ACE53","DS1925",2026-05-06 03:00:19,9.5,"b","t","pilot1"
"72000000100ACE53","DS1925",2026-05-06 03:05:19,9.5,"b","t","pilot1"
"72000000100ACE53","DS1925",2026-05-06 03:10:19,9.5,"b","t","pilot1"
"72000000100ACE53","DS1925",2026-05-06 03:15:19,9.5,"b","t","pilot1"
"72000000100ACE53","DS1925",2026-05-06 03:20:19,9.5,"b","t","pilot1"
"72000000100ACE53","DS1925",2026-05-06 03:25:19,9,"b","t","pilot1"
"72000000100ACE53","DS1925",2026-05-06 03:30:19,9,"b","t","pilot1"
"72000000100ACE53","DS1925",2026-05-06 03:35:19,9,"b","t","pilot1"
"72000000100ACE53","DS1925",2026-05-06 03:40:19,9,"b","t","pilot1"
"72000000100ACE53","DS1925",2026-05-06 03:45:19,9,"b","t","pilot1"
"72000000100ACE53","DS1925",2026-05-06 03:50:19,9,"b","t","pilot1"
"72000000100ACE53","DS1925",2026-05-06 03:55:19,9,"b","t","pilot1"
"72000000100ACE53","DS1925",2026-05-06 04:00:19,9,"b","t","pilot1"
"72000000100ACE53","DS1925",2026-05-06 04:05:19,9,"b","t","pilot1"
"72000000100ACE53","DS1925",2026-05-06 04:10:19,9,"b","t","pilot1"
"72000000100ACE53","DS1925",2026-05-06 04:15:19,9,"b","t","pilot1"
"72000000100ACE53","DS1925",2026-05-06 04:20:19,9,"b","t","pilot1"
"72000000100ACE53","DS1925",2026-05-06 04:25:19,9,"b","t","pilot1"
"72000000100ACE53","DS1925",2026-05-06 04:30:19,9,"b","t","pilot1"
"72000000100ACE53","DS1925",2026-05-06 04:35:19,9,"b","t","pilot1"
"72000000100ACE53","DS1925",2026-05-06 04:40:19,9,"b","t","pilot1"
"72000000100ACE53","DS1925",2026-05-06 04:45:19,9,"b","t","pilot1"
"72000000100ACE53","DS1925",2026-05-06 04:50:19,9,"b","t","pilot1"
"72000000100ACE53","DS1925",2026-05-06 04:55:19,9,"b","t","pilot1"
"72000000100ACE53","DS1925",2026-05-06 05:00:19,9,"b","t","pilot1"
"72000000100ACE53","DS1925",2026-05-06 05:05:19,9,"b","t","pilot1"
"72000000100ACE53","DS1925",2026-05-06 05:10:19,9,"b","t","pilot1"
"72000000100ACE53","DS1925",2026-05-06 05:15:19,9,"b","t","pilot1"
"72000000100ACE53","DS1925",2026-05-06 05:20:19,9,"b","t","pilot1"
"72000000100ACE53","DS1925",2026-05-06 05:25:19,9,"b","t","pilot1"
"72000000100ACE53","DS1925",2026-05-06 05:30:19,8.5,"b","t","pilot1"
"72000000100ACE53","DS1925",2026-05-06 05:35:19,8.5,"b","t","pilot1"
"72000000100ACE53","DS1925",2026-05-06 05:40:19,8.5,"b","t","pilot1"
"72000000100ACE53","DS1925",2026-05-06 05:45:19,8.5,"b","t","pilot1"
"72000000100ACE53","DS1925",2026-05-06 05:50:19,8.5,"b","t","pilot1"
"72000000100ACE53","DS1925",2026-05-06 05:55:19,8.5,"b","t","pilot1"
"72000000100ACE53","DS1925",2026-05-06 06:00:19,8.5,"b","t","pilot1"
"72000000100ACE53","DS1925",2026-05-06 06:05:19,8.5,"b","t","pilot1"
"72000000100ACE53","DS1925",2026-05-06 06:10:19,8.5,"b","t","pilot1"
"72000000100ACE53","DS1925",2026-05-06 06:15:19,8.5,"b","t","pilot1"
"72000000100ACE53","DS1925",2026-05-06 06:20:19,8.5,"b","t","pilot1"
"72000000100ACE53","DS1925",2026-05-06 06:25:19,8.5,"b","t","pilot1"
"72000000100ACE53","DS1925",2026-05-06 06:30:19,8.5,"b","t","pilot1"
"72000000100ACE53","DS1925",2026-05-06 06:35:19,8.5,"b","t","pilot1"
"72000000100ACE53","DS1925",2026-05-06 06:40:19,8.5,"b","t","pilot1"
"72000000100ACE53","DS1925",2026-05-06 06:45:19,8.5,"b","t","pilot1"
"72000000100ACE53","DS1925",2026-05-06 06:50:19,8.5,"b","t","pilot1"
"72000000100ACE53","DS1925",2026-05-06 06:55:19,8.5,"b","t","pilot1"
"72000000100ACE53","DS1925",2026-05-06 07:00:19,8.5,"b","t","pilot1"
"72000000100ACE53","DS1925",2026-05-06 07:05:19,8.5,"b","t","pilot1"
"72000000100ACE53","DS1925",2026-05-06 07:10:19,8.5,"b","t","pilot1"
"72000000100ACE53","DS1925",2026-05-06 07:15:19,8.5,"b","t","pilot1"
"72000000100ACE53","DS1925",2026-05-06 07:20:19,8.5,"b","t","pilot1"
"72000000100ACE53","DS1925",2026-05-06 07:25:19,8.5,"b","t","pilot1"
"72000000100ACE53","DS1925",2026-05-06 07:30:19,8.5,"b","t","pilot1"
"72000000100ACE53","DS1925",2026-05-06 07:35:19,8.5,"b","t","pilot1"
"72000000100ACE53","DS1925",2026-05-06 07:40:19,9,"b","t","pilot1"
"72000000100ACE53","DS1925",2026-05-06 07:45:19,9,"b","t","pilot1"
"72000000100ACE53","DS1925",2026-05-06 07:50:19,9,"b","t","pilot1"
"72000000100ACE53","DS1925",2026-05-06 07:55:19,9,"b","t","pilot1"
"72000000100ACE53","DS1925",2026-05-06 08:00:19,9,"b","t","pilot1"
"72000000100ACE53","DS1925",2026-05-06 08:05:19,9,"b","t","pilot1"
"72000000100ACE53","DS1925",2026-05-06 08:10:19,9,"b","t","pilot1"
"72000000100ACE53","DS1925",2026-05-06 08:15:19,9,"b","t","pilot1"
"72000000100ACE53","DS1925",2026-05-06 08:20:19,9,"b","t","pilot1"
"72000000100ACE53","DS1925",2026-05-06 08:25:19,9,"b","t","pilot1"
"72000000100ACE53","DS1925",2026-05-06 08:30:19,9,"b","t","pilot1"
"72000000100ACE53","DS1925",2026-05-06 08:35:19,9,"b","t","pilot1"
"72000000100ACE53","DS1925",2026-05-06 08:40:19,9,"b","t","pilot1"
"72000000100ACE53","DS1925",2026-05-06 08:45:19,9,"b","t","pilot1"
"72000000100ACE53","DS1925",2026-05-06 08:50:19,9,"b","t","pilot1"
"72000000100ACE53","DS1925",2026-05-06 08:55:19,9,"b","t","pilot1"
"72000000100ACE53","DS1925",2026-05-06 09:00:19,9.5,"b","t","pilot1"
"72000000100ACE53","DS1925",2026-05-06 09:05:19,9.5,"b","t","pilot1"
"72000000100ACE53","DS1925",2026-05-06 09:10:19,9.5,"b","t","pilot1"
"72000000100ACE53","DS1925",2026-05-06 09:15:19,9.5,"b","t","pilot1"
"72000000100ACE53","DS1925",2026-05-06 09:20:19,9.5,"b","t","pilot1"
"72000000100ACE53","DS1925",2026-05-06 09:25:19,9.5,"b","t","pilot1"
"72000000100ACE53","DS1925",2026-05-06 09:30:19,9.5,"b","t","pilot1"
"72000000100ACE53","DS1925",2026-05-06 09:35:19,9.5,"b","t","pilot1"
"72000000100ACE53","DS1925",2026-05-06 09:40:19,10,"b","t","pilot1"
"72000000100ACE53","DS1925",2026-05-06 09:45:19,10,"b","t","pilot1"
"72000000100ACE53","DS1925",2026-05-06 09:50:19,10,"b","t","pilot1"
"72000000100ACE53","DS1925",2026-05-06 09:55:19,10,"b","t","pilot1"
"72000000100ACE53","DS1925",2026-05-06 10:00:19,10,"b","t","pilot1"
"72000000100ACE53","DS1925",2026-05-06 10:05:19,10,"b","t","pilot1"
"72000000100ACE53","DS1925",2026-05-06 10:10:19,10,"b","t","pilot1"
"72000000100ACE53","DS1925",2026-05-06 10:15:19,10,"b","t","pilot1"
"72000000100ACE53","DS1925",2026-05-06 10:20:19,10,"b","t","pilot1"
"72000000100ACE53","DS1925",2026-05-06 10:25:19,10,"b","t","pilot1"
"72000000100ACE53","DS1925",2026-05-06 10:30:19,10.5,"b","t","pilot1"
"72000000100ACE53","DS1925",2026-05-06 10:35:19,10.5,"b","t","pilot1"
"72000000100ACE53","DS1925",2026-05-06 10:40:19,10.5,"b","t","pilot1"
"72000000100ACE53","DS1925",2026-05-06 10:45:19,10.5,"b","t","pilot1"
"72000000100ACE53","DS1925",2026-05-06 10:50:19,10.5,"b","t","pilot1"
"72000000100ACE53","DS1925",2026-05-06 10:55:19,10.5,"b","t","pilot1"
"72000000100ACE53","DS1925",2026-05-06 11:00:19,10.5,"b","t","pilot1"
"72000000100ACE53","DS1925",2026-05-06 11:05:19,11,"b","t","pilot1"
"72000000100ACE53","DS1925",2026-05-06 11:10:19,11,"b","t","pilot1"
"72000000100ACE53","DS1925",2026-05-06 11:15:19,11,"b","t","pilot1"
"72000000100ACE53","DS1925",2026-05-06 11:20:19,11,"b","t","pilot1"
"72000000100ACE53","DS1925",2026-05-06 11:25:19,11.5,"b","t","pilot1"
"72000000100ACE53","DS1925",2026-05-06 11:30:19,11.5,"b","t","pilot1"
"72000000100ACE53","DS1925",2026-05-06 11:35:19,11.5,"b","t","pilot1"
"72000000100ACE53","DS1925",2026-05-06 11:40:19,12,"b","t","pilot1"
"72000000100ACE53","DS1925",2026-05-06 11:45:19,12,"b","t","pilot1"
"72000000100ACE53","DS1925",2026-05-06 11:50:19,12,"b","t","pilot1"
"72000000100ACE53","DS1925",2026-05-06 11:55:19,12.5,"b","t","pilot1"
"72000000100ACE53","DS1925",2026-05-06 12:00:19,12.5,"b","t","pilot1"
"72000000100ACE53","DS1925",2026-05-06 12:05:19,12.5,"b","t","pilot1"
"72000000100ACE53","DS1925",2026-05-06 12:10:19,12.5,"b","t","pilot1"
"72000000100ACE53","DS1925",2026-05-06 12:15:19,12.5,"b","t","pilot1"
"72000000100ACE53","DS1925",2026-05-06 12:20:19,12.5,"b","t","pilot1"
"72000000100ACE53","DS1925",2026-05-06 12:25:19,12.5,"b","t","pilot1"
"72000000100ACE53","DS1925",2026-05-06 12:30:19,12.5,"b","t","pilot1"
"72000000100ACE53","DS1925",2026-05-06 12:35:19,12.5,"b","t","pilot1"
"72000000100ACE53","DS1925",2026-05-06 12:40:19,12.5,"b","t","pilot1"
"72000000100ACE53","DS1925",2026-05-06 12:45:19,12.5,"b","t","pilot1"
"72000000100ACE53","DS1925",2026-05-06 12:50:19,12.5,"b","t","pilot1"
"72000000100ACE53","DS1925",2026-05-06 12:55:19,12.5,"b","t","pilot1"
"72000000100ACE53","DS1925",2026-05-06 13:00:19,12.5,"b","t","pilot1"
"72000000100ACE53","DS1925",2026-05-06 13:05:19,12.5,"b","t","pilot1"
"72000000100ACE53","DS1925",2026-05-06 13:10:19,12.5,"b","t","pilot1"
"72000000100ACE53","DS1925",2026-05-06 13:15:19,12.5,"b","t","pilot1"
"72000000100ACE53","DS1925",2026-05-06 13:20:19,12.5,"b","t","pilot1"
"72000000100ACE53","DS1925",2026-05-06 13:25:19,12.5,"b","t","pilot1"
"72000000100ACE53","DS1925",2026-05-06 13:30:19,12.5,"b","t","pilot1"
"72000000100ACE53","DS1925",2026-05-06 13:35:19,12.5,"b","t","pilot1"
"72000000100ACE53","DS1925",2026-05-06 13:40:19,12.5,"b","t","pilot1"
"72000000100ACE53","DS1925",2026-05-06 13:45:19,13,"b","t","pilot1"
"72000000100ACE53","DS1925",2026-05-06 13:50:19,13,"b","t","pilot1"
"72000000100ACE53","DS1925",2026-05-06 13:55:19,13.5,"b","t","pilot1"
"72000000100ACE53","DS1925",2026-05-06 14:00:19,14,"b","t","pilot1"
"72000000100ACE53","DS1925",2026-05-06 14:05:19,14,"b","t","pilot1"
"72000000100ACE53","DS1925",2026-05-06 14:10:19,14.5,"b","t","pilot1"
"72000000100ACE53","DS1925",2026-05-06 14:15:19,14.5,"b","t","pilot1"
"72000000100ACE53","DS1925",2026-05-06 14:20:19,14.5,"b","t","pilot1"
"72000000100ACE53","DS1925",2026-05-06 14:25:19,15,"b","t","pilot1"
"72000000100ACE53","DS1925",2026-05-06 14:30:19,15,"b","t","pilot1"
"72000000100ACE53","DS1925",2026-05-06 14:35:19,15,"b","t","pilot1"
"72000000100ACE53","DS1925",2026-05-06 14:40:19,15.5,"b","t","pilot1"
"72000000100ACE53","DS1925",2026-05-06 14:45:19,15.5,"b","t","pilot1"
"72000000100ACE53","DS1925",2026-05-06 14:50:19,15.5,"b","t","pilot1"
"72000000100ACE53","DS1925",2026-05-06 14:55:19,15.5,"b","t","pilot1"
"72000000100ACE53","DS1925",2026-05-06 15:00:19,16,"b","t","pilot1"
"72000000100ACE53","DS1925",2026-05-06 15:05:19,16,"b","t","pilot1"
"72000000100ACE53","DS1925",2026-05-06 15:10:19,16,"b","t","pilot1"
"72000000100ACE53","DS1925",2026-05-06 15:15:19,16,"b","t","pilot1"
"72000000100ACE53","DS1925",2026-05-06 15:20:19,16.5,"b","t","pilot1"
"72000000100ACE53","DS1925",2026-05-06 15:25:19,16.5,"b","t","pilot1"
"72000000100ACE53","DS1925",2026-05-06 15:30:19,17,"b","t","pilot1"
"72000000100ACE53","DS1925",2026-05-06 15:35:19,17,"b","t","pilot1"
"72000000100ACE53","DS1925",2026-05-06 15:40:19,17,"b","t","pilot1"
"72000000100ACE53","DS1925",2026-05-06 15:45:19,17.5,"b","t","pilot1"
"72000000100ACE53","DS1925",2026-05-06 15:50:19,17.5,"b","t","pilot1"
"72000000100ACE53","DS1925",2026-05-06 15:55:19,17.5,"b","t","pilot1"
"72000000100ACE53","DS1925",2026-05-06 16:00:19,18,"b","t","pilot1"
"72000000100ACE53","DS1925",2026-05-06 16:05:19,18,"b","t","pilot1"
"72000000100ACE53","DS1925",2026-05-06 16:10:19,17.5,"b","t","pilot1"
"72000000100ACE53","DS1925",2026-05-06 16:15:19,17.5,"b","t","pilot1"
"72000000100ACE53","DS1925",2026-05-06 16:20:19,17.5,"b","t","pilot1"
"72000000100ACE53","DS1925",2026-05-06 16:25:19,17.5,"b","t","pilot1"
"72000000100ACE53","DS1925",2026-05-06 16:30:19,17.5,"b","t","pilot1"
"72000000100ACE53","DS1925",2026-05-06 16:35:19,17.5,"b","t","pilot1"
"72000000100ACE53","DS1925",2026-05-06 16:40:19,17,"b","t","pilot1"
"72000000100ACE53","DS1925",2026-05-06 16:45:19,17,"b","t","pilot1"
"72000000100ACE53","DS1925",2026-05-06 16:50:19,17,"b","t","pilot1"
"72000000100ACE53","DS1925",2026-05-06 16:55:19,17,"b","t","pilot1"
"72000000100ACE53","DS1925",2026-05-06 17:00:19,16.5,"b","t","pilot1"
"72000000100ACE53","DS1925",2026-05-06 17:05:19,16.5,"b","t","pilot1"
"72000000100ACE53","DS1925",2026-05-06 17:10:19,16,"b","t","pilot1"
"72000000100ACE53","DS1925",2026-05-06 17:15:19,16,"b","t","pilot1"
"72000000100ACE53","DS1925",2026-05-06 17:20:19,16,"b","t","pilot1"
"72000000100ACE53","DS1925",2026-05-06 17:25:19,16,"b","t","pilot1"
"72000000100ACE53","DS1925",2026-05-06 17:30:19,15.5,"b","t","pilot1"
"72000000100ACE53","DS1925",2026-05-06 17:35:19,15.5,"b","t","pilot1"
"72000000100ACE53","DS1925",2026-05-06 17:40:19,15.5,"b","t","pilot1"
"72000000100ACE53","DS1925",2026-05-06 17:45:19,15,"b","t","pilot1"
"72000000100ACE53","DS1925",2026-05-06 17:50:19,15,"b","t","pilot1"
"72000000100ACE53","DS1925",2026-05-06 17:55:19,15,"b","t","pilot1"
"72000000100ACE53","DS1925",2026-05-06 18:00:19,15,"b","t","pilot1"
"72000000100ACE53","DS1925",2026-05-06 18:05:19,14.5,"b","t","pilot1"
"72000000100ACE53","DS1925",2026-05-06 18:10:19,14.5,"b","t","pilot1"
"72000000100ACE53","DS1925",2026-05-06 18:15:19,14.5,"b","t","pilot1"
"72000000100ACE53","DS1925",2026-05-06 18:20:19,14,"b","t","pilot1"
"72000000100ACE53","DS1925",2026-05-06 18:25:19,14,"b","t","pilot1"
"72000000100ACE53","DS1925",2026-05-06 18:30:19,14,"b","t","pilot1"
"72000000100ACE53","DS1925",2026-05-06 18:35:19,14,"b","t","pilot1"
"72000000100ACE53","DS1925",2026-05-06 18:40:19,14,"b","t","pilot1"
"72000000100ACE53","DS1925",2026-05-06 18:45:19,13.5,"b","t","pilot1"
"72000000100ACE53","DS1925",2026-05-06 18:50:19,13.5,"b","t","pilot1"
"72000000100ACE53","DS1925",2026-05-06 18:55:19,13.5,"b","t","pilot1"
"72000000100ACE53","DS1925",2026-05-06 19:00:19,13.5,"b","t","pilot1"
"72000000100ACE53","DS1925",2026-05-06 19:05:19,13.5,"b","t","pilot1"
"72000000100ACE53","DS1925",2026-05-06 19:10:19,13.5,"b","t","pilot1"
"72000000100ACE53","DS1925",2026-05-06 19:15:19,13,"b","t","pilot1"
"72000000100ACE53","DS1925",2026-05-06 19:20:19,13,"b","t","pilot1"
"72000000100ACE53","DS1925",2026-05-06 19:25:19,13,"b","t","pilot1"
"72000000100ACE53","DS1925",2026-05-06 19:30:19,13,"b","t","pilot1"
"72000000100ACE53","DS1925",2026-05-06 19:35:19,12.5,"b","t","pilot1"
"72000000100ACE53","DS1925",2026-05-06 19:40:19,12.5,"b","t","pilot1"
"72000000100ACE53","DS1925",2026-05-06 19:45:19,12.5,"b","t","pilot1"
"72000000100ACE53","DS1925",2026-05-06 19:50:19,12.5,"b","t","pilot1"
"72000000100ACE53","DS1925",2026-05-06 19:55:19,12,"b","t","pilot1"
"72000000100ACE53","DS1925",2026-05-06 20:00:19,12,"b","t","pilot1"
"72000000100ACE53","DS1925",2026-05-06 20:05:19,12,"b","t","pilot1"
"72000000100ACE53","DS1925",2026-05-06 20:10:19,12,"b","t","pilot1"
"72000000100ACE53","DS1925",2026-05-06 20:15:19,11.5,"b","t","pilot1"
"72000000100ACE53","DS1925",2026-05-06 20:20:19,11.5,"b","t","pilot1"
"72000000100ACE53","DS1925",2026-05-06 20:25:19,11.5,"b","t","pilot1"
"72000000100ACE53","DS1925",2026-05-06 20:30:19,11.5,"b","t","pilot1"
"72000000100ACE53","DS1925",2026-05-06 20:35:19,11.5,"b","t","pilot1"
"72000000100ACE53","DS1925",2026-05-06 20:40:19,11,"b","t","pilot1"
"72000000100ACE53","DS1925",2026-05-06 20:45:19,11,"b","t","pilot1"
"72000000100ACE53","DS1925",2026-05-06 20:50:19,11,"b","t","pilot1"
"72000000100ACE53","DS1925",2026-05-06 20:55:19,11,"b","t","pilot1"
"72000000100ACE53","DS1925",2026-05-06 21:00:19,11,"b","t","pilot1"
"72000000100ACE53","DS1925",2026-05-06 21:05:19,11,"b","t","pilot1"
"72000000100ACE53","DS1925",2026-05-06 21:10:19,11,"b","t","pilot1"
"72000000100ACE53","DS1925",2026-05-06 21:15:19,11,"b","t","pilot1"
"72000000100ACE53","DS1925",2026-05-06 21:20:19,10.5,"b","t","pilot1"
"72000000100ACE53","DS1925",2026-05-06 21:25:19,10.5,"b","t","pilot1"
"72000000100ACE53","DS1925",2026-05-06 21:30:19,10.5,"b","t","pilot1"
"72000000100ACE53","DS1925",2026-05-06 21:35:19,10.5,"b","t","pilot1"
"72000000100ACE53","DS1925",2026-05-06 21:40:19,10.5,"b","t","pilot1"
"72000000100ACE53","DS1925",2026-05-06 21:45:19,10.5,"b","t","pilot1"
"72000000100ACE53","DS1925",2026-05-06 21:50:19,10.5,"b","t","pilot1"
"72000000100ACE53","DS1925",2026-05-06 21:55:19,10.5,"b","t","pilot1"
"72000000100ACE53","DS1925",2026-05-06 22:00:19,10.5,"b","t","pilot1"
"72000000100ACE53","DS1925",2026-05-06 22:05:19,10,"b","t","pilot1"
"72000000100ACE53","DS1925",2026-05-06 22:10:19,10.5,"b","t","pilot1"
"72000000100ACE53","DS1925",2026-05-06 22:15:19,10,"b","t","pilot1"
"72000000100ACE53","DS1925",2026-05-06 22:20:19,10,"b","t","pilot1"
"72000000100ACE53","DS1925",2026-05-06 22:25:19,10,"b","t","pilot1"
"72000000100ACE53","DS1925",2026-05-06 22:30:19,10,"b","t","pilot1"
"72000000100ACE53","DS1925",2026-05-06 22:35:19,10,"b","t","pilot1"
"72000000100ACE53","DS1925",2026-05-06 22:40:19,10,"b","t","pilot1"
"72000000100ACE53","DS1925",2026-05-06 22:45:19,10,"b","t","pilot1"
"72000000100ACE53","DS1925",2026-05-06 22:50:19,10,"b","t","pilot1"
"72000000100ACE53","DS1925",2026-05-06 22:55:19,10,"b","t","pilot1"
"72000000100ACE53","DS1925",2026-05-06 23:00:19,10,"b","t","pilot1"
"72000000100ACE53","DS1925",2026-05-06 23:05:19,10,"b","t","pilot1"
"72000000100ACE53","DS1925",2026-05-06 23:10:19,10,"b","t","pilot1"
"72000000100ACE53","DS1925",2026-05-06 23:15:19,10,"b","t","pilot1"
"72000000100ACE53","DS1925",2026-05-06 23:20:19,9.5,"b","t","pilot1"
"72000000100ACE53","DS1925",2026-05-06 23:25:19,9.5,"b","t","pilot1"
"72000000100ACE53","DS1925",2026-05-06 23:30:19,9.5,"b","t","pilot1"
"72000000100ACE53","DS1925",2026-05-06 23:35:19,9.5,"b","t","pilot1"
"72000000100ACE53","DS1925",2026-05-06 23:40:19,9.5,"b","t","pilot1"
"72000000100ACE53","DS1925",2026-05-06 23:45:19,9.5,"b","t","pilot1"
"72000000100ACE53","DS1925",2026-05-06 23:50:19,9.5,"b","t","pilot1"
"72000000100ACE53","DS1925",2026-05-06 23:55:19,9,"b","t","pilot1"
"72000000100ACE53","DS1925",2026-05-07 00:00:19,9,"b","t","pilot1"
"72000000100ACE53","DS1925",2026-05-07 00:05:19,9,"b","t","pilot1"
"72000000100ACE53","DS1925",2026-05-07 00:10:19,9,"b","t","pilot1"
"72000000100ACE53","DS1925",2026-05-07 00:15:19,9,"b","t","pilot1"
"72000000100ACE53","DS1925",2026-05-07 00:20:19,9,"b","t","pilot1"
"72000000100ACE53","DS1925",2026-05-07 00:25:19,9,"b","t","pilot1"
"72000000100ACE53","DS1925",2026-05-07 00:30:19,9,"b","t","pilot1"
"72000000100ACE53","DS1925",2026-05-07 00:35:19,9,"b","t","pilot1"
"72000000100ACE53","DS1925",2026-05-07 00:40:19,9,"b","t","pilot1"
"72000000100ACE53","DS1925",2026-05-07 00:45:19,9,"b","t","pilot1"
"72000000100ACE53","DS1925",2026-05-07 00:50:19,9,"b","t","pilot1"
"72000000100ACE53","DS1925",2026-05-07 00:55:19,9,"b","t","pilot1"
"72000000100ACE53","DS1925",2026-05-07 01:00:19,9,"b","t","pilot1"
"72000000100ACE53","DS1925",2026-05-07 01:05:19,9,"b","t","pilot1"
"72000000100ACE53","DS1925",2026-05-07 01:10:19,8.5,"b","t","pilot1"
"72000000100ACE53","DS1925",2026-05-07 01:15:19,8.5,"b","t","pilot1"
"72000000100ACE53","DS1925",2026-05-07 01:20:19,8.5,"b","t","pilot1"
"72000000100ACE53","DS1925",2026-05-07 01:25:19,8.5,"b","t","pilot1"
"72000000100ACE53","DS1925",2026-05-07 01:30:19,8.5,"b","t","pilot1"
"72000000100ACE53","DS1925",2026-05-07 01:35:19,8.5,"b","t","pilot1"
"72000000100ACE53","DS1925",2026-05-07 01:40:19,8.5,"b","t","pilot1"
"72000000100ACE53","DS1925",2026-05-07 01:45:19,8,"b","t","pilot1"
"72000000100ACE53","DS1925",2026-05-07 01:50:19,8,"b","t","pilot1"
"72000000100ACE53","DS1925",2026-05-07 01:55:19,8,"b","t","pilot1"
"72000000100ACE53","DS1925",2026-05-07 02:00:19,8,"b","t","pilot1"
"72000000100ACE53","DS1925",2026-05-07 02:05:19,8,"b","t","pilot1"
"72000000100ACE53","DS1925",2026-05-07 02:10:19,8,"b","t","pilot1"
"72000000100ACE53","DS1925",2026-05-07 02:15:19,8,"b","t","pilot1"
"72000000100ACE53","DS1925",2026-05-07 02:20:19,7.5,"b","t","pilot1"
"72000000100ACE53","DS1925",2026-05-07 02:25:19,7.5,"b","t","pilot1"
"72000000100ACE53","DS1925",2026-05-07 02:30:19,7.5,"b","t","pilot1"
"72000000100ACE53","DS1925",2026-05-07 02:35:19,7.5,"b","t","pilot1"
"72000000100ACE53","DS1925",2026-05-07 02:40:19,7.5,"b","t","pilot1"
"72000000100ACE53","DS1925",2026-05-07 02:45:19,7.5,"b","t","pilot1"
"72000000100ACE53","DS1925",2026-05-07 02:50:19,7.5,"b","t","pilot1"
"72000000100ACE53","DS1925",2026-05-07 02:55:19,7,"b","t","pilot1"
"72000000100ACE53","DS1925",2026-05-07 03:00:19,7,"b","t","pilot1"
"72000000100ACE53","DS1925",2026-05-07 03:05:19,7,"b","t","pilot1"
"72000000100ACE53","DS1925",2026-05-07 03:10:19,7,"b","t","pilot1"
"72000000100ACE53","DS1925",2026-05-07 03:15:19,7,"b","t","pilot1"
"72000000100ACE53","DS1925",2026-05-07 03:20:19,7,"b","t","pilot1"
"72000000100ACE53","DS1925",2026-05-07 03:25:19,7,"b","t","pilot1"
"72000000100ACE53","DS1925",2026-05-07 03:30:19,6.5,"b","t","pilot1"
"72000000100ACE53","DS1925",2026-05-07 03:35:19,6.5,"b","t","pilot1"
"72000000100ACE53","DS1925",2026-05-07 03:40:19,6.5,"b","t","pilot1"
"72000000100ACE53","DS1925",2026-05-07 03:45:19,6.5,"b","t","pilot1"
"72000000100ACE53","DS1925",2026-05-07 03:50:19,6.5,"b","t","pilot1"
"72000000100ACE53","DS1925",2026-05-07 03:55:19,6.5,"b","t","pilot1"
"72000000100ACE53","DS1925",2026-05-07 04:00:19,6.5,"b","t","pilot1"
"72000000100ACE53","DS1925",2026-05-07 04:05:19,6.5,"b","t","pilot1"
"72000000100ACE53","DS1925",2026-05-07 04:10:19,6.5,"b","t","pilot1"
"72000000100ACE53","DS1925",2026-05-07 04:15:19,6.5,"b","t","pilot1"
"72000000100ACE53","DS1925",2026-05-07 04:20:19,6,"b","t","pilot1"
"72000000100ACE53","DS1925",2026-05-07 04:25:19,6,"b","t","pilot1"
"72000000100ACE53","DS1925",2026-05-07 04:30:19,6,"b","t","pilot1"
"72000000100ACE53","DS1925",2026-05-07 04:35:19,6,"b","t","pilot1"
"72000000100ACE53","DS1925",2026-05-07 04:40:19,6,"b","t","pilot1"
"72000000100ACE53","DS1925",2026-05-07 04:45:19,6,"b","t","pilot1"
"72000000100ACE53","DS1925",2026-05-07 04:50:19,6,"b","t","pilot1"
"72000000100ACE53","DS1925",2026-05-07 04:55:19,6,"b","t","pilot1"
"72000000100ACE53","DS1925",2026-05-07 05:00:19,6,"b","t","pilot1"
"72000000100ACE53","DS1925",2026-05-07 05:05:19,6,"b","t","pilot1"
"72000000100ACE53","DS1925",2026-05-07 05:10:19,5.5,"b","t","pilot1"
"72000000100ACE53","DS1925",2026-05-07 05:15:19,5.5,"b","t","pilot1"
"72000000100ACE53","DS1925",2026-05-07 05:20:19,5.5,"b","t","pilot1"
"72000000100ACE53","DS1925",2026-05-07 05:25:19,5.5,"b","t","pilot1"
"72000000100ACE53","DS1925",2026-05-07 05:30:19,5.5,"b","t","pilot1"
"72000000100ACE53","DS1925",2026-05-07 05:35:19,5.5,"b","t","pilot1"
"72000000100ACE53","DS1925",2026-05-07 05:40:19,5.5,"b","t","pilot1"
"72000000100ACE53","DS1925",2026-05-07 05:45:19,5,"b","t","pilot1"
"72000000100ACE53","DS1925",2026-05-07 05:50:19,5,"b","t","pilot1"
"72000000100ACE53","DS1925",2026-05-07 05:55:19,5,"b","t","pilot1"
"72000000100ACE53","DS1925",2026-05-07 06:00:19,5,"b","t","pilot1"
"72000000100ACE53","DS1925",2026-05-07 06:05:19,5,"b","t","pilot1"
"72000000100ACE53","DS1925",2026-05-07 06:10:19,5,"b","t","pilot1"
"72000000100ACE53","DS1925",2026-05-07 06:15:19,5,"b","t","pilot1"
"72000000100ACE53","DS1925",2026-05-07 06:20:19,5,"b","t","pilot1"
"72000000100ACE53","DS1925",2026-05-07 06:25:19,5,"b","t","pilot1"
"72000000100ACE53","DS1925",2026-05-07 06:30:19,5,"b","t","pilot1"
"72000000100ACE53","DS1925",2026-05-07 06:35:19,5,"b","t","pilot1"
"72000000100ACE53","DS1925",2026-05-07 06:40:19,5,"b","t","pilot1"
"72000000100ACE53","DS1925",2026-05-07 06:45:19,5,"b","t","pilot1"
"72000000100ACE53","DS1925",2026-05-07 06:50:19,5,"b","t","pilot1"
"72000000100ACE53","DS1925",2026-05-07 06:55:19,5,"b","t","pilot1"
"72000000100ACE53","DS1925",2026-05-07 07:00:19,5,"b","t","pilot1"
"72000000100ACE53","DS1925",2026-05-07 07:05:19,5,"b","t","pilot1"
"72000000100ACE53","DS1925",2026-05-07 07:10:19,5.5,"b","t","pilot1"
"72000000100ACE53","DS1925",2026-05-07 07:15:19,5.5,"b","t","pilot1"
"72000000100ACE53","DS1925",2026-05-07 07:20:19,5.5,"b","t","pilot1"
"72000000100ACE53","DS1925",2026-05-07 07:25:19,5.5,"b","t","pilot1"
"72000000100ACE53","DS1925",2026-05-07 07:30:19,5.5,"b","t","pilot1"
"72000000100ACE53","DS1925",2026-05-07 07:35:19,5.5,"b","t","pilot1"
"72000000100ACE53","DS1925",2026-05-07 07:40:19,5.5,"b","t","pilot1"
"72000000100ACE53","DS1925",2026-05-07 07:45:19,5.5,"b","t","pilot1"
"72000000100ACE53","DS1925",2026-05-07 07:50:19,5.5,"b","t","pilot1"
"72000000100ACE53","DS1925",2026-05-07 07:55:19,5.5,"b","t","pilot1"
"72000000100ACE53","DS1925",2026-05-07 08:00:19,5.5,"b","t","pilot1"
"72000000100ACE53","DS1925",2026-05-07 08:05:19,5.5,"b","t","pilot1"
"72000000100ACE53","DS1925",2026-05-07 08:10:19,5.5,"b","t","pilot1"
"72000000100ACE53","DS1925",2026-05-07 08:15:19,5.5,"b","t","pilot1"
"72000000100ACE53","DS1925",2026-05-07 08:20:19,6,"b","t","pilot1"
"72000000100ACE53","DS1925",2026-05-07 08:25:19,6,"b","t","pilot1"
"72000000100ACE53","DS1925",2026-05-07 08:30:19,6,"b","t","pilot1"
"72000000100ACE53","DS1925",2026-05-07 08:35:19,6,"b","t","pilot1"
"72000000100ACE53","DS1925",2026-05-07 08:40:19,6.5,"b","t","pilot1"
"72000000100ACE53","DS1925",2026-05-07 08:45:19,6.5,"b","t","pilot1"
"72000000100ACE53","DS1925",2026-05-07 08:50:19,6.5,"b","t","pilot1"
"72000000100ACE53","DS1925",2026-05-07 08:55:19,6.5,"b","t","pilot1"
"72000000100ACE53","DS1925",2026-05-07 09:00:19,7,"b","t","pilot1"
"72000000100ACE53","DS1925",2026-05-07 09:05:19,7,"b","t","pilot1"
"72000000100ACE53","DS1925",2026-05-07 09:10:19,7,"b","t","pilot1"
"72000000100ACE53","DS1925",2026-05-07 09:15:19,7.5,"b","t","pilot1"
"72000000100ACE53","DS1925",2026-05-07 09:20:19,7.5,"b","t","pilot1"
"72000000100ACE53","DS1925",2026-05-07 09:25:19,7.5,"b","t","pilot1"
"72000000100ACE53","DS1925",2026-05-07 09:30:19,8,"b","t","pilot1"
"72000000100ACE53","DS1925",2026-05-07 09:35:19,8,"b","t","pilot1"
"72000000100ACE53","DS1925",2026-05-07 09:40:19,8.5,"b","t","pilot1"
"72000000100ACE53","DS1925",2026-05-07 09:45:19,8.5,"b","t","pilot1"
"72000000100ACE53","DS1925",2026-05-07 09:50:19,8.5,"b","t","pilot1"
"72000000100ACE53","DS1925",2026-05-07 09:55:19,9,"b","t","pilot1"
"72000000100ACE53","DS1925",2026-05-07 10:00:19,9,"b","t","pilot1"
"72000000100ACE53","DS1925",2026-05-07 10:05:19,9.5,"b","t","pilot1"
"72000000100ACE53","DS1925",2026-05-07 10:10:19,9.5,"b","t","pilot1"
"72000000100ACE53","DS1925",2026-05-07 10:15:19,10,"b","t","pilot1"
"72000000100ACE53","DS1925",2026-05-07 10:20:19,10.5,"b","t","pilot1"
"72000000100ACE53","DS1925",2026-05-07 10:25:19,10.5,"b","t","pilot1"
"72000000100ACE53","DS1925",2026-05-07 10:30:19,11,"b","t","pilot1"
"72000000100ACE53","DS1925",2026-05-07 10:35:19,11.5,"b","t","pilot1"
"72000000100ACE53","DS1925",2026-05-07 10:40:19,11.5,"b","t","pilot1"
"72000000100ACE53","DS1925",2026-05-07 10:45:19,11.5,"b","t","pilot1"
"72000000100ACE53","DS1925",2026-05-07 10:50:19,12,"b","t","pilot1"
"72000000100ACE53","DS1925",2026-05-07 10:55:19,12,"b","t","pilot1"
"72000000100ACE53","DS1925",2026-05-07 11:00:19,12,"b","t","pilot1"
"72000000100ACE53","DS1925",2026-05-07 11:05:19,12,"b","t","pilot1"
"72000000100ACE53","DS1925",2026-05-07 11:10:19,12.5,"b","t","pilot1"
"72000000100ACE53","DS1925",2026-05-07 11:15:19,12.5,"b","t","pilot1"
"72000000100ACE53","DS1925",2026-05-07 11:20:19,12.5,"b","t","pilot1"
"72000000100ACE53","DS1925",2026-05-07 11:25:19,12.5,"b","t","pilot1"
"72000000100ACE53","DS1925",2026-05-07 11:30:19,12.5,"b","t","pilot1"
"72000000100ACE53","DS1925",2026-05-07 11:35:19,13,"b","t","pilot1"
"72000000100ACE53","DS1925",2026-05-07 11:40:19,13,"b","t","pilot1"
"72000000100ACE53","DS1925",2026-05-07 11:45:19,13.5,"b","t","pilot1"
"72000000100ACE53","DS1925",2026-05-07 11:50:19,13.5,"b","t","pilot1"
"72000000100ACE53","DS1925",2026-05-07 11:55:19,14,"b","t","pilot1"
"72000000100ACE53","DS1925",2026-05-07 12:00:19,14.5,"b","t","pilot1"
"72000000100ACE53","DS1925",2026-05-07 12:05:19,14.5,"b","t","pilot1"
"72000000100ACE53","DS1925",2026-05-07 12:10:19,15,"b","t","pilot1"
"72000000100ACE53","DS1925",2026-05-07 12:15:19,15.5,"b","t","pilot1"
"72000000100ACE53","DS1925",2026-05-07 12:20:19,15.5,"b","t","pilot1"
"72000000100ACE53","DS1925",2026-05-07 12:25:19,15.5,"b","t","pilot1"
"72000000100ACE53","DS1925",2026-05-07 12:30:19,15.5,"b","t","pilot1"
"72000000100ACE53","DS1925",2026-05-07 12:35:19,15.5,"b","t","pilot1"
"72000000100ACE53","DS1925",2026-05-07 12:40:19,15.5,"b","t","pilot1"
"72000000100ACE53","DS1925",2026-05-07 12:45:19,15.5,"b","t","pilot1"
"72000000100ACE53","DS1925",2026-05-07 12:50:19,15.5,"b","t","pilot1"
"72000000100ACE53","DS1925",2026-05-07 12:55:19,15.5,"b","t","pilot1"
"72000000100ACE53","DS1925",2026-05-07 13:00:19,15.5,"b","t","pilot1"
"72000000100ACE53","DS1925",2026-05-07 13:05:19,15.5,"b","t","pilot1"
"72000000100ACE53","DS1925",2026-05-07 13:10:19,16,"b","t","pilot1"
"72000000100ACE53","DS1925",2026-05-07 13:15:19,16,"b","t","pilot1"
"72000000100ACE53","DS1925",2026-05-07 13:20:19,16.5,"b","t","pilot1"
"72000000100ACE53","DS1925",2026-05-07 13:25:19,16.5,"b","t","pilot1"
"72000000100ACE53","DS1925",2026-05-07 13:30:19,17,"b","t","pilot1"
"72000000100ACE53","DS1925",2026-05-07 13:35:19,17,"b","t","pilot1"
"72000000100ACE53","DS1925",2026-05-07 13:40:19,17.5,"b","t","pilot1"
"72000000100ACE53","DS1925",2026-05-07 13:45:19,17.5,"b","t","pilot1"
"72000000100ACE53","DS1925",2026-05-07 13:50:19,17.5,"b","t","pilot1"
"72000000100ACE53","DS1925",2026-05-07 13:55:19,17.5,"b","t","pilot1"
"72000000100ACE53","DS1925",2026-05-07 14:00:19,17.5,"b","t","pilot1"
"72000000100ACE53","DS1925",2026-05-07 14:05:19,17.5,"b","t","pilot1"
"72000000100ACE53","DS1925",2026-05-07 14:10:19,17.5,"b","t","pilot1"
"72000000100ACE53","DS1925",2026-05-07 14:15:19,17.5,"b","t","pilot1"
"72000000100ACE53","DS1925",2026-05-07 14:20:19,17.5,"b","t","pilot1"
"72000000100ACE53","DS1925",2026-05-07 14:25:19,17.5,"b","t","pilot1"
"72000000100ACE53","DS1925",2026-05-07 14:30:19,17.5,"b","t","pilot1"
"72000000100ACE53","DS1925",2026-05-07 14:35:19,17,"b","t","pilot1"
"72000000100ACE53","DS1925",2026-05-07 14:40:19,17.5,"b","t","pilot1"
"72000000100ACE53","DS1925",2026-05-07 14:45:19,17.5,"b","t","pilot1"
"72000000100ACE53","DS1925",2026-05-07 14:50:19,17,"b","t","pilot1"
"72000000100ACE53","DS1925",2026-05-07 14:55:19,17,"b","t","pilot1"
"72000000100ACE53","DS1925",2026-05-07 15:00:19,17,"b","t","pilot1"
"72000000100ACE53","DS1925",2026-05-07 15:05:19,17,"b","t","pilot1"
"72000000100ACE53","DS1925",2026-05-07 15:10:19,17.5,"b","t","pilot1"
"72000000100ACE53","DS1925",2026-05-07 15:15:19,17.5,"b","t","pilot1"
"72000000100ACE53","DS1925",2026-05-07 15:20:19,18,"b","t","pilot1"
"72000000100ACE53","DS1925",2026-05-07 15:25:19,18,"b","t","pilot1"
"72000000100ACE53","DS1925",2026-05-07 15:30:19,18.5,"b","t","pilot1"
"72000000100ACE53","DS1925",2026-05-07 15:35:19,18.5,"b","t","pilot1"
"72000000100ACE53","DS1925",2026-05-07 15:40:19,18.5,"b","t","pilot1"
"72000000100ACE53","DS1925",2026-05-07 15:45:19,18.5,"b","t","pilot1"
"72000000100ACE53","DS1925",2026-05-07 15:50:19,18,"b","t","pilot1"
"72000000100ACE53","DS1925",2026-05-07 15:55:19,18.5,"b","t","pilot1"
"72000000100ACE53","DS1925",2026-05-07 16:00:19,18.5,"b","t","pilot1"
"72000000100ACE53","DS1925",2026-05-07 16:05:19,18.5,"b","t","pilot1"
"72000000100ACE53","DS1925",2026-05-07 16:10:19,18.5,"b","t","pilot1"
"72000000100ACE53","DS1925",2026-05-07 16:15:19,18.5,"b","t","pilot1"
"72000000100ACE53","DS1925",2026-05-07 16:20:19,18.5,"b","t","pilot1"
"72000000100ACE53","DS1925",2026-05-07 16:25:19,18.5,"b","t","pilot1"
"72000000100ACE53","DS1925",2026-05-07 16:30:19,18.5,"b","t","pilot1"
"72000000100ACE53","DS1925",2026-05-07 16:35:19,18.5,"b","t","pilot1"
"72000000100ACE53","DS1925",2026-05-07 16:40:19,19,"b","t","pilot1"
"72000000100ACE53","DS1925",2026-05-07 16:45:19,18.5,"b","t","pilot1"
"72000000100ACE53","DS1925",2026-05-07 16:50:19,18.5,"b","t","pilot1"
"72000000100ACE53","DS1925",2026-05-07 16:55:19,18.5,"b","t","pilot1"
"72000000100ACE53","DS1925",2026-05-07 17:00:19,18,"b","t","pilot1"
"72000000100ACE53","DS1925",2026-05-07 17:05:19,18,"b","t","pilot1"
"72000000100ACE53","DS1925",2026-05-07 17:10:19,18,"b","t","pilot1"
"72000000100ACE53","DS1925",2026-05-07 17:15:19,18,"b","t","pilot1"
"72000000100ACE53","DS1925",2026-05-07 17:20:19,17.5,"b","t","pilot1"
"72000000100ACE53","DS1925",2026-05-07 17:25:19,17.5,"b","t","pilot1"
"72000000100ACE53","DS1925",2026-05-07 17:30:19,17.5,"b","t","pilot1"
"72000000100ACE53","DS1925",2026-05-07 17:35:19,17,"b","t","pilot1"
"72000000100ACE53","DS1925",2026-05-07 17:40:19,17,"b","t","pilot1"
"72000000100ACE53","DS1925",2026-05-07 17:45:19,16.5,"b","t","pilot1"
"72000000100ACE53","DS1925",2026-05-07 17:50:19,16.5,"b","t","pilot1"
"72000000100ACE53","DS1925",2026-05-07 17:55:19,16.5,"b","t","pilot1"
"72000000100ACE53","DS1925",2026-05-07 18:00:19,16,"b","t","pilot1"
"72000000100ACE53","DS1925",2026-05-07 18:05:19,15.5,"b","t","pilot1"
"72000000100ACE53","DS1925",2026-05-07 18:10:19,15.5,"b","t","pilot1"
"72000000100ACE53","DS1925",2026-05-07 18:15:19,15.5,"b","t","pilot1"
"72000000100ACE53","DS1925",2026-05-07 18:20:19,15,"b","t","pilot1"
"72000000100ACE53","DS1925",2026-05-07 18:25:19,15,"b","t","pilot1"
"72000000100ACE53","DS1925",2026-05-07 18:30:19,14.5,"b","t","pilot1"
"72000000100ACE53","DS1925",2026-05-07 18:35:19,14.5,"b","t","pilot1"
"72000000100ACE53","DS1925",2026-05-07 18:40:19,14,"b","t","pilot1"
"72000000100ACE53","DS1925",2026-05-07 18:45:19,14,"b","t","pilot1"
"72000000100ACE53","DS1925",2026-05-07 18:50:19,14,"b","t","pilot1"
"72000000100ACE53","DS1925",2026-05-07 18:55:19,14,"b","t","pilot1"
"72000000100ACE53","DS1925",2026-05-07 19:00:19,14,"b","t","pilot1"
"72000000100ACE53","DS1925",2026-05-07 19:05:19,14,"b","t","pilot1"
"72000000100ACE53","DS1925",2026-05-07 19:10:19,13.5,"b","t","pilot1"
"72000000100ACE53","DS1925",2026-05-07 19:15:19,13.5,"b","t","pilot1"
"72000000100ACE53","DS1925",2026-05-07 19:20:19,13.5,"b","t","pilot1"
"72000000100ACE53","DS1925",2026-05-07 19:25:19,13.5,"b","t","pilot1"
"72000000100ACE53","DS1925",2026-05-07 19:30:19,13.5,"b","t","pilot1"
"72000000100ACE53","DS1925",2026-05-07 19:35:19,13.5,"b","t","pilot1"
"72000000100ACE53","DS1925",2026-05-07 19:40:19,13,"b","t","pilot1"
"72000000100ACE53","DS1925",2026-05-07 19:45:19,13,"b","t","pilot1"
"72000000100ACE53","DS1925",2026-05-07 19:50:19,13,"b","t","pilot1"
"72000000100ACE53","DS1925",2026-05-07 19:55:19,12.5,"b","t","pilot1"
"72000000100ACE53","DS1925",2026-05-07 20:00:19,12.5,"b","t","pilot1"
"72000000100ACE53","DS1925",2026-05-07 20:05:19,12.5,"b","t","pilot1"
"72000000100ACE53","DS1925",2026-05-07 20:10:19,12.5,"b","t","pilot1"
"72000000100ACE53","DS1925",2026-05-07 20:15:19,12,"b","t","pilot1"
"72000000100ACE53","DS1925",2026-05-07 20:20:19,12,"b","t","pilot1"
"72000000100ACE53","DS1925",2026-05-07 20:25:19,12,"b","t","pilot1"
"72000000100ACE53","DS1925",2026-05-07 20:30:19,12,"b","t","pilot1"
"72000000100ACE53","DS1925",2026-05-07 20:35:19,11.5,"b","t","pilot1"
"72000000100ACE53","DS1925",2026-05-07 20:40:19,11.5,"b","t","pilot1"
"72000000100ACE53","DS1925",2026-05-07 20:45:19,11.5,"b","t","pilot1"
"72000000100ACE53","DS1925",2026-05-07 20:50:19,11.5,"b","t","pilot1"
"72000000100ACE53","DS1925",2026-05-07 20:55:19,11,"b","t","pilot1"
"72000000100ACE53","DS1925",2026-05-07 21:00:19,11,"b","t","pilot1"
"72000000100ACE53","DS1925",2026-05-07 21:05:19,11,"b","t","pilot1"
"72000000100ACE53","DS1925",2026-05-07 21:10:19,11,"b","t","pilot1"
"72000000100ACE53","DS1925",2026-05-07 21:15:19,10.5,"b","t","pilot1"
"72000000100ACE53","DS1925",2026-05-07 21:20:19,10.5,"b","t","pilot1"
"72000000100ACE53","DS1925",2026-05-07 21:25:19,10.5,"b","t","pilot1"
"72000000100ACE53","DS1925",2026-05-07 21:30:19,10.5,"b","t","pilot1"
"72000000100ACE53","DS1925",2026-05-07 21:35:19,10.5,"b","t","pilot1"
"72000000100ACE53","DS1925",2026-05-07 21:40:19,10,"b","t","pilot1"
"72000000100ACE53","DS1925",2026-05-07 21:45:19,10,"b","t","pilot1"
"72000000100ACE53","DS1925",2026-05-07 21:50:19,10,"b","t","pilot1"
"72000000100ACE53","DS1925",2026-05-07 21:55:19,10,"b","t","pilot1"
"72000000100ACE53","DS1925",2026-05-07 22:00:19,9.5,"b","t","pilot1"
"72000000100ACE53","DS1925",2026-05-07 22:05:19,9.5,"b","t","pilot1"
"72000000100ACE53","DS1925",2026-05-07 22:10:19,9.5,"b","t","pilot1"
"72000000100ACE53","DS1925",2026-05-07 22:15:19,9.5,"b","t","pilot1"
"72000000100ACE53","DS1925",2026-05-07 22:20:19,9,"b","t","pilot1"
"72000000100ACE53","DS1925",2026-05-07 22:25:19,9,"b","t","pilot1"
"72000000100ACE53","DS1925",2026-05-07 22:30:19,9,"b","t","pilot1"
"72000000100ACE53","DS1925",2026-05-07 22:35:19,9,"b","t","pilot1"
"72000000100ACE53","DS1925",2026-05-07 22:40:19,9,"b","t","pilot1"
"72000000100ACE53","DS1925",2026-05-07 22:45:19,9,"b","t","pilot1"
"72000000100ACE53","DS1925",2026-05-07 22:50:19,8.5,"b","t","pilot1"
"72000000100ACE53","DS1925",2026-05-07 22:55:19,8.5,"b","t","pilot1"
"72000000100ACE53","DS1925",2026-05-07 23:00:19,8.5,"b","t","pilot1"
"72000000100ACE53","DS1925",2026-05-07 23:05:19,8.5,"b","t","pilot1"
"72000000100ACE53","DS1925",2026-05-07 23:10:19,8.5,"b","t","pilot1"
"72000000100ACE53","DS1925",2026-05-07 23:15:19,8.5,"b","t","pilot1"
"72000000100ACE53","DS1925",2026-05-07 23:20:19,8,"b","t","pilot1"
"72000000100ACE53","DS1925",2026-05-07 23:25:19,8,"b","t","pilot1"
"72000000100ACE53","DS1925",2026-05-07 23:30:19,8,"b","t","pilot1"
"72000000100ACE53","DS1925",2026-05-07 23:35:19,8,"b","t","pilot1"
"72000000100ACE53","DS1925",2026-05-07 23:40:19,8,"b","t","pilot1"
"72000000100ACE53","DS1925",2026-05-07 23:45:19,7.5,"b","t","pilot1"
"72000000100ACE53","DS1925",2026-05-07 23:50:19,7.5,"b","t","pilot1"
"72000000100ACE53","DS1925",2026-05-07 23:55:19,7.5,"b","t","pilot1"
"72000000100ACE53","DS1925",2026-05-08 00:00:19,7.5,"b","t","pilot1"
"72000000100ACE53","DS1925",2026-05-08 00:05:19,7.5,"b","t","pilot1"
"72000000100ACE53","DS1925",2026-05-08 00:10:19,7.5,"b","t","pilot1"
"72000000100ACE53","DS1925",2026-05-08 00:15:19,7.5,"b","t","pilot1"
"72000000100ACE53","DS1925",2026-05-08 00:20:19,7.5,"b","t","pilot1"
"72000000100ACE53","DS1925",2026-05-08 00:25:19,7.5,"b","t","pilot1"
"72000000100ACE53","DS1925",2026-05-08 00:30:19,7.5,"b","t","pilot1"
"72000000100ACE53","DS1925",2026-05-08 00:35:19,7.5,"b","t","pilot1"
"72000000100ACE53","DS1925",2026-05-08 00:40:19,7.5,"b","t","pilot1"
"72000000100ACE53","DS1925",2026-05-08 00:45:19,7.5,"b","t","pilot1"
"72000000100ACE53","DS1925",2026-05-08 00:50:19,7.5,"b","t","pilot1"
"72000000100ACE53","DS1925",2026-05-08 00:55:19,7.5,"b","t","pilot1"
"72000000100ACE53","DS1925",2026-05-08 01:00:19,7.5,"b","t","pilot1"
"72000000100ACE53","DS1925",2026-05-08 01:05:19,7.5,"b","t","pilot1"
"72000000100ACE53","DS1925",2026-05-08 01:10:19,7,"b","t","pilot1"
"72000000100ACE53","DS1925",2026-05-08 01:15:19,7,"b","t","pilot1"
"72000000100ACE53","DS1925",2026-05-08 01:20:19,7,"b","t","pilot1"
"72000000100ACE53","DS1925",2026-05-08 01:25:19,7,"b","t","pilot1"
"72000000100ACE53","DS1925",2026-05-08 01:30:19,7,"b","t","pilot1"
"72000000100ACE53","DS1925",2026-05-08 01:35:19,7,"b","t","pilot1"
"72000000100ACE53","DS1925",2026-05-08 01:40:19,7,"b","t","pilot1"
"72000000100ACE53","DS1925",2026-05-08 01:45:19,7,"b","t","pilot1"
"72000000100ACE53","DS1925",2026-05-08 01:50:19,7,"b","t","pilot1"
"72000000100ACE53","DS1925",2026-05-08 01:55:19,7,"b","t","pilot1"
"72000000100ACE53","DS1925",2026-05-08 02:00:19,7,"b","t","pilot1"
"72000000100ACE53","DS1925",2026-05-08 02:05:19,7,"b","t","pilot1"
"72000000100ACE53","DS1925",2026-05-08 02:10:19,7,"b","t","pilot1"
"72000000100ACE53","DS1925",2026-05-08 02:15:19,7,"b","t","pilot1"
"72000000100ACE53","DS1925",2026-05-08 02:20:19,7,"b","t","pilot1"
"72000000100ACE53","DS1925",2026-05-08 02:25:19,7,"b","t","pilot1"
"72000000100ACE53","DS1925",2026-05-08 02:30:19,7,"b","t","pilot1"
"72000000100ACE53","DS1925",2026-05-08 02:35:19,7,"b","t","pilot1"
"72000000100ACE53","DS1925",2026-05-08 02:40:19,7,"b","t","pilot1"
"72000000100ACE53","DS1925",2026-05-08 02:45:19,7,"b","t","pilot1"
"72000000100ACE53","DS1925",2026-05-08 02:50:19,7,"b","t","pilot1"
"72000000100ACE53","DS1925",2026-05-08 02:55:19,7,"b","t","pilot1"
"72000000100ACE53","DS1925",2026-05-08 03:00:19,6.5,"b","t","pilot1"
"72000000100ACE53","DS1925",2026-05-08 03:05:19,6.5,"b","t","pilot1"
"72000000100ACE53","DS1925",2026-05-08 03:10:19,6.5,"b","t","pilot1"
"72000000100ACE53","DS1925",2026-05-08 03:15:19,6.5,"b","t","pilot1"
"72000000100ACE53","DS1925",2026-05-08 03:20:19,6.5,"b","t","pilot1"
"72000000100ACE53","DS1925",2026-05-08 03:25:19,6.5,"b","t","pilot1"
"72000000100ACE53","DS1925",2026-05-08 03:30:19,6.5,"b","t","pilot1"
"72000000100ACE53","DS1925",2026-05-08 03:35:19,6.5,"b","t","pilot1"
"72000000100ACE53","DS1925",2026-05-08 03:40:19,6.5,"b","t","pilot1"
"72000000100ACE53","DS1925",2026-05-08 03:45:19,6.5,"b","t","pilot1"
"72000000100ACE53","DS1925",2026-05-08 03:50:19,6.5,"b","t","pilot1"
"72000000100ACE53","DS1925",2026-05-08 03:55:19,6.5,"b","t","pilot1"
"72000000100ACE53","DS1925",2026-05-08 04:00:19,6.5,"b","t","pilot1"
"72000000100ACE53","DS1925",2026-05-08 04:05:19,6.5,"b","t","pilot1"
"72000000100ACE53","DS1925",2026-05-08 04:10:19,6.5,"b","t","pilot1"
"72000000100ACE53","DS1925",2026-05-08 04:15:19,6.5,"b","t","pilot1"
"72000000100ACE53","DS1925",2026-05-08 04:20:19,6.5,"b","t","pilot1"
"72000000100ACE53","DS1925",2026-05-08 04:25:19,6.5,"b","t","pilot1"
"72000000100ACE53","DS1925",2026-05-08 04:30:19,6.5,"b","t","pilot1"
"72000000100ACE53","DS1925",2026-05-08 04:35:19,6.5,"b","t","pilot1"
"72000000100ACE53","DS1925",2026-05-08 04:40:19,6.5,"b","t","pilot1"
"72000000100ACE53","DS1925",2026-05-08 04:45:19,6,"b","t","pilot1"
"72000000100ACE53","DS1925",2026-05-08 04:50:19,6,"b","t","pilot1"
"72000000100ACE53","DS1925",2026-05-08 04:55:19,6,"b","t","pilot1"
"72000000100ACE53","DS1925",2026-05-08 05:00:19,6,"b","t","pilot1"
"72000000100ACE53","DS1925",2026-05-08 05:05:19,6,"b","t","pilot1"
"72000000100ACE53","DS1925",2026-05-08 05:10:19,6,"b","t","pilot1"
"72000000100ACE53","DS1925",2026-05-08 05:15:19,6,"b","t","pilot1"
"72000000100ACE53","DS1925",2026-05-08 05:20:19,6,"b","t","pilot1"
"72000000100ACE53","DS1925",2026-05-08 05:25:19,6,"b","t","pilot1"
"72000000100ACE53","DS1925",2026-05-08 05:30:19,6,"b","t","pilot1"
"72000000100ACE53","DS1925",2026-05-08 05:35:19,6,"b","t","pilot1"
"72000000100ACE53","DS1925",2026-05-08 05:40:19,6,"b","t","pilot1"
"72000000100ACE53","DS1925",2026-05-08 05:45:19,6,"b","t","pilot1"
"72000000100ACE53","DS1925",2026-05-08 05:50:19,6,"b","t","pilot1"
"72000000100ACE53","DS1925",2026-05-08 05:55:19,6,"b","t","pilot1"
"72000000100ACE53","DS1925",2026-05-08 06:00:19,6,"b","t","pilot1"
"72000000100ACE53","DS1925",2026-05-08 06:05:19,6,"b","t","pilot1"
"72000000100ACE53","DS1925",2026-05-08 06:10:19,6,"b","t","pilot1"
"72000000100ACE53","DS1925",2026-05-08 06:15:19,6,"b","t","pilot1"
"72000000100ACE53","DS1925",2026-05-08 06:20:19,6,"b","t","pilot1"
"72000000100ACE53","DS1925",2026-05-08 06:25:19,6,"b","t","pilot1"
"72000000100ACE53","DS1925",2026-05-08 06:30:19,6,"b","t","pilot1"
"72000000100ACE53","DS1925",2026-05-08 06:35:19,6,"b","t","pilot1"
"72000000100ACE53","DS1925",2026-05-08 06:40:19,6,"b","t","pilot1"
"72000000100ACE53","DS1925",2026-05-08 06:45:19,6,"b","t","pilot1"
"72000000100ACE53","DS1925",2026-05-08 06:50:19,6,"b","t","pilot1"
"72000000100ACE53","DS1925",2026-05-08 06:55:19,6,"b","t","pilot1"
"72000000100ACE53","DS1925",2026-05-08 07:00:19,6,"b","t","pilot1"
"72000000100ACE53","DS1925",2026-05-08 07:05:19,6,"b","t","pilot1"
"72000000100ACE53","DS1925",2026-05-08 07:10:19,6,"b","t","pilot1"
"72000000100ACE53","DS1925",2026-05-08 07:15:19,6,"b","t","pilot1"
"72000000100ACE53","DS1925",2026-05-08 07:20:19,6,"b","t","pilot1"
"72000000100ACE53","DS1925",2026-05-08 07:25:19,6,"b","t","pilot1"
"72000000100ACE53","DS1925",2026-05-08 07:30:19,6.5,"b","t","pilot1"
"72000000100ACE53","DS1925",2026-05-08 07:35:19,6.5,"b","t","pilot1"
"72000000100ACE53","DS1925",2026-05-08 07:40:19,6.5,"b","t","pilot1"
"72000000100ACE53","DS1925",2026-05-08 07:45:19,6.5,"b","t","pilot1"
"72000000100ACE53","DS1925",2026-05-08 07:50:19,6.5,"b","t","pilot1"
"72000000100ACE53","DS1925",2026-05-08 07:55:19,6.5,"b","t","pilot1"
"72000000100ACE53","DS1925",2026-05-08 08:00:19,6.5,"b","t","pilot1"
"72000000100ACE53","DS1925",2026-05-08 08:05:19,7,"b","t","pilot1"
"72000000100ACE53","DS1925",2026-05-08 08:10:19,7,"b","t","pilot1"
"72000000100ACE53","DS1925",2026-05-08 08:15:19,7,"b","t","pilot1"
"72000000100ACE53","DS1925",2026-05-08 08:20:19,7,"b","t","pilot1"
"72000000100ACE53","DS1925",2026-05-08 08:25:19,7,"b","t","pilot1"
"72000000100ACE53","DS1925",2026-05-08 08:30:19,7,"b","t","pilot1"
"72000000100ACE53","DS1925",2026-05-08 08:35:19,7.5,"b","t","pilot1"
"72000000100ACE53","DS1925",2026-05-08 08:40:19,7.5,"b","t","pilot1"
"72000000100ACE53","DS1925",2026-05-08 08:45:19,7.5,"b","t","pilot1"
"72000000100ACE53","DS1925",2026-05-08 08:50:19,7.5,"b","t","pilot1"
"72000000100ACE53","DS1925",2026-05-08 08:55:19,7.5,"b","t","pilot1"
"72000000100ACE53","DS1925",2026-05-08 09:00:19,8,"b","t","pilot1"
"72000000100ACE53","DS1925",2026-05-08 09:05:19,8,"b","t","pilot1"
"72000000100ACE53","DS1925",2026-05-08 09:10:19,8,"b","t","pilot1"
"72000000100ACE53","DS1925",2026-05-08 09:15:19,8.5,"b","t","pilot1"
"72000000100ACE53","DS1925",2026-05-08 09:20:19,8.5,"b","t","pilot1"
"72000000100ACE53","DS1925",2026-05-08 09:25:19,9,"b","t","pilot1"
"72000000100ACE53","DS1925",2026-05-08 09:30:19,9,"b","t","pilot1"
"72000000100ACE53","DS1925",2026-05-08 09:35:19,9,"b","t","pilot1"
"72000000100ACE53","DS1925",2026-05-08 09:40:19,9.5,"b","t","pilot1"
"72000000100ACE53","DS1925",2026-05-08 09:45:19,9.5,"b","t","pilot1"
"72000000100ACE53","DS1925",2026-05-08 09:50:19,10,"b","t","pilot1"
"72000000100ACE53","DS1925",2026-05-08 09:55:19,10,"b","t","pilot1"
"72000000100ACE53","DS1925",2026-05-08 10:00:19,10.5,"b","t","pilot1"
"72000000100ACE53","DS1925",2026-05-08 10:05:19,11,"b","t","pilot1"
"72000000100ACE53","DS1925",2026-05-08 10:10:19,11,"b","t","pilot1"
"72000000100ACE53","DS1925",2026-05-08 10:15:19,11.5,"b","t","pilot1"
"72000000100ACE53","DS1925",2026-05-08 10:20:19,11.5,"b","t","pilot1"
"72000000100ACE53","DS1925",2026-05-08 10:25:19,12,"b","t","pilot1"
"72000000100ACE53","DS1925",2026-05-08 10:30:19,12.5,"b","t","pilot1"
"72000000100ACE53","DS1925",2026-05-08 10:35:19,12.5,"b","t","pilot1"
"72000000100ACE53","DS1925",2026-05-08 10:40:19,13,"b","t","pilot1"
"72000000100ACE53","DS1925",2026-05-08 10:45:19,13.5,"b","t","pilot1"
"72000000100ACE53","DS1925",2026-05-08 10:50:19,14,"b","t","pilot1"
"72000000100ACE53","DS1925",2026-05-08 10:55:19,14,"b","t","pilot1"
"72000000100ACE53","DS1925",2026-05-08 11:00:19,14.5,"b","t","pilot1"
"72000000100ACE53","DS1925",2026-05-08 11:05:19,15,"b","t","pilot1"
"72000000100ACE53","DS1925",2026-05-08 11:10:19,15.5,"b","t","pilot1"
"72000000100ACE53","DS1925",2026-05-08 11:15:19,16,"b","t","pilot1"
"72000000100ACE53","DS1925",2026-05-08 11:20:19,16,"b","t","pilot1"
"72000000100ACE53","DS1925",2026-05-08 11:25:19,16.5,"b","t","pilot1"
"72000000100ACE53","DS1925",2026-05-08 11:30:19,16.5,"b","t","pilot1"
"72000000100ACE53","DS1925",2026-05-08 11:35:19,17,"b","t","pilot1"
"72000000100ACE53","DS1925",2026-05-08 11:40:19,17,"b","t","pilot1"
"72000000100ACE53","DS1925",2026-05-08 11:45:19,17.5,"b","t","pilot1"
"72000000100ACE53","DS1925",2026-05-08 11:50:19,17.5,"b","t","pilot1"
"72000000100ACE53","DS1925",2026-05-08 11:55:19,17.5,"b","t","pilot1"
"72000000100ACE53","DS1925",2026-05-08 12:00:19,18,"b","t","pilot1"
"72000000100ACE53","DS1925",2026-05-08 12:05:19,18,"b","t","pilot1"
"72000000100ACE53","DS1925",2026-05-08 12:10:19,18,"b","t","pilot1"
"72000000100ACE53","DS1925",2026-05-08 12:15:19,18,"b","t","pilot1"
"72000000100ACE53","DS1925",2026-05-08 12:20:19,18,"b","t","pilot1"
"72000000100ACE53","DS1925",2026-05-08 12:25:19,18,"b","t","pilot1"
"72000000100ACE53","DS1925",2026-05-08 12:30:19,18.5,"b","t","pilot1"
"72000000100ACE53","DS1925",2026-05-08 12:35:19,18.5,"b","t","pilot1"
"72000000100ACE53","DS1925",2026-05-08 12:40:19,18.5,"b","t","pilot1"
"72000000100ACE53","DS1925",2026-05-08 12:45:19,18.5,"b","t","pilot1"
"72000000100ACE53","DS1925",2026-05-08 12:50:19,18.5,"b","t","pilot1"
"72000000100ACE53","DS1925",2026-05-08 12:55:19,18,"b","t","pilot1"
"72000000100ACE53","DS1925",2026-05-08 13:00:19,18,"b","t","pilot1"
"72000000100ACE53","DS1925",2026-05-08 13:05:19,18,"b","t","pilot1"
"72000000100ACE53","DS1925",2026-05-08 13:10:19,17.5,"b","t","pilot1"
"72000000100ACE53","DS1925",2026-05-08 13:15:19,17.5,"b","t","pilot1"
"72000000100ACE53","DS1925",2026-05-08 13:20:19,17.5,"b","t","pilot1"
"72000000100ACE53","DS1925",2026-05-08 13:25:19,17.5,"b","t","pilot1"
"72000000100ACE53","DS1925",2026-05-08 13:30:19,17,"b","t","pilot1"
"72000000100ACE53","DS1925",2026-05-08 13:35:19,17,"b","t","pilot1"
"72000000100ACE53","DS1925",2026-05-08 13:40:19,17,"b","t","pilot1"
"72000000100ACE53","DS1925",2026-05-08 13:45:19,17,"b","t","pilot1"
"72000000100ACE53","DS1925",2026-05-08 13:50:19,17,"b","t","pilot1"
"72000000100ACE53","DS1925",2026-05-08 13:55:19,17,"b","t","pilot1"
"72000000100ACE53","DS1925",2026-05-08 14:00:19,16.5,"b","t","pilot1"
"72000000100ACE53","DS1925",2026-05-08 14:05:19,16.5,"b","t","pilot1"
"72000000100ACE53","DS1925",2026-05-08 14:10:19,16.5,"b","t","pilot1"
"72000000100ACE53","DS1925",2026-05-08 14:15:19,16.5,"b","t","pilot1"
"72000000100ACE53","DS1925",2026-05-08 14:20:19,16.5,"b","t","pilot1"
"72000000100ACE53","DS1925",2026-05-08 14:25:19,16.5,"b","t","pilot1"
"72000000100ACE53","DS1925",2026-05-08 14:30:19,16.5,"b","t","pilot1"
"72000000100ACE53","DS1925",2026-05-08 14:35:19,16,"b","t","pilot1"
"72000000100ACE53","DS1925",2026-05-08 14:40:19,16,"b","t","pilot1"
"72000000100ACE53","DS1925",2026-05-08 14:45:19,16,"b","t","pilot1"
"72000000100ACE53","DS1925",2026-05-08 14:50:19,16,"b","t","pilot1"
"72000000100ACE53","DS1925",2026-05-08 14:55:19,16.5,"b","t","pilot1"
"72000000100ACE53","DS1925",2026-05-08 15:00:19,16.5,"b","t","pilot1"
"72000000100ACE53","DS1925",2026-05-08 15:05:19,17,"b","t","pilot1"
"72000000100ACE53","DS1925",2026-05-08 15:10:19,17,"b","t","pilot1"
"72000000100ACE53","DS1925",2026-05-08 15:15:19,17,"b","t","pilot1"
"72000000100ACE53","DS1925",2026-05-08 15:20:19,17,"b","t","pilot1"
"72000000100ACE53","DS1925",2026-05-08 15:25:19,17.5,"b","t","pilot1"
"72000000100ACE53","DS1925",2026-05-08 15:30:19,17.5,"b","t","pilot1"
"72000000100ACE53","DS1925",2026-05-08 15:35:19,17.5,"b","t","pilot1"
"72000000100ACE53","DS1925",2026-05-08 15:40:19,17.5,"b","t","pilot1"
"72000000100ACE53","DS1925",2026-05-08 15:45:19,18,"b","t","pilot1"
"72000000100ACE53","DS1925",2026-05-08 15:50:19,18,"b","t","pilot1"
"72000000100ACE53","DS1925",2026-05-08 15:55:19,18.5,"b","t","pilot1"
"9A000000107AC953","DS1925",2026-05-05 15:01:55,23,"b","r","pilot1"
"9A000000107AC953","DS1925",2026-05-05 15:06:55,23,"b","r","pilot1"
"9A000000107AC953","DS1925",2026-05-05 15:11:55,23,"b","r","pilot1"
"9A000000107AC953","DS1925",2026-05-05 15:16:55,22.5,"b","r","pilot1"
"9A000000107AC953","DS1925",2026-05-05 15:21:55,22.5,"b","r","pilot1"
"9A000000107AC953","DS1925",2026-05-05 15:26:55,22,"b","r","pilot1"
"9A000000107AC953","DS1925",2026-05-05 15:31:55,21.5,"b","r","pilot1"
"9A000000107AC953","DS1925",2026-05-05 15:36:55,21.5,"b","r","pilot1"
"9A000000107AC953","DS1925",2026-05-05 15:41:55,21.5,"b","r","pilot1"
"9A000000107AC953","DS1925",2026-05-05 15:46:55,21,"b","r","pilot1"
"9A000000107AC953","DS1925",2026-05-05 15:51:55,21,"b","r","pilot1"
"9A000000107AC953","DS1925",2026-05-05 15:56:55,20.5,"b","r","pilot1"
"9A000000107AC953","DS1925",2026-05-05 16:01:55,20.5,"b","r","pilot1"
"9A000000107AC953","DS1925",2026-05-05 16:06:55,20.5,"b","r","pilot1"
"9A000000107AC953","DS1925",2026-05-05 16:11:55,20.5,"b","r","pilot1"
"9A000000107AC953","DS1925",2026-05-05 16:16:55,20.5,"b","r","pilot1"
"9A000000107AC953","DS1925",2026-05-05 16:21:55,20.5,"b","r","pilot1"
"9A000000107AC953","DS1925",2026-05-05 16:26:55,20.5,"b","r","pilot1"
"9A000000107AC953","DS1925",2026-05-05 16:31:55,20.5,"b","r","pilot1"
"9A000000107AC953","DS1925",2026-05-05 16:36:55,20.5,"b","r","pilot1"
"9A000000107AC953","DS1925",2026-05-05 16:41:55,20.5,"b","r","pilot1"
"9A000000107AC953","DS1925",2026-05-05 16:46:55,20,"b","r","pilot1"
"9A000000107AC953","DS1925",2026-05-05 16:51:55,20,"b","r","pilot1"
"9A000000107AC953","DS1925",2026-05-05 16:56:55,20,"b","r","pilot1"
"9A000000107AC953","DS1925",2026-05-05 17:01:55,20,"b","r","pilot1"
"9A000000107AC953","DS1925",2026-05-05 17:06:55,19.5,"b","r","pilot1"
"9A000000107AC953","DS1925",2026-05-05 17:11:55,19.5,"b","r","pilot1"
"9A000000107AC953","DS1925",2026-05-05 17:16:55,19.5,"b","r","pilot1"
"9A000000107AC953","DS1925",2026-05-05 17:21:55,19.5,"b","r","pilot1"
"9A000000107AC953","DS1925",2026-05-05 17:26:55,19,"b","r","pilot1"
"9A000000107AC953","DS1925",2026-05-05 17:31:55,19,"b","r","pilot1"
"9A000000107AC953","DS1925",2026-05-05 17:36:55,19,"b","r","pilot1"
"9A000000107AC953","DS1925",2026-05-05 17:41:55,18.5,"b","r","pilot1"
"9A000000107AC953","DS1925",2026-05-05 17:46:55,18.5,"b","r","pilot1"
"9A000000107AC953","DS1925",2026-05-05 17:51:55,18.5,"b","r","pilot1"
"9A000000107AC953","DS1925",2026-05-05 17:56:55,18,"b","r","pilot1"
"9A000000107AC953","DS1925",2026-05-05 18:01:55,18,"b","r","pilot1"
"9A000000107AC953","DS1925",2026-05-05 18:06:55,17.5,"b","r","pilot1"
"9A000000107AC953","DS1925",2026-05-05 18:11:55,17.5,"b","r","pilot1"
"9A000000107AC953","DS1925",2026-05-05 18:16:55,17.5,"b","r","pilot1"
"9A000000107AC953","DS1925",2026-05-05 18:21:55,17,"b","r","pilot1"
"9A000000107AC953","DS1925",2026-05-05 18:26:55,17,"b","r","pilot1"
"9A000000107AC953","DS1925",2026-05-05 18:31:55,16.5,"b","r","pilot1"
"9A000000107AC953","DS1925",2026-05-05 18:36:55,16,"b","r","pilot1"
"9A000000107AC953","DS1925",2026-05-05 18:41:55,16,"b","r","pilot1"
"9A000000107AC953","DS1925",2026-05-05 18:46:55,15.5,"b","r","pilot1"
"9A000000107AC953","DS1925",2026-05-05 18:51:55,15.5,"b","r","pilot1"
"9A000000107AC953","DS1925",2026-05-05 18:56:55,15,"b","r","pilot1"
"9A000000107AC953","DS1925",2026-05-05 19:01:55,15,"b","r","pilot1"
"9A000000107AC953","DS1925",2026-05-05 19:06:55,15,"b","r","pilot1"
"9A000000107AC953","DS1925",2026-05-05 19:11:55,14.5,"b","r","pilot1"
"9A000000107AC953","DS1925",2026-05-05 19:16:55,14.5,"b","r","pilot1"
"9A000000107AC953","DS1925",2026-05-05 19:21:55,14.5,"b","r","pilot1"
"9A000000107AC953","DS1925",2026-05-05 19:26:55,14.5,"b","r","pilot1"
"9A000000107AC953","DS1925",2026-05-05 19:31:55,14.5,"b","r","pilot1"
"9A000000107AC953","DS1925",2026-05-05 19:36:55,14.5,"b","r","pilot1"
"9A000000107AC953","DS1925",2026-05-05 19:41:55,14,"b","r","pilot1"
"9A000000107AC953","DS1925",2026-05-05 19:46:55,14,"b","r","pilot1"
"9A000000107AC953","DS1925",2026-05-05 19:51:55,14,"b","r","pilot1"
"9A000000107AC953","DS1925",2026-05-05 19:56:55,14,"b","r","pilot1"
"9A000000107AC953","DS1925",2026-05-05 20:01:55,14,"b","r","pilot1"
"9A000000107AC953","DS1925",2026-05-05 20:06:55,14,"b","r","pilot1"
"9A000000107AC953","DS1925",2026-05-05 20:11:55,13.5,"b","r","pilot1"
"9A000000107AC953","DS1925",2026-05-05 20:16:55,13.5,"b","r","pilot1"
"9A000000107AC953","DS1925",2026-05-05 20:21:55,13.5,"b","r","pilot1"
"9A000000107AC953","DS1925",2026-05-05 20:26:55,13.5,"b","r","pilot1"
"9A000000107AC953","DS1925",2026-05-05 20:31:55,13.5,"b","r","pilot1"
"9A000000107AC953","DS1925",2026-05-05 20:36:55,13,"b","r","pilot1"
"9A000000107AC953","DS1925",2026-05-05 20:41:55,13,"b","r","pilot1"
"9A000000107AC953","DS1925",2026-05-05 20:46:55,13,"b","r","pilot1"
"9A000000107AC953","DS1925",2026-05-05 20:51:55,13,"b","r","pilot1"
"9A000000107AC953","DS1925",2026-05-05 20:56:55,13,"b","r","pilot1"
"9A000000107AC953","DS1925",2026-05-05 21:01:55,12.5,"b","r","pilot1"
"9A000000107AC953","DS1925",2026-05-05 21:06:55,12.5,"b","r","pilot1"
"9A000000107AC953","DS1925",2026-05-05 21:11:55,12.5,"b","r","pilot1"
"9A000000107AC953","DS1925",2026-05-05 21:16:55,12.5,"b","r","pilot1"
"9A000000107AC953","DS1925",2026-05-05 21:21:55,12.5,"b","r","pilot1"
"9A000000107AC953","DS1925",2026-05-05 21:26:55,12.5,"b","r","pilot1"
"9A000000107AC953","DS1925",2026-05-05 21:31:55,12.5,"b","r","pilot1"
"9A000000107AC953","DS1925",2026-05-05 21:36:55,12,"b","r","pilot1"
"9A000000107AC953","DS1925",2026-05-05 21:41:55,12,"b","r","pilot1"
"9A000000107AC953","DS1925",2026-05-05 21:46:55,12,"b","r","pilot1"
"9A000000107AC953","DS1925",2026-05-05 21:51:55,12,"b","r","pilot1"
"9A000000107AC953","DS1925",2026-05-05 21:56:55,12,"b","r","pilot1"
"9A000000107AC953","DS1925",2026-05-05 22:01:55,12,"b","r","pilot1"
"9A000000107AC953","DS1925",2026-05-05 22:06:55,12,"b","r","pilot1"
"9A000000107AC953","DS1925",2026-05-05 22:11:55,12,"b","r","pilot1"
"9A000000107AC953","DS1925",2026-05-05 22:16:55,11.5,"b","r","pilot1"
"9A000000107AC953","DS1925",2026-05-05 22:21:55,11.5,"b","r","pilot1"
"9A000000107AC953","DS1925",2026-05-05 22:26:55,11.5,"b","r","pilot1"
"9A000000107AC953","DS1925",2026-05-05 22:31:55,11.5,"b","r","pilot1"
"9A000000107AC953","DS1925",2026-05-05 22:36:55,11.5,"b","r","pilot1"
"9A000000107AC953","DS1925",2026-05-05 22:41:55,11.5,"b","r","pilot1"
"9A000000107AC953","DS1925",2026-05-05 22:46:55,11.5,"b","r","pilot1"
"9A000000107AC953","DS1925",2026-05-05 22:51:55,11.5,"b","r","pilot1"
"9A000000107AC953","DS1925",2026-05-05 22:56:55,11.5,"b","r","pilot1"
"9A000000107AC953","DS1925",2026-05-05 23:01:55,11.5,"b","r","pilot1"
"9A000000107AC953","DS1925",2026-05-05 23:06:55,11.5,"b","r","pilot1"
"9A000000107AC953","DS1925",2026-05-05 23:11:55,11,"b","r","pilot1"
"9A000000107AC953","DS1925",2026-05-05 23:16:55,11,"b","r","pilot1"
"9A000000107AC953","DS1925",2026-05-05 23:21:55,11,"b","r","pilot1"
"9A000000107AC953","DS1925",2026-05-05 23:26:55,11,"b","r","pilot1"
"9A000000107AC953","DS1925",2026-05-05 23:31:55,11,"b","r","pilot1"
"9A000000107AC953","DS1925",2026-05-05 23:36:55,11,"b","r","pilot1"
"9A000000107AC953","DS1925",2026-05-05 23:41:55,11,"b","r","pilot1"
"9A000000107AC953","DS1925",2026-05-05 23:46:55,11,"b","r","pilot1"
"9A000000107AC953","DS1925",2026-05-05 23:51:55,11,"b","r","pilot1"
"9A000000107AC953","DS1925",2026-05-05 23:56:55,11,"b","r","pilot1"
"9A000000107AC953","DS1925",2026-05-06 00:01:55,11,"b","r","pilot1"
"9A000000107AC953","DS1925",2026-05-06 00:06:55,11,"b","r","pilot1"
"9A000000107AC953","DS1925",2026-05-06 00:11:55,11,"b","r","pilot1"
"9A000000107AC953","DS1925",2026-05-06 00:16:55,10.5,"b","r","pilot1"
"9A000000107AC953","DS1925",2026-05-06 00:21:55,10.5,"b","r","pilot1"
"9A000000107AC953","DS1925",2026-05-06 00:26:55,10.5,"b","r","pilot1"
"9A000000107AC953","DS1925",2026-05-06 00:31:55,10.5,"b","r","pilot1"
"9A000000107AC953","DS1925",2026-05-06 00:36:55,10.5,"b","r","pilot1"
"9A000000107AC953","DS1925",2026-05-06 00:41:55,10.5,"b","r","pilot1"
"9A000000107AC953","DS1925",2026-05-06 00:46:55,10.5,"b","r","pilot1"
"9A000000107AC953","DS1925",2026-05-06 00:51:55,10.5,"b","r","pilot1"
"9A000000107AC953","DS1925",2026-05-06 00:56:55,10.5,"b","r","pilot1"
"9A000000107AC953","DS1925",2026-05-06 01:01:55,10.5,"b","r","pilot1"
"9A000000107AC953","DS1925",2026-05-06 01:06:55,10.5,"b","r","pilot1"
"9A000000107AC953","DS1925",2026-05-06 01:11:55,10.5,"b","r","pilot1"
"9A000000107AC953","DS1925",2026-05-06 01:16:55,10,"b","r","pilot1"
"9A000000107AC953","DS1925",2026-05-06 01:21:55,10,"b","r","pilot1"
"9A000000107AC953","DS1925",2026-05-06 01:26:55,10,"b","r","pilot1"
"9A000000107AC953","DS1925",2026-05-06 01:31:55,10,"b","r","pilot1"
"9A000000107AC953","DS1925",2026-05-06 01:36:55,10,"b","r","pilot1"
"9A000000107AC953","DS1925",2026-05-06 01:41:55,10,"b","r","pilot1"
"9A000000107AC953","DS1925",2026-05-06 01:46:55,10,"b","r","pilot1"
"9A000000107AC953","DS1925",2026-05-06 01:51:55,10,"b","r","pilot1"
"9A000000107AC953","DS1925",2026-05-06 01:56:55,10,"b","r","pilot1"
"9A000000107AC953","DS1925",2026-05-06 02:01:55,10,"b","r","pilot1"
"9A000000107AC953","DS1925",2026-05-06 02:06:55,10,"b","r","pilot1"
"9A000000107AC953","DS1925",2026-05-06 02:11:55,9.5,"b","r","pilot1"
"9A000000107AC953","DS1925",2026-05-06 02:16:55,9.5,"b","r","pilot1"
"9A000000107AC953","DS1925",2026-05-06 02:21:55,9.5,"b","r","pilot1"
"9A000000107AC953","DS1925",2026-05-06 02:26:55,9.5,"b","r","pilot1"
"9A000000107AC953","DS1925",2026-05-06 02:31:55,9.5,"b","r","pilot1"
"9A000000107AC953","DS1925",2026-05-06 02:36:55,9.5,"b","r","pilot1"
"9A000000107AC953","DS1925",2026-05-06 02:41:55,9.5,"b","r","pilot1"
"9A000000107AC953","DS1925",2026-05-06 02:46:55,9.5,"b","r","pilot1"
"9A000000107AC953","DS1925",2026-05-06 02:51:55,9.5,"b","r","pilot1"
"9A000000107AC953","DS1925",2026-05-06 02:56:55,9.5,"b","r","pilot1"
"9A000000107AC953","DS1925",2026-05-06 03:01:55,9.5,"b","r","pilot1"
"9A000000107AC953","DS1925",2026-05-06 03:06:55,9.5,"b","r","pilot1"
"9A000000107AC953","DS1925",2026-05-06 03:11:55,9.5,"b","r","pilot1"
"9A000000107AC953","DS1925",2026-05-06 03:16:55,9.5,"b","r","pilot1"
"9A000000107AC953","DS1925",2026-05-06 03:21:55,9.5,"b","r","pilot1"
"9A000000107AC953","DS1925",2026-05-06 03:26:55,9.5,"b","r","pilot1"
"9A000000107AC953","DS1925",2026-05-06 03:31:55,9,"b","r","pilot1"
"9A000000107AC953","DS1925",2026-05-06 03:36:55,9,"b","r","pilot1"
"9A000000107AC953","DS1925",2026-05-06 03:41:55,9,"b","r","pilot1"
"9A000000107AC953","DS1925",2026-05-06 03:46:55,9,"b","r","pilot1"
"9A000000107AC953","DS1925",2026-05-06 03:51:55,9,"b","r","pilot1"
"9A000000107AC953","DS1925",2026-05-06 03:56:55,9,"b","r","pilot1"
"9A000000107AC953","DS1925",2026-05-06 04:01:55,9,"b","r","pilot1"
"9A000000107AC953","DS1925",2026-05-06 04:06:55,9,"b","r","pilot1"
"9A000000107AC953","DS1925",2026-05-06 04:11:55,9,"b","r","pilot1"
"9A000000107AC953","DS1925",2026-05-06 04:16:55,9,"b","r","pilot1"
"9A000000107AC953","DS1925",2026-05-06 04:21:55,9,"b","r","pilot1"
"9A000000107AC953","DS1925",2026-05-06 04:26:55,9,"b","r","pilot1"
"9A000000107AC953","DS1925",2026-05-06 04:31:55,9,"b","r","pilot1"
"9A000000107AC953","DS1925",2026-05-06 04:36:55,9,"b","r","pilot1"
"9A000000107AC953","DS1925",2026-05-06 04:41:55,9,"b","r","pilot1"
"9A000000107AC953","DS1925",2026-05-06 04:46:55,9,"b","r","pilot1"
"9A000000107AC953","DS1925",2026-05-06 04:51:55,9,"b","r","pilot1"
"9A000000107AC953","DS1925",2026-05-06 04:56:55,9,"b","r","pilot1"
"9A000000107AC953","DS1925",2026-05-06 05:01:55,9,"b","r","pilot1"
"9A000000107AC953","DS1925",2026-05-06 05:06:55,9,"b","r","pilot1"
"9A000000107AC953","DS1925",2026-05-06 05:11:55,9,"b","r","pilot1"
"9A000000107AC953","DS1925",2026-05-06 05:16:55,9,"b","r","pilot1"
"9A000000107AC953","DS1925",2026-05-06 05:21:55,9,"b","r","pilot1"
"9A000000107AC953","DS1925",2026-05-06 05:26:55,9,"b","r","pilot1"
"9A000000107AC953","DS1925",2026-05-06 05:31:55,8.5,"b","r","pilot1"
"9A000000107AC953","DS1925",2026-05-06 05:36:55,8.5,"b","r","pilot1"
"9A000000107AC953","DS1925",2026-05-06 05:41:55,8.5,"b","r","pilot1"
"9A000000107AC953","DS1925",2026-05-06 05:46:55,8.5,"b","r","pilot1"
"9A000000107AC953","DS1925",2026-05-06 05:51:55,8.5,"b","r","pilot1"
"9A000000107AC953","DS1925",2026-05-06 05:56:55,8.5,"b","r","pilot1"
"9A000000107AC953","DS1925",2026-05-06 06:01:55,8.5,"b","r","pilot1"
"9A000000107AC953","DS1925",2026-05-06 06:06:55,8.5,"b","r","pilot1"
"9A000000107AC953","DS1925",2026-05-06 06:11:55,8.5,"b","r","pilot1"
"9A000000107AC953","DS1925",2026-05-06 06:16:55,8.5,"b","r","pilot1"
"9A000000107AC953","DS1925",2026-05-06 06:21:55,8.5,"b","r","pilot1"
"9A000000107AC953","DS1925",2026-05-06 06:26:55,8.5,"b","r","pilot1"
"9A000000107AC953","DS1925",2026-05-06 06:31:55,8.5,"b","r","pilot1"
"9A000000107AC953","DS1925",2026-05-06 06:36:55,8.5,"b","r","pilot1"
"9A000000107AC953","DS1925",2026-05-06 06:41:55,8.5,"b","r","pilot1"
"9A000000107AC953","DS1925",2026-05-06 06:46:55,8.5,"b","r","pilot1"
"9A000000107AC953","DS1925",2026-05-06 06:51:55,8.5,"b","r","pilot1"
"9A000000107AC953","DS1925",2026-05-06 06:56:55,8.5,"b","r","pilot1"
"9A000000107AC953","DS1925",2026-05-06 07:01:55,8.5,"b","r","pilot1"
"9A000000107AC953","DS1925",2026-05-06 07:06:55,8.5,"b","r","pilot1"
"9A000000107AC953","DS1925",2026-05-06 07:11:55,8.5,"b","r","pilot1"
"9A000000107AC953","DS1925",2026-05-06 07:16:55,8.5,"b","r","pilot1"
"9A000000107AC953","DS1925",2026-05-06 07:21:55,8.5,"b","r","pilot1"
"9A000000107AC953","DS1925",2026-05-06 07:26:55,8.5,"b","r","pilot1"
"9A000000107AC953","DS1925",2026-05-06 07:31:55,9,"b","r","pilot1"
"9A000000107AC953","DS1925",2026-05-06 07:36:55,9,"b","r","pilot1"
"9A000000107AC953","DS1925",2026-05-06 07:41:55,9,"b","r","pilot1"
"9A000000107AC953","DS1925",2026-05-06 07:46:55,9,"b","r","pilot1"
"9A000000107AC953","DS1925",2026-05-06 07:51:55,9,"b","r","pilot1"
"9A000000107AC953","DS1925",2026-05-06 07:56:55,9,"b","r","pilot1"
"9A000000107AC953","DS1925",2026-05-06 08:01:55,9,"b","r","pilot1"
"9A000000107AC953","DS1925",2026-05-06 08:06:55,9,"b","r","pilot1"
"9A000000107AC953","DS1925",2026-05-06 08:11:55,9,"b","r","pilot1"
"9A000000107AC953","DS1925",2026-05-06 08:16:55,9,"b","r","pilot1"
"9A000000107AC953","DS1925",2026-05-06 08:21:55,9,"b","r","pilot1"
"9A000000107AC953","DS1925",2026-05-06 08:26:55,9,"b","r","pilot1"
"9A000000107AC953","DS1925",2026-05-06 08:31:55,9,"b","r","pilot1"
"9A000000107AC953","DS1925",2026-05-06 08:36:55,9,"b","r","pilot1"
"9A000000107AC953","DS1925",2026-05-06 08:41:55,9,"b","r","pilot1"
"9A000000107AC953","DS1925",2026-05-06 08:46:55,9,"b","r","pilot1"
"9A000000107AC953","DS1925",2026-05-06 08:51:55,9.5,"b","r","pilot1"
"9A000000107AC953","DS1925",2026-05-06 08:56:55,9.5,"b","r","pilot1"
"9A000000107AC953","DS1925",2026-05-06 09:01:55,9.5,"b","r","pilot1"
"9A000000107AC953","DS1925",2026-05-06 09:06:55,9.5,"b","r","pilot1"
"9A000000107AC953","DS1925",2026-05-06 09:11:55,9.5,"b","r","pilot1"
"9A000000107AC953","DS1925",2026-05-06 09:16:55,9.5,"b","r","pilot1"
"9A000000107AC953","DS1925",2026-05-06 09:21:55,9.5,"b","r","pilot1"
"9A000000107AC953","DS1925",2026-05-06 09:26:55,9.5,"b","r","pilot1"
"9A000000107AC953","DS1925",2026-05-06 09:31:55,9.5,"b","r","pilot1"
"9A000000107AC953","DS1925",2026-05-06 09:36:55,9.5,"b","r","pilot1"
"9A000000107AC953","DS1925",2026-05-06 09:41:55,9.5,"b","r","pilot1"
"9A000000107AC953","DS1925",2026-05-06 09:46:55,10,"b","r","pilot1"
"9A000000107AC953","DS1925",2026-05-06 09:51:55,10,"b","r","pilot1"
"9A000000107AC953","DS1925",2026-05-06 09:56:55,10,"b","r","pilot1"
"9A000000107AC953","DS1925",2026-05-06 10:01:55,10,"b","r","pilot1"
"9A000000107AC953","DS1925",2026-05-06 10:06:55,10,"b","r","pilot1"
"9A000000107AC953","DS1925",2026-05-06 10:11:55,10,"b","r","pilot1"
"9A000000107AC953","DS1925",2026-05-06 10:16:55,10,"b","r","pilot1"
"9A000000107AC953","DS1925",2026-05-06 10:21:55,10,"b","r","pilot1"
"9A000000107AC953","DS1925",2026-05-06 10:26:55,10.5,"b","r","pilot1"
"9A000000107AC953","DS1925",2026-05-06 10:31:55,10.5,"b","r","pilot1"
"9A000000107AC953","DS1925",2026-05-06 10:36:55,10.5,"b","r","pilot1"
"9A000000107AC953","DS1925",2026-05-06 10:41:55,10.5,"b","r","pilot1"
"9A000000107AC953","DS1925",2026-05-06 10:46:55,10.5,"b","r","pilot1"
"9A000000107AC953","DS1925",2026-05-06 10:51:55,10.5,"b","r","pilot1"
"9A000000107AC953","DS1925",2026-05-06 10:56:55,10.5,"b","r","pilot1"
"9A000000107AC953","DS1925",2026-05-06 11:01:55,10.5,"b","r","pilot1"
"9A000000107AC953","DS1925",2026-05-06 11:06:55,10.5,"b","r","pilot1"
"9A000000107AC953","DS1925",2026-05-06 11:11:55,11,"b","r","pilot1"
"9A000000107AC953","DS1925",2026-05-06 11:16:55,11,"b","r","pilot1"
"9A000000107AC953","DS1925",2026-05-06 11:21:55,11,"b","r","pilot1"
"9A000000107AC953","DS1925",2026-05-06 11:26:55,11.5,"b","r","pilot1"
"9A000000107AC953","DS1925",2026-05-06 11:31:55,11.5,"b","r","pilot1"
"9A000000107AC953","DS1925",2026-05-06 11:36:55,11.5,"b","r","pilot1"
"9A000000107AC953","DS1925",2026-05-06 11:41:55,12,"b","r","pilot1"
"9A000000107AC953","DS1925",2026-05-06 11:46:55,12,"b","r","pilot1"
"9A000000107AC953","DS1925",2026-05-06 11:51:55,12,"b","r","pilot1"
"9A000000107AC953","DS1925",2026-05-06 11:56:55,12,"b","r","pilot1"
"9A000000107AC953","DS1925",2026-05-06 12:01:55,12,"b","r","pilot1"
"9A000000107AC953","DS1925",2026-05-06 12:06:55,12,"b","r","pilot1"
"9A000000107AC953","DS1925",2026-05-06 12:11:55,12,"b","r","pilot1"
"9A000000107AC953","DS1925",2026-05-06 12:16:55,12,"b","r","pilot1"
"9A000000107AC953","DS1925",2026-05-06 12:21:55,12,"b","r","pilot1"
"9A000000107AC953","DS1925",2026-05-06 12:26:55,12,"b","r","pilot1"
"9A000000107AC953","DS1925",2026-05-06 12:31:55,12,"b","r","pilot1"
"9A000000107AC953","DS1925",2026-05-06 12:36:55,12,"b","r","pilot1"
"9A000000107AC953","DS1925",2026-05-06 12:41:55,12,"b","r","pilot1"
"9A000000107AC953","DS1925",2026-05-06 12:46:55,12,"b","r","pilot1"
"9A000000107AC953","DS1925",2026-05-06 12:51:55,12,"b","r","pilot1"
"9A000000107AC953","DS1925",2026-05-06 12:56:55,12,"b","r","pilot1"
"9A000000107AC953","DS1925",2026-05-06 13:01:55,12,"b","r","pilot1"
"9A000000107AC953","DS1925",2026-05-06 13:06:55,12,"b","r","pilot1"
"9A000000107AC953","DS1925",2026-05-06 13:11:55,12,"b","r","pilot1"
"9A000000107AC953","DS1925",2026-05-06 13:16:55,12,"b","r","pilot1"
"9A000000107AC953","DS1925",2026-05-06 13:21:55,12,"b","r","pilot1"
"9A000000107AC953","DS1925",2026-05-06 13:26:55,12,"b","r","pilot1"
"9A000000107AC953","DS1925",2026-05-06 13:31:55,12,"b","r","pilot1"
"9A000000107AC953","DS1925",2026-05-06 13:36:55,12,"b","r","pilot1"
"9A000000107AC953","DS1925",2026-05-06 13:41:55,12.5,"b","r","pilot1"
"9A000000107AC953","DS1925",2026-05-06 13:46:55,12.5,"b","r","pilot1"
"9A000000107AC953","DS1925",2026-05-06 13:51:55,13,"b","r","pilot1"
"9A000000107AC953","DS1925",2026-05-06 13:56:55,13,"b","r","pilot1"
"9A000000107AC953","DS1925",2026-05-06 14:01:55,13.5,"b","r","pilot1"
"9A000000107AC953","DS1925",2026-05-06 14:06:55,13.5,"b","r","pilot1"
"9A000000107AC953","DS1925",2026-05-06 14:11:55,14,"b","r","pilot1"
"9A000000107AC953","DS1925",2026-05-06 14:16:55,14,"b","r","pilot1"
"9A000000107AC953","DS1925",2026-05-06 14:21:55,14,"b","r","pilot1"
"9A000000107AC953","DS1925",2026-05-06 14:26:55,14.5,"b","r","pilot1"
"9A000000107AC953","DS1925",2026-05-06 14:31:55,14.5,"b","r","pilot1"
"9A000000107AC953","DS1925",2026-05-06 14:36:55,14.5,"b","r","pilot1"
"9A000000107AC953","DS1925",2026-05-06 14:41:55,15,"b","r","pilot1"
"9A000000107AC953","DS1925",2026-05-06 14:46:55,15,"b","r","pilot1"
"9A000000107AC953","DS1925",2026-05-06 14:51:55,15,"b","r","pilot1"
"9A000000107AC953","DS1925",2026-05-06 14:56:55,15,"b","r","pilot1"
"9A000000107AC953","DS1925",2026-05-06 15:01:55,15,"b","r","pilot1"
"9A000000107AC953","DS1925",2026-05-06 15:06:55,15,"b","r","pilot1"
"9A000000107AC953","DS1925",2026-05-06 15:11:55,15.5,"b","r","pilot1"
"9A000000107AC953","DS1925",2026-05-06 15:16:55,15.5,"b","r","pilot1"
"9A000000107AC953","DS1925",2026-05-06 15:21:55,16,"b","r","pilot1"
"9A000000107AC953","DS1925",2026-05-06 15:26:55,16.5,"b","r","pilot1"
"9A000000107AC953","DS1925",2026-05-06 15:31:55,16.5,"b","r","pilot1"
"9A000000107AC953","DS1925",2026-05-06 15:36:55,16.5,"b","r","pilot1"
"9A000000107AC953","DS1925",2026-05-06 15:41:55,17,"b","r","pilot1"
"9A000000107AC953","DS1925",2026-05-06 15:46:55,17.5,"b","r","pilot1"
"9A000000107AC953","DS1925",2026-05-06 15:51:55,17.5,"b","r","pilot1"
"9A000000107AC953","DS1925",2026-05-06 15:56:55,17.5,"b","r","pilot1"
"9A000000107AC953","DS1925",2026-05-06 16:01:55,17.5,"b","r","pilot1"
"9A000000107AC953","DS1925",2026-05-06 16:06:55,17,"b","r","pilot1"
"9A000000107AC953","DS1925",2026-05-06 16:11:55,17,"b","r","pilot1"
"9A000000107AC953","DS1925",2026-05-06 16:16:55,17.5,"b","r","pilot1"
"9A000000107AC953","DS1925",2026-05-06 16:21:55,17,"b","r","pilot1"
"9A000000107AC953","DS1925",2026-05-06 16:26:55,17,"b","r","pilot1"
"9A000000107AC953","DS1925",2026-05-06 16:31:55,16.5,"b","r","pilot1"
"9A000000107AC953","DS1925",2026-05-06 16:36:55,16.5,"b","r","pilot1"
"9A000000107AC953","DS1925",2026-05-06 16:41:55,16.5,"b","r","pilot1"
"9A000000107AC953","DS1925",2026-05-06 16:46:55,16,"b","r","pilot1"
"9A000000107AC953","DS1925",2026-05-06 16:51:55,16,"b","r","pilot1"
"9A000000107AC953","DS1925",2026-05-06 16:56:55,16,"b","r","pilot1"
"9A000000107AC953","DS1925",2026-05-06 17:01:55,15.5,"b","r","pilot1"
"9A000000107AC953","DS1925",2026-05-06 17:06:55,15.5,"b","r","pilot1"
"9A000000107AC953","DS1925",2026-05-06 17:11:55,15.5,"b","r","pilot1"
"9A000000107AC953","DS1925",2026-05-06 17:16:55,15.5,"b","r","pilot1"
"9A000000107AC953","DS1925",2026-05-06 17:21:55,15.5,"b","r","pilot1"
"9A000000107AC953","DS1925",2026-05-06 17:26:55,15,"b","r","pilot1"
"9A000000107AC953","DS1925",2026-05-06 17:31:55,15,"b","r","pilot1"
"9A000000107AC953","DS1925",2026-05-06 17:36:55,15,"b","r","pilot1"
"9A000000107AC953","DS1925",2026-05-06 17:41:55,14.5,"b","r","pilot1"
"9A000000107AC953","DS1925",2026-05-06 17:46:55,14.5,"b","r","pilot1"
"9A000000107AC953","DS1925",2026-05-06 17:51:55,14.5,"b","r","pilot1"
"9A000000107AC953","DS1925",2026-05-06 17:56:55,14.5,"b","r","pilot1"
"9A000000107AC953","DS1925",2026-05-06 18:01:55,14.5,"b","r","pilot1"
"9A000000107AC953","DS1925",2026-05-06 18:06:55,14,"b","r","pilot1"
"9A000000107AC953","DS1925",2026-05-06 18:11:55,14,"b","r","pilot1"
"9A000000107AC953","DS1925",2026-05-06 18:16:55,14,"b","r","pilot1"
"9A000000107AC953","DS1925",2026-05-06 18:21:55,14,"b","r","pilot1"
"9A000000107AC953","DS1925",2026-05-06 18:26:55,13.5,"b","r","pilot1"
"9A000000107AC953","DS1925",2026-05-06 18:31:55,13.5,"b","r","pilot1"
"9A000000107AC953","DS1925",2026-05-06 18:36:55,13.5,"b","r","pilot1"
"9A000000107AC953","DS1925",2026-05-06 18:41:55,13.5,"b","r","pilot1"
"9A000000107AC953","DS1925",2026-05-06 18:46:55,13.5,"b","r","pilot1"
"9A000000107AC953","DS1925",2026-05-06 18:51:55,13.5,"b","r","pilot1"
"9A000000107AC953","DS1925",2026-05-06 18:56:55,13,"b","r","pilot1"
"9A000000107AC953","DS1925",2026-05-06 19:01:55,13,"b","r","pilot1"
"9A000000107AC953","DS1925",2026-05-06 19:06:55,13,"b","r","pilot1"
"9A000000107AC953","DS1925",2026-05-06 19:11:55,13,"b","r","pilot1"
"9A000000107AC953","DS1925",2026-05-06 19:16:55,13,"b","r","pilot1"
"9A000000107AC953","DS1925",2026-05-06 19:21:55,13,"b","r","pilot1"
"9A000000107AC953","DS1925",2026-05-06 19:26:55,12.5,"b","r","pilot1"
"9A000000107AC953","DS1925",2026-05-06 19:31:55,12.5,"b","r","pilot1"
"9A000000107AC953","DS1925",2026-05-06 19:36:55,12.5,"b","r","pilot1"
"9A000000107AC953","DS1925",2026-05-06 19:41:55,12.5,"b","r","pilot1"
"9A000000107AC953","DS1925",2026-05-06 19:46:55,12,"b","r","pilot1"
"9A000000107AC953","DS1925",2026-05-06 19:51:55,12,"b","r","pilot1"
"9A000000107AC953","DS1925",2026-05-06 19:56:55,12,"b","r","pilot1"
"9A000000107AC953","DS1925",2026-05-06 20:01:55,12,"b","r","pilot1"
"9A000000107AC953","DS1925",2026-05-06 20:06:55,11.5,"b","r","pilot1"
"9A000000107AC953","DS1925",2026-05-06 20:11:55,11.5,"b","r","pilot1"
"9A000000107AC953","DS1925",2026-05-06 20:16:55,11.5,"b","r","pilot1"
"9A000000107AC953","DS1925",2026-05-06 20:21:55,11.5,"b","r","pilot1"
"9A000000107AC953","DS1925",2026-05-06 20:26:55,11.5,"b","r","pilot1"
"9A000000107AC953","DS1925",2026-05-06 20:31:55,11,"b","r","pilot1"
"9A000000107AC953","DS1925",2026-05-06 20:36:55,11,"b","r","pilot1"
"9A000000107AC953","DS1925",2026-05-06 20:41:55,11,"b","r","pilot1"
"9A000000107AC953","DS1925",2026-05-06 20:46:55,11,"b","r","pilot1"
"9A000000107AC953","DS1925",2026-05-06 20:51:55,11,"b","r","pilot1"
"9A000000107AC953","DS1925",2026-05-06 20:56:55,11,"b","r","pilot1"
"9A000000107AC953","DS1925",2026-05-06 21:01:55,11,"b","r","pilot1"
"9A000000107AC953","DS1925",2026-05-06 21:06:55,10.5,"b","r","pilot1"
"9A000000107AC953","DS1925",2026-05-06 21:11:55,10.5,"b","r","pilot1"
"9A000000107AC953","DS1925",2026-05-06 21:16:55,10.5,"b","r","pilot1"
"9A000000107AC953","DS1925",2026-05-06 21:21:55,10.5,"b","r","pilot1"
"9A000000107AC953","DS1925",2026-05-06 21:26:55,10.5,"b","r","pilot1"
"9A000000107AC953","DS1925",2026-05-06 21:31:55,10.5,"b","r","pilot1"
"9A000000107AC953","DS1925",2026-05-06 21:36:55,10.5,"b","r","pilot1"
"9A000000107AC953","DS1925",2026-05-06 21:41:55,10.5,"b","r","pilot1"
"9A000000107AC953","DS1925",2026-05-06 21:46:55,10.5,"b","r","pilot1"
"9A000000107AC953","DS1925",2026-05-06 21:51:55,10.5,"b","r","pilot1"
"9A000000107AC953","DS1925",2026-05-06 21:56:55,10.5,"b","r","pilot1"
"9A000000107AC953","DS1925",2026-05-06 22:01:55,10.5,"b","r","pilot1"
"9A000000107AC953","DS1925",2026-05-06 22:06:55,10.5,"b","r","pilot1"
"9A000000107AC953","DS1925",2026-05-06 22:11:55,10.5,"b","r","pilot1"
"9A000000107AC953","DS1925",2026-05-06 22:16:55,10,"b","r","pilot1"
"9A000000107AC953","DS1925",2026-05-06 22:21:55,10,"b","r","pilot1"
"9A000000107AC953","DS1925",2026-05-06 22:26:55,10.5,"b","r","pilot1"
"9A000000107AC953","DS1925",2026-05-06 22:31:55,10,"b","r","pilot1"
"9A000000107AC953","DS1925",2026-05-06 22:36:55,10,"b","r","pilot1"
"9A000000107AC953","DS1925",2026-05-06 22:41:55,10,"b","r","pilot1"
"9A000000107AC953","DS1925",2026-05-06 22:46:55,10,"b","r","pilot1"
"9A000000107AC953","DS1925",2026-05-06 22:51:55,10,"b","r","pilot1"
"9A000000107AC953","DS1925",2026-05-06 22:56:55,10,"b","r","pilot1"
"9A000000107AC953","DS1925",2026-05-06 23:01:55,10,"b","r","pilot1"
"9A000000107AC953","DS1925",2026-05-06 23:06:55,10,"b","r","pilot1"
"9A000000107AC953","DS1925",2026-05-06 23:11:55,10,"b","r","pilot1"
"9A000000107AC953","DS1925",2026-05-06 23:16:55,10,"b","r","pilot1"
"9A000000107AC953","DS1925",2026-05-06 23:21:55,9.5,"b","r","pilot1"
"9A000000107AC953","DS1925",2026-05-06 23:26:55,9.5,"b","r","pilot1"
"9A000000107AC953","DS1925",2026-05-06 23:31:55,9.5,"b","r","pilot1"
"9A000000107AC953","DS1925",2026-05-06 23:36:55,9.5,"b","r","pilot1"
"9A000000107AC953","DS1925",2026-05-06 23:41:55,9.5,"b","r","pilot1"
"9A000000107AC953","DS1925",2026-05-06 23:46:55,9.5,"b","r","pilot1"
"9A000000107AC953","DS1925",2026-05-06 23:51:55,9.5,"b","r","pilot1"
"9A000000107AC953","DS1925",2026-05-06 23:56:55,9.5,"b","r","pilot1"
"9A000000107AC953","DS1925",2026-05-07 00:01:55,9,"b","r","pilot1"
"9A000000107AC953","DS1925",2026-05-07 00:06:55,9,"b","r","pilot1"
"9A000000107AC953","DS1925",2026-05-07 00:11:55,9,"b","r","pilot1"
"9A000000107AC953","DS1925",2026-05-07 00:16:55,9,"b","r","pilot1"
"9A000000107AC953","DS1925",2026-05-07 00:21:55,9,"b","r","pilot1"
"9A000000107AC953","DS1925",2026-05-07 00:26:55,9,"b","r","pilot1"
"9A000000107AC953","DS1925",2026-05-07 00:31:55,9,"b","r","pilot1"
"9A000000107AC953","DS1925",2026-05-07 00:36:55,9,"b","r","pilot1"
"9A000000107AC953","DS1925",2026-05-07 00:41:55,9,"b","r","pilot1"
"9A000000107AC953","DS1925",2026-05-07 00:46:55,9,"b","r","pilot1"
"9A000000107AC953","DS1925",2026-05-07 00:51:55,9,"b","r","pilot1"
"9A000000107AC953","DS1925",2026-05-07 00:56:55,9,"b","r","pilot1"
"9A000000107AC953","DS1925",2026-05-07 01:01:55,9,"b","r","pilot1"
"9A000000107AC953","DS1925",2026-05-07 01:06:55,9,"b","r","pilot1"
"9A000000107AC953","DS1925",2026-05-07 01:11:55,9,"b","r","pilot1"
"9A000000107AC953","DS1925",2026-05-07 01:16:55,8.5,"b","r","pilot1"
"9A000000107AC953","DS1925",2026-05-07 01:21:55,8.5,"b","r","pilot1"
"9A000000107AC953","DS1925",2026-05-07 01:26:55,8.5,"b","r","pilot1"
"9A000000107AC953","DS1925",2026-05-07 01:31:55,8.5,"b","r","pilot1"
"9A000000107AC953","DS1925",2026-05-07 01:36:55,8.5,"b","r","pilot1"
"9A000000107AC953","DS1925",2026-05-07 01:41:55,8.5,"b","r","pilot1"
"9A000000107AC953","DS1925",2026-05-07 01:46:55,8.5,"b","r","pilot1"
"9A000000107AC953","DS1925",2026-05-07 01:51:55,8,"b","r","pilot1"
"9A000000107AC953","DS1925",2026-05-07 01:56:55,8,"b","r","pilot1"
"9A000000107AC953","DS1925",2026-05-07 02:01:55,8,"b","r","pilot1"
"9A000000107AC953","DS1925",2026-05-07 02:06:55,8,"b","r","pilot1"
"9A000000107AC953","DS1925",2026-05-07 02:11:55,8,"b","r","pilot1"
"9A000000107AC953","DS1925",2026-05-07 02:16:55,8,"b","r","pilot1"
"9A000000107AC953","DS1925",2026-05-07 02:21:55,7.5,"b","r","pilot1"
"9A000000107AC953","DS1925",2026-05-07 02:26:55,7.5,"b","r","pilot1"
"9A000000107AC953","DS1925",2026-05-07 02:31:55,7.5,"b","r","pilot1"
"9A000000107AC953","DS1925",2026-05-07 02:36:55,7.5,"b","r","pilot1"
"9A000000107AC953","DS1925",2026-05-07 02:41:55,7.5,"b","r","pilot1"
"9A000000107AC953","DS1925",2026-05-07 02:46:55,7.5,"b","r","pilot1"
"9A000000107AC953","DS1925",2026-05-07 02:51:55,7.5,"b","r","pilot1"
"9A000000107AC953","DS1925",2026-05-07 02:56:55,7,"b","r","pilot1"
"9A000000107AC953","DS1925",2026-05-07 03:01:55,7,"b","r","pilot1"
"9A000000107AC953","DS1925",2026-05-07 03:06:55,7,"b","r","pilot1"
"9A000000107AC953","DS1925",2026-05-07 03:11:55,7,"b","r","pilot1"
"9A000000107AC953","DS1925",2026-05-07 03:16:55,7,"b","r","pilot1"
"9A000000107AC953","DS1925",2026-05-07 03:21:55,7,"b","r","pilot1"
"9A000000107AC953","DS1925",2026-05-07 03:26:55,7,"b","r","pilot1"
"9A000000107AC953","DS1925",2026-05-07 03:31:55,7,"b","r","pilot1"
"9A000000107AC953","DS1925",2026-05-07 03:36:55,6.5,"b","r","pilot1"
"9A000000107AC953","DS1925",2026-05-07 03:41:55,6.5,"b","r","pilot1"
"9A000000107AC953","DS1925",2026-05-07 03:46:55,6.5,"b","r","pilot1"
"9A000000107AC953","DS1925",2026-05-07 03:51:55,6.5,"b","r","pilot1"
"9A000000107AC953","DS1925",2026-05-07 03:56:55,6.5,"b","r","pilot1"
"9A000000107AC953","DS1925",2026-05-07 04:01:55,6.5,"b","r","pilot1"
"9A000000107AC953","DS1925",2026-05-07 04:06:55,6.5,"b","r","pilot1"
"9A000000107AC953","DS1925",2026-05-07 04:11:55,6.5,"b","r","pilot1"
"9A000000107AC953","DS1925",2026-05-07 04:16:55,6.5,"b","r","pilot1"
"9A000000107AC953","DS1925",2026-05-07 04:21:55,6.5,"b","r","pilot1"
"9A000000107AC953","DS1925",2026-05-07 04:26:55,6,"b","r","pilot1"
"9A000000107AC953","DS1925",2026-05-07 04:31:55,6,"b","r","pilot1"
"9A000000107AC953","DS1925",2026-05-07 04:36:55,6,"b","r","pilot1"
"9A000000107AC953","DS1925",2026-05-07 04:41:55,6,"b","r","pilot1"
"9A000000107AC953","DS1925",2026-05-07 04:46:55,6,"b","r","pilot1"
"9A000000107AC953","DS1925",2026-05-07 04:51:55,6,"b","r","pilot1"
"9A000000107AC953","DS1925",2026-05-07 04:56:55,6,"b","r","pilot1"
"9A000000107AC953","DS1925",2026-05-07 05:01:55,6,"b","r","pilot1"
"9A000000107AC953","DS1925",2026-05-07 05:06:55,5.5,"b","r","pilot1"
"9A000000107AC953","DS1925",2026-05-07 05:11:55,5.5,"b","r","pilot1"
"9A000000107AC953","DS1925",2026-05-07 05:16:55,5.5,"b","r","pilot1"
"9A000000107AC953","DS1925",2026-05-07 05:21:55,5.5,"b","r","pilot1"
"9A000000107AC953","DS1925",2026-05-07 05:26:55,5.5,"b","r","pilot1"
"9A000000107AC953","DS1925",2026-05-07 05:31:55,5.5,"b","r","pilot1"
"9A000000107AC953","DS1925",2026-05-07 05:36:55,5.5,"b","r","pilot1"
"9A000000107AC953","DS1925",2026-05-07 05:41:55,5,"b","r","pilot1"
"9A000000107AC953","DS1925",2026-05-07 05:46:55,5,"b","r","pilot1"
"9A000000107AC953","DS1925",2026-05-07 05:51:55,5,"b","r","pilot1"
"9A000000107AC953","DS1925",2026-05-07 05:56:55,5,"b","r","pilot1"
"9A000000107AC953","DS1925",2026-05-07 06:01:55,5,"b","r","pilot1"
"9A000000107AC953","DS1925",2026-05-07 06:06:55,5,"b","r","pilot1"
"9A000000107AC953","DS1925",2026-05-07 06:11:55,5,"b","r","pilot1"
"9A000000107AC953","DS1925",2026-05-07 06:16:55,5,"b","r","pilot1"
"9A000000107AC953","DS1925",2026-05-07 06:21:55,5,"b","r","pilot1"
"9A000000107AC953","DS1925",2026-05-07 06:26:55,5,"b","r","pilot1"
"9A000000107AC953","DS1925",2026-05-07 06:31:55,5,"b","r","pilot1"
"9A000000107AC953","DS1925",2026-05-07 06:36:55,5,"b","r","pilot1"
"9A000000107AC953","DS1925",2026-05-07 06:41:55,5,"b","r","pilot1"
"9A000000107AC953","DS1925",2026-05-07 06:46:55,5,"b","r","pilot1"
"9A000000107AC953","DS1925",2026-05-07 06:51:55,5,"b","r","pilot1"
"9A000000107AC953","DS1925",2026-05-07 06:56:55,5,"b","r","pilot1"
"9A000000107AC953","DS1925",2026-05-07 07:01:55,5,"b","r","pilot1"
"9A000000107AC953","DS1925",2026-05-07 07:06:55,5,"b","r","pilot1"
"9A000000107AC953","DS1925",2026-05-07 07:11:55,5.5,"b","r","pilot1"
"9A000000107AC953","DS1925",2026-05-07 07:16:55,5.5,"b","r","pilot1"
"9A000000107AC953","DS1925",2026-05-07 07:21:55,5.5,"b","r","pilot1"
"9A000000107AC953","DS1925",2026-05-07 07:26:55,5.5,"b","r","pilot1"
"9A000000107AC953","DS1925",2026-05-07 07:31:55,5.5,"b","r","pilot1"
"9A000000107AC953","DS1925",2026-05-07 07:36:55,5.5,"b","r","pilot1"
"9A000000107AC953","DS1925",2026-05-07 07:41:55,5.5,"b","r","pilot1"
"9A000000107AC953","DS1925",2026-05-07 07:46:55,5.5,"b","r","pilot1"
"9A000000107AC953","DS1925",2026-05-07 07:51:55,5.5,"b","r","pilot1"
"9A000000107AC953","DS1925",2026-05-07 07:56:55,5.5,"b","r","pilot1"
"9A000000107AC953","DS1925",2026-05-07 08:01:55,5.5,"b","r","pilot1"
"9A000000107AC953","DS1925",2026-05-07 08:06:55,6,"b","r","pilot1"
"9A000000107AC953","DS1925",2026-05-07 08:11:55,6,"b","r","pilot1"
"9A000000107AC953","DS1925",2026-05-07 08:16:55,6,"b","r","pilot1"
"9A000000107AC953","DS1925",2026-05-07 08:21:55,6,"b","r","pilot1"
"9A000000107AC953","DS1925",2026-05-07 08:26:55,6,"b","r","pilot1"
"9A000000107AC953","DS1925",2026-05-07 08:31:55,6.5,"b","r","pilot1"
"9A000000107AC953","DS1925",2026-05-07 08:36:55,6.5,"b","r","pilot1"
"9A000000107AC953","DS1925",2026-05-07 08:41:55,6.5,"b","r","pilot1"
"9A000000107AC953","DS1925",2026-05-07 08:46:55,6.5,"b","r","pilot1"
"9A000000107AC953","DS1925",2026-05-07 08:51:55,7,"b","r","pilot1"
"9A000000107AC953","DS1925",2026-05-07 08:56:55,7,"b","r","pilot1"
"9A000000107AC953","DS1925",2026-05-07 09:01:55,7,"b","r","pilot1"
"9A000000107AC953","DS1925",2026-05-07 09:06:55,7.5,"b","r","pilot1"
"9A000000107AC953","DS1925",2026-05-07 09:11:55,7.5,"b","r","pilot1"
"9A000000107AC953","DS1925",2026-05-07 09:16:55,7.5,"b","r","pilot1"
"9A000000107AC953","DS1925",2026-05-07 09:21:55,8,"b","r","pilot1"
"9A000000107AC953","DS1925",2026-05-07 09:26:55,8,"b","r","pilot1"
"9A000000107AC953","DS1925",2026-05-07 09:31:55,8.5,"b","r","pilot1"
"9A000000107AC953","DS1925",2026-05-07 09:36:55,8.5,"b","r","pilot1"
"9A000000107AC953","DS1925",2026-05-07 09:41:55,8.5,"b","r","pilot1"
"9A000000107AC953","DS1925",2026-05-07 09:46:55,9,"b","r","pilot1"
"9A000000107AC953","DS1925",2026-05-07 09:51:55,9,"b","r","pilot1"
"9A000000107AC953","DS1925",2026-05-07 09:56:55,9.5,"b","r","pilot1"
"9A000000107AC953","DS1925",2026-05-07 10:01:55,10,"b","r","pilot1"
"9A000000107AC953","DS1925",2026-05-07 10:06:55,10,"b","r","pilot1"
"9A000000107AC953","DS1925",2026-05-07 10:11:55,10.5,"b","r","pilot1"
"9A000000107AC953","DS1925",2026-05-07 10:16:55,11,"b","r","pilot1"
"9A000000107AC953","DS1925",2026-05-07 10:21:55,11.5,"b","r","pilot1"
"9A000000107AC953","DS1925",2026-05-07 10:26:55,11.5,"b","r","pilot1"
"9A000000107AC953","DS1925",2026-05-07 10:31:55,12,"b","r","pilot1"
"9A000000107AC953","DS1925",2026-05-07 10:36:55,12.5,"b","r","pilot1"
"9A000000107AC953","DS1925",2026-05-07 10:41:55,12.5,"b","r","pilot1"
"9A000000107AC953","DS1925",2026-05-07 10:46:55,12.5,"b","r","pilot1"
"9A000000107AC953","DS1925",2026-05-07 10:51:55,13,"b","r","pilot1"
"9A000000107AC953","DS1925",2026-05-07 10:56:55,12.5,"b","r","pilot1"
"9A000000107AC953","DS1925",2026-05-07 11:01:55,13,"b","r","pilot1"
"9A000000107AC953","DS1925",2026-05-07 11:06:55,13,"b","r","pilot1"
"9A000000107AC953","DS1925",2026-05-07 11:11:55,13,"b","r","pilot1"
"9A000000107AC953","DS1925",2026-05-07 11:16:55,13.5,"b","r","pilot1"
"9A000000107AC953","DS1925",2026-05-07 11:21:55,13.5,"b","r","pilot1"
"9A000000107AC953","DS1925",2026-05-07 11:26:55,13.5,"b","r","pilot1"
"9A000000107AC953","DS1925",2026-05-07 11:31:55,13.5,"b","r","pilot1"
"9A000000107AC953","DS1925",2026-05-07 11:36:55,14,"b","r","pilot1"
"9A000000107AC953","DS1925",2026-05-07 11:41:55,14,"b","r","pilot1"
"9A000000107AC953","DS1925",2026-05-07 11:46:55,14.5,"b","r","pilot1"
"9A000000107AC953","DS1925",2026-05-07 11:51:55,14.5,"b","r","pilot1"
"9A000000107AC953","DS1925",2026-05-07 11:56:55,15,"b","r","pilot1"
"9A000000107AC953","DS1925",2026-05-07 12:01:55,15.5,"b","r","pilot1"
"9A000000107AC953","DS1925",2026-05-07 12:06:55,16,"b","r","pilot1"
"9A000000107AC953","DS1925",2026-05-07 12:11:55,16.5,"b","r","pilot1"
"9A000000107AC953","DS1925",2026-05-07 12:16:55,16.5,"b","r","pilot1"
"9A000000107AC953","DS1925",2026-05-07 12:21:55,16.5,"b","r","pilot1"
"9A000000107AC953","DS1925",2026-05-07 12:26:55,16.5,"b","r","pilot1"
"9A000000107AC953","DS1925",2026-05-07 12:31:55,16.5,"b","r","pilot1"
"9A000000107AC953","DS1925",2026-05-07 12:36:55,16.5,"b","r","pilot1"
"9A000000107AC953","DS1925",2026-05-07 12:41:55,16.5,"b","r","pilot1"
"9A000000107AC953","DS1925",2026-05-07 12:46:55,16.5,"b","r","pilot1"
"9A000000107AC953","DS1925",2026-05-07 12:51:55,16.5,"b","r","pilot1"
"9A000000107AC953","DS1925",2026-05-07 12:56:55,16.5,"b","r","pilot1"
"9A000000107AC953","DS1925",2026-05-07 13:01:55,16.5,"b","r","pilot1"
"9A000000107AC953","DS1925",2026-05-07 13:06:55,17,"b","r","pilot1"
"9A000000107AC953","DS1925",2026-05-07 13:11:55,17,"b","r","pilot1"
"9A000000107AC953","DS1925",2026-05-07 13:16:55,17.5,"b","r","pilot1"
"9A000000107AC953","DS1925",2026-05-07 13:21:55,18,"b","r","pilot1"
"9A000000107AC953","DS1925",2026-05-07 13:26:55,18,"b","r","pilot1"
"9A000000107AC953","DS1925",2026-05-07 13:31:55,18,"b","r","pilot1"
"9A000000107AC953","DS1925",2026-05-07 13:36:55,18.5,"b","r","pilot1"
"9A000000107AC953","DS1925",2026-05-07 13:41:55,18.5,"b","r","pilot1"
"9A000000107AC953","DS1925",2026-05-07 13:46:55,18.5,"b","r","pilot1"
"9A000000107AC953","DS1925",2026-05-07 13:51:55,19,"b","r","pilot1"
"9A000000107AC953","DS1925",2026-05-07 13:56:55,19,"b","r","pilot1"
"9A000000107AC953","DS1925",2026-05-07 14:01:55,19,"b","r","pilot1"
"9A000000107AC953","DS1925",2026-05-07 14:06:55,19,"b","r","pilot1"
"9A000000107AC953","DS1925",2026-05-07 14:11:55,18.5,"b","r","pilot1"
"9A000000107AC953","DS1925",2026-05-07 14:16:55,18.5,"b","r","pilot1"
"9A000000107AC953","DS1925",2026-05-07 14:21:55,18.5,"b","r","pilot1"
"9A000000107AC953","DS1925",2026-05-07 14:26:55,18.5,"b","r","pilot1"
"9A000000107AC953","DS1925",2026-05-07 14:31:55,18.5,"b","r","pilot1"
"9A000000107AC953","DS1925",2026-05-07 14:36:55,18.5,"b","r","pilot1"
"9A000000107AC953","DS1925",2026-05-07 14:41:55,18.5,"b","r","pilot1"
"9A000000107AC953","DS1925",2026-05-07 14:46:55,18.5,"b","r","pilot1"
"9A000000107AC953","DS1925",2026-05-07 14:51:55,18.5,"b","r","pilot1"
"9A000000107AC953","DS1925",2026-05-07 14:56:55,18.5,"b","r","pilot1"
"9A000000107AC953","DS1925",2026-05-07 15:01:55,18.5,"b","r","pilot1"
"9A000000107AC953","DS1925",2026-05-07 15:06:55,18.5,"b","r","pilot1"
"9A000000107AC953","DS1925",2026-05-07 15:11:55,19,"b","r","pilot1"
"9A000000107AC953","DS1925",2026-05-07 15:16:55,19,"b","r","pilot1"
"9A000000107AC953","DS1925",2026-05-07 15:21:55,19.5,"b","r","pilot1"
"9A000000107AC953","DS1925",2026-05-07 15:26:55,20,"b","r","pilot1"
"9A000000107AC953","DS1925",2026-05-07 15:31:55,20,"b","r","pilot1"
"9A000000107AC953","DS1925",2026-05-07 15:36:55,20,"b","r","pilot1"
"9A000000107AC953","DS1925",2026-05-07 15:41:55,20,"b","r","pilot1"
"9A000000107AC953","DS1925",2026-05-07 15:46:55,20,"b","r","pilot1"
"9A000000107AC953","DS1925",2026-05-07 15:51:55,20,"b","r","pilot1"
"9A000000107AC953","DS1925",2026-05-07 15:56:55,20,"b","r","pilot1"
"9A000000107AC953","DS1925",2026-05-07 16:01:55,20,"b","r","pilot1"
"9A000000107AC953","DS1925",2026-05-07 16:06:55,20.5,"b","r","pilot1"
"9A000000107AC953","DS1925",2026-05-07 16:11:55,20.5,"b","r","pilot1"
"9A000000107AC953","DS1925",2026-05-07 16:16:55,20.5,"b","r","pilot1"
"9A000000107AC953","DS1925",2026-05-07 16:21:55,20.5,"b","r","pilot1"
"9A000000107AC953","DS1925",2026-05-07 16:26:55,20.5,"b","r","pilot1"
"9A000000107AC953","DS1925",2026-05-07 16:31:55,20.5,"b","r","pilot1"
"9A000000107AC953","DS1925",2026-05-07 16:36:55,20.5,"b","r","pilot1"
"9A000000107AC953","DS1925",2026-05-07 16:41:55,21,"b","r","pilot1"
"9A000000107AC953","DS1925",2026-05-07 16:46:55,21,"b","r","pilot1"
"9A000000107AC953","DS1925",2026-05-07 16:51:55,20.5,"b","r","pilot1"
"9A000000107AC953","DS1925",2026-05-07 16:56:55,20.5,"b","r","pilot1"
"9A000000107AC953","DS1925",2026-05-07 17:01:55,20,"b","r","pilot1"
"9A000000107AC953","DS1925",2026-05-07 17:06:55,20,"b","r","pilot1"
"9A000000107AC953","DS1925",2026-05-07 17:11:55,19.5,"b","r","pilot1"
"9A000000107AC953","DS1925",2026-05-07 17:16:55,19.5,"b","r","pilot1"
"9A000000107AC953","DS1925",2026-05-07 17:21:55,19,"b","r","pilot1"
"9A000000107AC953","DS1925",2026-05-07 17:26:55,19,"b","r","pilot1"
"9A000000107AC953","DS1925",2026-05-07 17:31:55,19,"b","r","pilot1"
"9A000000107AC953","DS1925",2026-05-07 17:36:55,18.5,"b","r","pilot1"
"9A000000107AC953","DS1925",2026-05-07 17:41:55,18,"b","r","pilot1"
"9A000000107AC953","DS1925",2026-05-07 17:46:55,18,"b","r","pilot1"
"9A000000107AC953","DS1925",2026-05-07 17:51:55,17.5,"b","r","pilot1"
"9A000000107AC953","DS1925",2026-05-07 17:56:55,17.5,"b","r","pilot1"
"9A000000107AC953","DS1925",2026-05-07 18:01:55,17,"b","r","pilot1"
"9A000000107AC953","DS1925",2026-05-07 18:06:55,16.5,"b","r","pilot1"
"9A000000107AC953","DS1925",2026-05-07 18:11:55,16.5,"b","r","pilot1"
"9A000000107AC953","DS1925",2026-05-07 18:16:55,16,"b","r","pilot1"
"9A000000107AC953","DS1925",2026-05-07 18:21:55,16,"b","r","pilot1"
"9A000000107AC953","DS1925",2026-05-07 18:26:55,15.5,"b","r","pilot1"
"9A000000107AC953","DS1925",2026-05-07 18:31:55,15.5,"b","r","pilot1"
"9A000000107AC953","DS1925",2026-05-07 18:36:55,15,"b","r","pilot1"
"9A000000107AC953","DS1925",2026-05-07 18:41:55,15,"b","r","pilot1"
"9A000000107AC953","DS1925",2026-05-07 18:46:55,15,"b","r","pilot1"
"9A000000107AC953","DS1925",2026-05-07 18:51:55,14.5,"b","r","pilot1"
"9A000000107AC953","DS1925",2026-05-07 18:56:55,14.5,"b","r","pilot1"
"9A000000107AC953","DS1925",2026-05-07 19:01:55,14.5,"b","r","pilot1"
"9A000000107AC953","DS1925",2026-05-07 19:06:55,14,"b","r","pilot1"
"9A000000107AC953","DS1925",2026-05-07 19:11:55,14,"b","r","pilot1"
"9A000000107AC953","DS1925",2026-05-07 19:16:55,14,"b","r","pilot1"
"9A000000107AC953","DS1925",2026-05-07 19:21:55,14,"b","r","pilot1"
"9A000000107AC953","DS1925",2026-05-07 19:26:55,13.5,"b","r","pilot1"
"9A000000107AC953","DS1925",2026-05-07 19:31:55,13.5,"b","r","pilot1"
"9A000000107AC953","DS1925",2026-05-07 19:36:55,13.5,"b","r","pilot1"
"9A000000107AC953","DS1925",2026-05-07 19:41:55,13.5,"b","r","pilot1"
"9A000000107AC953","DS1925",2026-05-07 19:46:55,13,"b","r","pilot1"
"9A000000107AC953","DS1925",2026-05-07 19:51:55,13,"b","r","pilot1"
"9A000000107AC953","DS1925",2026-05-07 19:56:55,13,"b","r","pilot1"
"9A000000107AC953","DS1925",2026-05-07 20:01:55,13,"b","r","pilot1"
"9A000000107AC953","DS1925",2026-05-07 20:06:55,12.5,"b","r","pilot1"
"9A000000107AC953","DS1925",2026-05-07 20:11:55,12.5,"b","r","pilot1"
"9A000000107AC953","DS1925",2026-05-07 20:16:55,12.5,"b","r","pilot1"
"9A000000107AC953","DS1925",2026-05-07 20:21:55,12.5,"b","r","pilot1"
"9A000000107AC953","DS1925",2026-05-07 20:26:55,12,"b","r","pilot1"
"9A000000107AC953","DS1925",2026-05-07 20:31:55,12,"b","r","pilot1"
"9A000000107AC953","DS1925",2026-05-07 20:36:55,12,"b","r","pilot1"
"9A000000107AC953","DS1925",2026-05-07 20:41:55,11.5,"b","r","pilot1"
"9A000000107AC953","DS1925",2026-05-07 20:46:55,11.5,"b","r","pilot1"
"9A000000107AC953","DS1925",2026-05-07 20:51:55,11.5,"b","r","pilot1"
"9A000000107AC953","DS1925",2026-05-07 20:56:55,11.5,"b","r","pilot1"
"9A000000107AC953","DS1925",2026-05-07 21:01:55,11,"b","r","pilot1"
"9A000000107AC953","DS1925",2026-05-07 21:06:55,11,"b","r","pilot1"
"9A000000107AC953","DS1925",2026-05-07 21:11:55,11,"b","r","pilot1"
"9A000000107AC953","DS1925",2026-05-07 21:16:55,11,"b","r","pilot1"
"9A000000107AC953","DS1925",2026-05-07 21:21:55,11,"b","r","pilot1"
"9A000000107AC953","DS1925",2026-05-07 21:26:55,10.5,"b","r","pilot1"
"9A000000107AC953","DS1925",2026-05-07 21:31:55,10.5,"b","r","pilot1"
"9A000000107AC953","DS1925",2026-05-07 21:36:55,10.5,"b","r","pilot1"
"9A000000107AC953","DS1925",2026-05-07 21:41:55,10.5,"b","r","pilot1"
"9A000000107AC953","DS1925",2026-05-07 21:46:55,10,"b","r","pilot1"
"9A000000107AC953","DS1925",2026-05-07 21:51:55,10,"b","r","pilot1"
"9A000000107AC953","DS1925",2026-05-07 21:56:55,10,"b","r","pilot1"
"9A000000107AC953","DS1925",2026-05-07 22:01:55,10,"b","r","pilot1"
"9A000000107AC953","DS1925",2026-05-07 22:06:55,9.5,"b","r","pilot1"
"9A000000107AC953","DS1925",2026-05-07 22:11:55,9.5,"b","r","pilot1"
"9A000000107AC953","DS1925",2026-05-07 22:16:55,9.5,"b","r","pilot1"
"9A000000107AC953","DS1925",2026-05-07 22:21:55,9.5,"b","r","pilot1"
"9A000000107AC953","DS1925",2026-05-07 22:26:55,9,"b","r","pilot1"
"9A000000107AC953","DS1925",2026-05-07 22:31:55,9,"b","r","pilot1"
"9A000000107AC953","DS1925",2026-05-07 22:36:55,9,"b","r","pilot1"
"9A000000107AC953","DS1925",2026-05-07 22:41:55,9,"b","r","pilot1"
"9A000000107AC953","DS1925",2026-05-07 22:46:55,9,"b","r","pilot1"
"9A000000107AC953","DS1925",2026-05-07 22:51:55,9,"b","r","pilot1"
"9A000000107AC953","DS1925",2026-05-07 22:56:55,8.5,"b","r","pilot1"
"9A000000107AC953","DS1925",2026-05-07 23:01:55,8.5,"b","r","pilot1"
"9A000000107AC953","DS1925",2026-05-07 23:06:55,8.5,"b","r","pilot1"
"9A000000107AC953","DS1925",2026-05-07 23:11:55,8.5,"b","r","pilot1"
"9A000000107AC953","DS1925",2026-05-07 23:16:55,8.5,"b","r","pilot1"
"9A000000107AC953","DS1925",2026-05-07 23:21:55,8,"b","r","pilot1"
"9A000000107AC953","DS1925",2026-05-07 23:26:55,8,"b","r","pilot1"
"9A000000107AC953","DS1925",2026-05-07 23:31:55,8,"b","r","pilot1"
"9A000000107AC953","DS1925",2026-05-07 23:36:55,8,"b","r","pilot1"
"9A000000107AC953","DS1925",2026-05-07 23:41:55,8,"b","r","pilot1"
"9A000000107AC953","DS1925",2026-05-07 23:46:55,8,"b","r","pilot1"
"9A000000107AC953","DS1925",2026-05-07 23:51:55,8,"b","r","pilot1"
"9A000000107AC953","DS1925",2026-05-07 23:56:55,7.5,"b","r","pilot1"
"9A000000107AC953","DS1925",2026-05-08 00:01:55,7.5,"b","r","pilot1"
"9A000000107AC953","DS1925",2026-05-08 00:06:55,7.5,"b","r","pilot1"
"9A000000107AC953","DS1925",2026-05-08 00:11:55,7.5,"b","r","pilot1"
"9A000000107AC953","DS1925",2026-05-08 00:16:55,7.5,"b","r","pilot1"
"9A000000107AC953","DS1925",2026-05-08 00:21:55,7.5,"b","r","pilot1"
"9A000000107AC953","DS1925",2026-05-08 00:26:55,7.5,"b","r","pilot1"
"9A000000107AC953","DS1925",2026-05-08 00:31:55,7.5,"b","r","pilot1"
"9A000000107AC953","DS1925",2026-05-08 00:36:55,7.5,"b","r","pilot1"
"9A000000107AC953","DS1925",2026-05-08 00:41:55,7.5,"b","r","pilot1"
"9A000000107AC953","DS1925",2026-05-08 00:46:55,7.5,"b","r","pilot1"
"9A000000107AC953","DS1925",2026-05-08 00:51:55,7.5,"b","r","pilot1"
"9A000000107AC953","DS1925",2026-05-08 00:56:55,7.5,"b","r","pilot1"
"9A000000107AC953","DS1925",2026-05-08 01:01:55,7.5,"b","r","pilot1"
"9A000000107AC953","DS1925",2026-05-08 01:06:55,7.5,"b","r","pilot1"
"9A000000107AC953","DS1925",2026-05-08 01:11:55,7.5,"b","r","pilot1"
"9A000000107AC953","DS1925",2026-05-08 01:16:55,7.5,"b","r","pilot1"
"9A000000107AC953","DS1925",2026-05-08 01:21:55,7,"b","r","pilot1"
"9A000000107AC953","DS1925",2026-05-08 01:26:55,7.5,"b","r","pilot1"
"9A000000107AC953","DS1925",2026-05-08 01:31:55,7,"b","r","pilot1"
"9A000000107AC953","DS1925",2026-05-08 01:36:55,7,"b","r","pilot1"
"9A000000107AC953","DS1925",2026-05-08 01:41:55,7,"b","r","pilot1"
"9A000000107AC953","DS1925",2026-05-08 01:46:55,7,"b","r","pilot1"
"9A000000107AC953","DS1925",2026-05-08 01:51:55,7,"b","r","pilot1"
"9A000000107AC953","DS1925",2026-05-08 01:56:55,7,"b","r","pilot1"
"9A000000107AC953","DS1925",2026-05-08 02:01:55,7,"b","r","pilot1"
"9A000000107AC953","DS1925",2026-05-08 02:06:55,7,"b","r","pilot1"
"9A000000107AC953","DS1925",2026-05-08 02:11:55,7,"b","r","pilot1"
"9A000000107AC953","DS1925",2026-05-08 02:16:55,7,"b","r","pilot1"
"9A000000107AC953","DS1925",2026-05-08 02:21:55,7,"b","r","pilot1"
"9A000000107AC953","DS1925",2026-05-08 02:26:55,7,"b","r","pilot1"
"9A000000107AC953","DS1925",2026-05-08 02:31:55,7,"b","r","pilot1"
"9A000000107AC953","DS1925",2026-05-08 02:36:55,7,"b","r","pilot1"
"9A000000107AC953","DS1925",2026-05-08 02:41:55,7,"b","r","pilot1"
"9A000000107AC953","DS1925",2026-05-08 02:46:55,7,"b","r","pilot1"
"9A000000107AC953","DS1925",2026-05-08 02:51:55,7,"b","r","pilot1"
"9A000000107AC953","DS1925",2026-05-08 02:56:55,7,"b","r","pilot1"
"9A000000107AC953","DS1925",2026-05-08 03:01:55,7,"b","r","pilot1"
"9A000000107AC953","DS1925",2026-05-08 03:06:55,7,"b","r","pilot1"
"9A000000107AC953","DS1925",2026-05-08 03:11:55,7,"b","r","pilot1"
"9A000000107AC953","DS1925",2026-05-08 03:16:55,7,"b","r","pilot1"
"9A000000107AC953","DS1925",2026-05-08 03:21:55,6.5,"b","r","pilot1"
"9A000000107AC953","DS1925",2026-05-08 03:26:55,6.5,"b","r","pilot1"
"9A000000107AC953","DS1925",2026-05-08 03:31:55,6.5,"b","r","pilot1"
"9A000000107AC953","DS1925",2026-05-08 03:36:55,6.5,"b","r","pilot1"
"9A000000107AC953","DS1925",2026-05-08 03:41:55,6.5,"b","r","pilot1"
"9A000000107AC953","DS1925",2026-05-08 03:46:55,6.5,"b","r","pilot1"
"9A000000107AC953","DS1925",2026-05-08 03:51:55,6.5,"b","r","pilot1"
"9A000000107AC953","DS1925",2026-05-08 03:56:55,6.5,"b","r","pilot1"
"9A000000107AC953","DS1925",2026-05-08 04:01:55,6.5,"b","r","pilot1"
"9A000000107AC953","DS1925",2026-05-08 04:06:55,6.5,"b","r","pilot1"
"9A000000107AC953","DS1925",2026-05-08 04:11:55,6.5,"b","r","pilot1"
"9A000000107AC953","DS1925",2026-05-08 04:16:55,6.5,"b","r","pilot1"
"9A000000107AC953","DS1925",2026-05-08 04:21:55,6.5,"b","r","pilot1"
"9A000000107AC953","DS1925",2026-05-08 04:26:55,6.5,"b","r","pilot1"
"9A000000107AC953","DS1925",2026-05-08 04:31:55,6.5,"b","r","pilot1"
"9A000000107AC953","DS1925",2026-05-08 04:36:55,6.5,"b","r","pilot1"
"9A000000107AC953","DS1925",2026-05-08 04:41:55,6.5,"b","r","pilot1"
"9A000000107AC953","DS1925",2026-05-08 04:46:55,6.5,"b","r","pilot1"
"9A000000107AC953","DS1925",2026-05-08 04:51:55,6.5,"b","r","pilot1"
"9A000000107AC953","DS1925",2026-05-08 04:56:55,6.5,"b","r","pilot1"
"9A000000107AC953","DS1925",2026-05-08 05:01:55,6.5,"b","r","pilot1"
"9A000000107AC953","DS1925",2026-05-08 05:06:55,6.5,"b","r","pilot1"
"9A000000107AC953","DS1925",2026-05-08 05:11:55,6,"b","r","pilot1"
"9A000000107AC953","DS1925",2026-05-08 05:16:55,6,"b","r","pilot1"
"9A000000107AC953","DS1925",2026-05-08 05:21:55,6,"b","r","pilot1"
"9A000000107AC953","DS1925",2026-05-08 05:26:55,6,"b","r","pilot1"
"9A000000107AC953","DS1925",2026-05-08 05:31:55,6,"b","r","pilot1"
"9A000000107AC953","DS1925",2026-05-08 05:36:55,6,"b","r","pilot1"
"9A000000107AC953","DS1925",2026-05-08 05:41:55,6,"b","r","pilot1"
"9A000000107AC953","DS1925",2026-05-08 05:46:55,6,"b","r","pilot1"
"9A000000107AC953","DS1925",2026-05-08 05:51:55,6,"b","r","pilot1"
"9A000000107AC953","DS1925",2026-05-08 05:56:55,6,"b","r","pilot1"
"9A000000107AC953","DS1925",2026-05-08 06:01:55,6,"b","r","pilot1"
"9A000000107AC953","DS1925",2026-05-08 06:06:55,6,"b","r","pilot1"
"9A000000107AC953","DS1925",2026-05-08 06:11:55,6,"b","r","pilot1"
"9A000000107AC953","DS1925",2026-05-08 06:16:55,6,"b","r","pilot1"
"9A000000107AC953","DS1925",2026-05-08 06:21:55,6,"b","r","pilot1"
"9A000000107AC953","DS1925",2026-05-08 06:26:55,6,"b","r","pilot1"
"9A000000107AC953","DS1925",2026-05-08 06:31:55,6,"b","r","pilot1"
"9A000000107AC953","DS1925",2026-05-08 06:36:55,6,"b","r","pilot1"
"9A000000107AC953","DS1925",2026-05-08 06:41:55,6,"b","r","pilot1"
"9A000000107AC953","DS1925",2026-05-08 06:46:55,6,"b","r","pilot1"
"9A000000107AC953","DS1925",2026-05-08 06:51:55,6,"b","r","pilot1"
"9A000000107AC953","DS1925",2026-05-08 06:56:55,6,"b","r","pilot1"
"9A000000107AC953","DS1925",2026-05-08 07:01:55,6,"b","r","pilot1"
"9A000000107AC953","DS1925",2026-05-08 07:06:55,6,"b","r","pilot1"
"9A000000107AC953","DS1925",2026-05-08 07:11:55,6,"b","r","pilot1"
"9A000000107AC953","DS1925",2026-05-08 07:16:55,6,"b","r","pilot1"
"9A000000107AC953","DS1925",2026-05-08 07:21:55,6.5,"b","r","pilot1"
"9A000000107AC953","DS1925",2026-05-08 07:26:55,6.5,"b","r","pilot1"
"9A000000107AC953","DS1925",2026-05-08 07:31:55,6.5,"b","r","pilot1"
"9A000000107AC953","DS1925",2026-05-08 07:36:55,6.5,"b","r","pilot1"
"9A000000107AC953","DS1925",2026-05-08 07:41:55,6.5,"b","r","pilot1"
"9A000000107AC953","DS1925",2026-05-08 07:46:55,6.5,"b","r","pilot1"
"9A000000107AC953","DS1925",2026-05-08 07:51:55,6.5,"b","r","pilot1"
"9A000000107AC953","DS1925",2026-05-08 07:56:55,7,"b","r","pilot1"
"9A000000107AC953","DS1925",2026-05-08 08:01:55,7,"b","r","pilot1"
"9A000000107AC953","DS1925",2026-05-08 08:06:55,7,"b","r","pilot1"
"9A000000107AC953","DS1925",2026-05-08 08:11:55,7,"b","r","pilot1"
"9A000000107AC953","DS1925",2026-05-08 08:16:55,7,"b","r","pilot1"
"9A000000107AC953","DS1925",2026-05-08 08:21:55,7,"b","r","pilot1"
"9A000000107AC953","DS1925",2026-05-08 08:26:55,7.5,"b","r","pilot1"
"9A000000107AC953","DS1925",2026-05-08 08:31:55,7.5,"b","r","pilot1"
"9A000000107AC953","DS1925",2026-05-08 08:36:55,7.5,"b","r","pilot1"
"9A000000107AC953","DS1925",2026-05-08 08:41:55,7.5,"b","r","pilot1"
"9A000000107AC953","DS1925",2026-05-08 08:46:55,7.5,"b","r","pilot1"
"9A000000107AC953","DS1925",2026-05-08 08:51:55,8,"b","r","pilot1"
"9A000000107AC953","DS1925",2026-05-08 08:56:55,8,"b","r","pilot1"
"9A000000107AC953","DS1925",2026-05-08 09:01:55,8,"b","r","pilot1"
"9A000000107AC953","DS1925",2026-05-08 09:06:55,8.5,"b","r","pilot1"
"9A000000107AC953","DS1925",2026-05-08 09:11:55,8.5,"b","r","pilot1"
"9A000000107AC953","DS1925",2026-05-08 09:16:55,8.5,"b","r","pilot1"
"9A000000107AC953","DS1925",2026-05-08 09:21:55,9,"b","r","pilot1"
"9A000000107AC953","DS1925",2026-05-08 09:26:55,9,"b","r","pilot1"
"9A000000107AC953","DS1925",2026-05-08 09:31:55,9.5,"b","r","pilot1"
"9A000000107AC953","DS1925",2026-05-08 09:36:55,9.5,"b","r","pilot1"
"9A000000107AC953","DS1925",2026-05-08 09:41:55,10,"b","r","pilot1"
"9A000000107AC953","DS1925",2026-05-08 09:46:55,10,"b","r","pilot1"
"9A000000107AC953","DS1925",2026-05-08 09:51:55,10.5,"b","r","pilot1"
"9A000000107AC953","DS1925",2026-05-08 09:56:55,10.5,"b","r","pilot1"
"9A000000107AC953","DS1925",2026-05-08 10:01:55,11,"b","r","pilot1"
"9A000000107AC953","DS1925",2026-05-08 10:06:55,11,"b","r","pilot1"
"9A000000107AC953","DS1925",2026-05-08 10:11:55,11.5,"b","r","pilot1"
"9A000000107AC953","DS1925",2026-05-08 10:16:55,12,"b","r","pilot1"
"9A000000107AC953","DS1925",2026-05-08 10:21:55,12,"b","r","pilot1"
"9A000000107AC953","DS1925",2026-05-08 10:26:55,12.5,"b","r","pilot1"
"9A000000107AC953","DS1925",2026-05-08 10:31:55,13,"b","r","pilot1"
"9A000000107AC953","DS1925",2026-05-08 10:36:55,13.5,"b","r","pilot1"
"9A000000107AC953","DS1925",2026-05-08 10:41:55,14,"b","r","pilot1"
"9A000000107AC953","DS1925",2026-05-08 10:46:55,14.5,"b","r","pilot1"
"9A000000107AC953","DS1925",2026-05-08 10:51:55,15,"b","r","pilot1"
"9A000000107AC953","DS1925",2026-05-08 10:56:55,15.5,"b","r","pilot1"
"9A000000107AC953","DS1925",2026-05-08 11:01:55,16,"b","r","pilot1"
"9A000000107AC953","DS1925",2026-05-08 11:06:55,16.5,"b","r","pilot1"
"9A000000107AC953","DS1925",2026-05-08 11:11:55,17,"b","r","pilot1"
"9A000000107AC953","DS1925",2026-05-08 11:16:55,17,"b","r","pilot1"
"9A000000107AC953","DS1925",2026-05-08 11:21:55,17.5,"b","r","pilot1"
"9A000000107AC953","DS1925",2026-05-08 11:26:55,18,"b","r","pilot1"
"9A000000107AC953","DS1925",2026-05-08 11:31:55,18,"b","r","pilot1"
"9A000000107AC953","DS1925",2026-05-08 11:36:55,18.5,"b","r","pilot1"
"9A000000107AC953","DS1925",2026-05-08 11:41:55,18.5,"b","r","pilot1"
"9A000000107AC953","DS1925",2026-05-08 11:46:55,19,"b","r","pilot1"
"9A000000107AC953","DS1925",2026-05-08 11:51:55,19,"b","r","pilot1"
"9A000000107AC953","DS1925",2026-05-08 11:56:55,19,"b","r","pilot1"
"9A000000107AC953","DS1925",2026-05-08 12:01:55,19,"b","r","pilot1"
"9A000000107AC953","DS1925",2026-05-08 12:06:55,19.5,"b","r","pilot1"
"9A000000107AC953","DS1925",2026-05-08 12:11:55,19.5,"b","r","pilot1"
"9A000000107AC953","DS1925",2026-05-08 12:16:55,19.5,"b","r","pilot1"
"9A000000107AC953","DS1925",2026-05-08 12:21:55,19.5,"b","r","pilot1"
"9A000000107AC953","DS1925",2026-05-08 12:26:55,19.5,"b","r","pilot1"
"9A000000107AC953","DS1925",2026-05-08 12:31:55,19.5,"b","r","pilot1"
"9A000000107AC953","DS1925",2026-05-08 12:36:55,19.5,"b","r","pilot1"
"9A000000107AC953","DS1925",2026-05-08 12:41:55,19.5,"b","r","pilot1"
"9A000000107AC953","DS1925",2026-05-08 12:46:55,19.5,"b","r","pilot1"
"9A000000107AC953","DS1925",2026-05-08 12:51:55,19,"b","r","pilot1"
"9A000000107AC953","DS1925",2026-05-08 12:56:55,19,"b","r","pilot1"
"9A000000107AC953","DS1925",2026-05-08 13:01:55,18.5,"b","r","pilot1"
"9A000000107AC953","DS1925",2026-05-08 13:06:55,18.5,"b","r","pilot1"
"9A000000107AC953","DS1925",2026-05-08 13:11:55,18.5,"b","r","pilot1"
"9A000000107AC953","DS1925",2026-05-08 13:16:55,18.5,"b","r","pilot1"
"9A000000107AC953","DS1925",2026-05-08 13:21:55,18.5,"b","r","pilot1"
"9A000000107AC953","DS1925",2026-05-08 13:26:55,18,"b","r","pilot1"
"9A000000107AC953","DS1925",2026-05-08 13:31:55,18,"b","r","pilot1"
"9A000000107AC953","DS1925",2026-05-08 13:36:55,18,"b","r","pilot1"
"9A000000107AC953","DS1925",2026-05-08 13:41:55,17.5,"b","r","pilot1"
"9A000000107AC953","DS1925",2026-05-08 13:46:55,17.5,"b","r","pilot1"
"9A000000107AC953","DS1925",2026-05-08 13:51:55,17.5,"b","r","pilot1"
"9A000000107AC953","DS1925",2026-05-08 13:56:55,17.5,"b","r","pilot1"
"9A000000107AC953","DS1925",2026-05-08 14:01:55,17.5,"b","r","pilot1"
"9A000000107AC953","DS1925",2026-05-08 14:06:55,17.5,"b","r","pilot1"
"9A000000107AC953","DS1925",2026-05-08 14:11:55,17.5,"b","r","pilot1"
"9A000000107AC953","DS1925",2026-05-08 14:16:55,17,"b","r","pilot1"
"9A000000107AC953","DS1925",2026-05-08 14:21:55,17,"b","r","pilot1"
"9A000000107AC953","DS1925",2026-05-08 14:26:55,17,"b","r","pilot1"
"9A000000107AC953","DS1925",2026-05-08 14:31:55,17,"b","r","pilot1"
"9A000000107AC953","DS1925",2026-05-08 14:36:55,16.5,"b","r","pilot1"
"9A000000107AC953","DS1925",2026-05-08 14:41:55,16.5,"b","r","pilot1"
"9A000000107AC953","DS1925",2026-05-08 14:46:55,16.5,"b","r","pilot1"
"9A000000107AC953","DS1925",2026-05-08 14:51:55,17,"b","r","pilot1"
"9A000000107AC953","DS1925",2026-05-08 14:56:55,17,"b","r","pilot1"
"9A000000107AC953","DS1925",2026-05-08 15:01:55,17.5,"b","r","pilot1"
"9A000000107AC953","DS1925",2026-05-08 15:06:55,17.5,"b","r","pilot1"
"9A000000107AC953","DS1925",2026-05-08 15:11:55,18,"b","r","pilot1"
"9A000000107AC953","DS1925",2026-05-08 15:16:55,18,"b","r","pilot1"
"9A000000107AC953","DS1925",2026-05-08 15:21:55,18,"b","r","pilot1"
"9A000000107AC953","DS1925",2026-05-08 15:26:55,18,"b","r","pilot1"
"9A000000107AC953","DS1925",2026-05-08 15:31:55,18.5,"b","r","pilot1"
"9A000000107AC953","DS1925",2026-05-08 15:36:55,18.5,"b","r","pilot1"
"9A000000107AC953","DS1925",2026-05-08 15:41:55,18.5,"b","r","pilot1"
"9A000000107AC953","DS1925",2026-05-08 15:46:55,19,"b","r","pilot1"
"9A000000107AC953","DS1925",2026-05-08 15:51:55,19,"b","r","pilot1"
"9A000000107AC953","DS1925",2026-05-08 15:56:55,19.5,"b","r","pilot1"
"A4000000103C4153","DS1925",2026-05-05 15:00:20,23,"t","r","pilot1"
"A4000000103C4153","DS1925",2026-05-05 15:05:20,23,"t","r","pilot1"
"A4000000103C4153","DS1925",2026-05-05 15:10:20,23,"t","r","pilot1"
"A4000000103C4153","DS1925",2026-05-05 15:15:20,22.5,"t","r","pilot1"
"A4000000103C4153","DS1925",2026-05-05 15:20:20,22.5,"t","r","pilot1"
"A4000000103C4153","DS1925",2026-05-05 15:25:20,22,"t","r","pilot1"
"A4000000103C4153","DS1925",2026-05-05 15:30:20,22,"t","r","pilot1"
"A4000000103C4153","DS1925",2026-05-05 15:35:20,21.5,"t","r","pilot1"
"A4000000103C4153","DS1925",2026-05-05 15:40:20,21.5,"t","r","pilot1"
"A4000000103C4153","DS1925",2026-05-05 15:45:20,21,"t","r","pilot1"
"A4000000103C4153","DS1925",2026-05-05 15:50:20,21,"t","r","pilot1"
"A4000000103C4153","DS1925",2026-05-05 15:55:20,21,"t","r","pilot1"
"A4000000103C4153","DS1925",2026-05-05 16:00:20,20.5,"t","r","pilot1"
"A4000000103C4153","DS1925",2026-05-05 16:05:20,20.5,"t","r","pilot1"
"A4000000103C4153","DS1925",2026-05-05 16:10:20,20.5,"t","r","pilot1"
"A4000000103C4153","DS1925",2026-05-05 16:15:20,20.5,"t","r","pilot1"
"A4000000103C4153","DS1925",2026-05-05 16:20:20,20.5,"t","r","pilot1"
"A4000000103C4153","DS1925",2026-05-05 16:25:20,20.5,"t","r","pilot1"
"A4000000103C4153","DS1925",2026-05-05 16:30:20,20.5,"t","r","pilot1"
"A4000000103C4153","DS1925",2026-05-05 16:35:20,20.5,"t","r","pilot1"
"A4000000103C4153","DS1925",2026-05-05 16:40:20,20.5,"t","r","pilot1"
"A4000000103C4153","DS1925",2026-05-05 16:45:20,20.5,"t","r","pilot1"
"A4000000103C4153","DS1925",2026-05-05 16:50:20,20.5,"t","r","pilot1"
"A4000000103C4153","DS1925",2026-05-05 16:55:20,20,"t","r","pilot1"
"A4000000103C4153","DS1925",2026-05-05 17:00:20,20,"t","r","pilot1"
"A4000000103C4153","DS1925",2026-05-05 17:05:20,20,"t","r","pilot1"
"A4000000103C4153","DS1925",2026-05-05 17:10:20,20,"t","r","pilot1"
"A4000000103C4153","DS1925",2026-05-05 17:15:20,19.5,"t","r","pilot1"
"A4000000103C4153","DS1925",2026-05-05 17:20:20,19.5,"t","r","pilot1"
"A4000000103C4153","DS1925",2026-05-05 17:25:20,19.5,"t","r","pilot1"
"A4000000103C4153","DS1925",2026-05-05 17:30:20,19,"t","r","pilot1"
"A4000000103C4153","DS1925",2026-05-05 17:35:20,19,"t","r","pilot1"
"A4000000103C4153","DS1925",2026-05-05 17:40:20,19,"t","r","pilot1"
"A4000000103C4153","DS1925",2026-05-05 17:45:20,19,"t","r","pilot1"
"A4000000103C4153","DS1925",2026-05-05 17:50:20,18.5,"t","r","pilot1"
"A4000000103C4153","DS1925",2026-05-05 17:55:20,18.5,"t","r","pilot1"
"A4000000103C4153","DS1925",2026-05-05 18:00:20,18,"t","r","pilot1"
"A4000000103C4153","DS1925",2026-05-05 18:05:20,18,"t","r","pilot1"
"A4000000103C4153","DS1925",2026-05-05 18:10:20,17.5,"t","r","pilot1"
"A4000000103C4153","DS1925",2026-05-05 18:15:20,17.5,"t","r","pilot1"
"A4000000103C4153","DS1925",2026-05-05 18:20:20,17.5,"t","r","pilot1"
"A4000000103C4153","DS1925",2026-05-05 18:25:20,17,"t","r","pilot1"
"A4000000103C4153","DS1925",2026-05-05 18:30:20,17,"t","r","pilot1"
"A4000000103C4153","DS1925",2026-05-05 18:35:20,16.5,"t","r","pilot1"
"A4000000103C4153","DS1925",2026-05-05 18:40:20,16,"t","r","pilot1"
"A4000000103C4153","DS1925",2026-05-05 18:45:20,16,"t","r","pilot1"
"A4000000103C4153","DS1925",2026-05-05 18:50:20,15.5,"t","r","pilot1"
"A4000000103C4153","DS1925",2026-05-05 18:55:20,15.5,"t","r","pilot1"
"A4000000103C4153","DS1925",2026-05-05 19:00:20,15,"t","r","pilot1"
"A4000000103C4153","DS1925",2026-05-05 19:05:20,15,"t","r","pilot1"
"A4000000103C4153","DS1925",2026-05-05 19:10:20,15,"t","r","pilot1"
"A4000000103C4153","DS1925",2026-05-05 19:15:20,14.5,"t","r","pilot1"
"A4000000103C4153","DS1925",2026-05-05 19:20:20,14.5,"t","r","pilot1"
"A4000000103C4153","DS1925",2026-05-05 19:25:20,14.5,"t","r","pilot1"
"A4000000103C4153","DS1925",2026-05-05 19:30:20,14.5,"t","r","pilot1"
"A4000000103C4153","DS1925",2026-05-05 19:35:20,14.5,"t","r","pilot1"
"A4000000103C4153","DS1925",2026-05-05 19:40:20,14.5,"t","r","pilot1"
"A4000000103C4153","DS1925",2026-05-05 19:45:20,14,"t","r","pilot1"
"A4000000103C4153","DS1925",2026-05-05 19:50:20,14,"t","r","pilot1"
"A4000000103C4153","DS1925",2026-05-05 19:55:20,14,"t","r","pilot1"
"A4000000103C4153","DS1925",2026-05-05 20:00:20,14,"t","r","pilot1"
"A4000000103C4153","DS1925",2026-05-05 20:05:20,14,"t","r","pilot1"
"A4000000103C4153","DS1925",2026-05-05 20:10:20,14,"t","r","pilot1"
"A4000000103C4153","DS1925",2026-05-05 20:15:20,13.5,"t","r","pilot1"
"A4000000103C4153","DS1925",2026-05-05 20:20:20,13.5,"t","r","pilot1"
"A4000000103C4153","DS1925",2026-05-05 20:25:20,13.5,"t","r","pilot1"
"A4000000103C4153","DS1925",2026-05-05 20:30:20,13.5,"t","r","pilot1"
"A4000000103C4153","DS1925",2026-05-05 20:35:20,13.5,"t","r","pilot1"
"A4000000103C4153","DS1925",2026-05-05 20:40:20,13,"t","r","pilot1"
"A4000000103C4153","DS1925",2026-05-05 20:45:20,13,"t","r","pilot1"
"A4000000103C4153","DS1925",2026-05-05 20:50:20,13,"t","r","pilot1"
"A4000000103C4153","DS1925",2026-05-05 20:55:20,13,"t","r","pilot1"
"A4000000103C4153","DS1925",2026-05-05 21:00:20,13,"t","r","pilot1"
"A4000000103C4153","DS1925",2026-05-05 21:05:20,13,"t","r","pilot1"
"A4000000103C4153","DS1925",2026-05-05 21:10:20,12.5,"t","r","pilot1"
"A4000000103C4153","DS1925",2026-05-05 21:15:20,12.5,"t","r","pilot1"
"A4000000103C4153","DS1925",2026-05-05 21:20:20,12.5,"t","r","pilot1"
"A4000000103C4153","DS1925",2026-05-05 21:25:20,12.5,"t","r","pilot1"
"A4000000103C4153","DS1925",2026-05-05 21:30:20,12.5,"t","r","pilot1"
"A4000000103C4153","DS1925",2026-05-05 21:35:20,12.5,"t","r","pilot1"
"A4000000103C4153","DS1925",2026-05-05 21:40:20,12,"t","r","pilot1"
"A4000000103C4153","DS1925",2026-05-05 21:45:20,12,"t","r","pilot1"
"A4000000103C4153","DS1925",2026-05-05 21:50:20,12,"t","r","pilot1"
"A4000000103C4153","DS1925",2026-05-05 21:55:20,12,"t","r","pilot1"
"A4000000103C4153","DS1925",2026-05-05 22:00:20,12,"t","r","pilot1"
"A4000000103C4153","DS1925",2026-05-05 22:05:20,12,"t","r","pilot1"
"A4000000103C4153","DS1925",2026-05-05 22:10:20,12,"t","r","pilot1"
"A4000000103C4153","DS1925",2026-05-05 22:15:20,12,"t","r","pilot1"
"A4000000103C4153","DS1925",2026-05-05 22:20:20,11.5,"t","r","pilot1"
"A4000000103C4153","DS1925",2026-05-05 22:25:20,11.5,"t","r","pilot1"
"A4000000103C4153","DS1925",2026-05-05 22:30:20,11.5,"t","r","pilot1"
"A4000000103C4153","DS1925",2026-05-05 22:35:20,11.5,"t","r","pilot1"
"A4000000103C4153","DS1925",2026-05-05 22:40:20,11.5,"t","r","pilot1"
"A4000000103C4153","DS1925",2026-05-05 22:45:20,11.5,"t","r","pilot1"
"A4000000103C4153","DS1925",2026-05-05 22:50:20,11.5,"t","r","pilot1"
"A4000000103C4153","DS1925",2026-05-05 22:55:20,11.5,"t","r","pilot1"
"A4000000103C4153","DS1925",2026-05-05 23:00:20,11.5,"t","r","pilot1"
"A4000000103C4153","DS1925",2026-05-05 23:05:20,11,"t","r","pilot1"
"A4000000103C4153","DS1925",2026-05-05 23:10:20,11,"t","r","pilot1"
"A4000000103C4153","DS1925",2026-05-05 23:15:20,11,"t","r","pilot1"
"A4000000103C4153","DS1925",2026-05-05 23:20:20,11,"t","r","pilot1"
"A4000000103C4153","DS1925",2026-05-05 23:25:20,11,"t","r","pilot1"
"A4000000103C4153","DS1925",2026-05-05 23:30:20,11,"t","r","pilot1"
"A4000000103C4153","DS1925",2026-05-05 23:35:20,11,"t","r","pilot1"
"A4000000103C4153","DS1925",2026-05-05 23:40:20,11,"t","r","pilot1"
"A4000000103C4153","DS1925",2026-05-05 23:45:20,11,"t","r","pilot1"
"A4000000103C4153","DS1925",2026-05-05 23:50:20,11,"t","r","pilot1"
"A4000000103C4153","DS1925",2026-05-05 23:55:20,11,"t","r","pilot1"
"A4000000103C4153","DS1925",2026-05-06 00:00:20,11,"t","r","pilot1"
"A4000000103C4153","DS1925",2026-05-06 00:05:20,11,"t","r","pilot1"
"A4000000103C4153","DS1925",2026-05-06 00:10:20,10.5,"t","r","pilot1"
"A4000000103C4153","DS1925",2026-05-06 00:15:20,10.5,"t","r","pilot1"
"A4000000103C4153","DS1925",2026-05-06 00:20:20,10.5,"t","r","pilot1"
"A4000000103C4153","DS1925",2026-05-06 00:25:20,10.5,"t","r","pilot1"
"A4000000103C4153","DS1925",2026-05-06 00:30:20,10.5,"t","r","pilot1"
"A4000000103C4153","DS1925",2026-05-06 00:35:20,10.5,"t","r","pilot1"
"A4000000103C4153","DS1925",2026-05-06 00:40:20,10.5,"t","r","pilot1"
"A4000000103C4153","DS1925",2026-05-06 00:45:20,10.5,"t","r","pilot1"
"A4000000103C4153","DS1925",2026-05-06 00:50:20,10.5,"t","r","pilot1"
"A4000000103C4153","DS1925",2026-05-06 00:55:20,10.5,"t","r","pilot1"
"A4000000103C4153","DS1925",2026-05-06 01:00:20,10.5,"t","r","pilot1"
"A4000000103C4153","DS1925",2026-05-06 01:05:20,10.5,"t","r","pilot1"
"A4000000103C4153","DS1925",2026-05-06 01:10:20,10.5,"t","r","pilot1"
"A4000000103C4153","DS1925",2026-05-06 01:15:20,10.5,"t","r","pilot1"
"A4000000103C4153","DS1925",2026-05-06 01:20:20,10,"t","r","pilot1"
"A4000000103C4153","DS1925",2026-05-06 01:25:20,10,"t","r","pilot1"
"A4000000103C4153","DS1925",2026-05-06 01:30:20,10,"t","r","pilot1"
"A4000000103C4153","DS1925",2026-05-06 01:35:20,10,"t","r","pilot1"
"A4000000103C4153","DS1925",2026-05-06 01:40:20,10,"t","r","pilot1"
"A4000000103C4153","DS1925",2026-05-06 01:45:20,10,"t","r","pilot1"
"A4000000103C4153","DS1925",2026-05-06 01:50:20,10,"t","r","pilot1"
"A4000000103C4153","DS1925",2026-05-06 01:55:20,10,"t","r","pilot1"
"A4000000103C4153","DS1925",2026-05-06 02:00:20,10,"t","r","pilot1"
"A4000000103C4153","DS1925",2026-05-06 02:05:20,10,"t","r","pilot1"
"A4000000103C4153","DS1925",2026-05-06 02:10:20,9.5,"t","r","pilot1"
"A4000000103C4153","DS1925",2026-05-06 02:15:20,9.5,"t","r","pilot1"
"A4000000103C4153","DS1925",2026-05-06 02:20:20,9.5,"t","r","pilot1"
"A4000000103C4153","DS1925",2026-05-06 02:25:20,9.5,"t","r","pilot1"
"A4000000103C4153","DS1925",2026-05-06 02:30:20,9.5,"t","r","pilot1"
"A4000000103C4153","DS1925",2026-05-06 02:35:20,9.5,"t","r","pilot1"
"A4000000103C4153","DS1925",2026-05-06 02:40:20,9.5,"t","r","pilot1"
"A4000000103C4153","DS1925",2026-05-06 02:45:20,9.5,"t","r","pilot1"
"A4000000103C4153","DS1925",2026-05-06 02:50:20,9.5,"t","r","pilot1"
"A4000000103C4153","DS1925",2026-05-06 02:55:20,9.5,"t","r","pilot1"
"A4000000103C4153","DS1925",2026-05-06 03:00:20,9.5,"t","r","pilot1"
"A4000000103C4153","DS1925",2026-05-06 03:05:20,9.5,"t","r","pilot1"
"A4000000103C4153","DS1925",2026-05-06 03:10:20,9.5,"t","r","pilot1"
"A4000000103C4153","DS1925",2026-05-06 03:15:20,9,"t","r","pilot1"
"A4000000103C4153","DS1925",2026-05-06 03:20:20,9.5,"t","r","pilot1"
"A4000000103C4153","DS1925",2026-05-06 03:25:20,9,"t","r","pilot1"
"A4000000103C4153","DS1925",2026-05-06 03:30:20,9,"t","r","pilot1"
"A4000000103C4153","DS1925",2026-05-06 03:35:20,9,"t","r","pilot1"
"A4000000103C4153","DS1925",2026-05-06 03:40:20,9,"t","r","pilot1"
"A4000000103C4153","DS1925",2026-05-06 03:45:20,9,"t","r","pilot1"
"A4000000103C4153","DS1925",2026-05-06 03:50:20,9,"t","r","pilot1"
"A4000000103C4153","DS1925",2026-05-06 03:55:20,9,"t","r","pilot1"
"A4000000103C4153","DS1925",2026-05-06 04:00:20,9,"t","r","pilot1"
"A4000000103C4153","DS1925",2026-05-06 04:05:20,9,"t","r","pilot1"
"A4000000103C4153","DS1925",2026-05-06 04:10:20,9,"t","r","pilot1"
"A4000000103C4153","DS1925",2026-05-06 04:15:20,9,"t","r","pilot1"
"A4000000103C4153","DS1925",2026-05-06 04:20:20,9,"t","r","pilot1"
"A4000000103C4153","DS1925",2026-05-06 04:25:20,9,"t","r","pilot1"
"A4000000103C4153","DS1925",2026-05-06 04:30:20,9,"t","r","pilot1"
"A4000000103C4153","DS1925",2026-05-06 04:35:20,9,"t","r","pilot1"
"A4000000103C4153","DS1925",2026-05-06 04:40:20,9,"t","r","pilot1"
"A4000000103C4153","DS1925",2026-05-06 04:45:20,9,"t","r","pilot1"
"A4000000103C4153","DS1925",2026-05-06 04:50:20,9,"t","r","pilot1"
"A4000000103C4153","DS1925",2026-05-06 04:55:20,9,"t","r","pilot1"
"A4000000103C4153","DS1925",2026-05-06 05:00:20,9,"t","r","pilot1"
"A4000000103C4153","DS1925",2026-05-06 05:05:20,9,"t","r","pilot1"
"A4000000103C4153","DS1925",2026-05-06 05:10:20,9,"t","r","pilot1"
"A4000000103C4153","DS1925",2026-05-06 05:15:20,9,"t","r","pilot1"
"A4000000103C4153","DS1925",2026-05-06 05:20:20,9,"t","r","pilot1"
"A4000000103C4153","DS1925",2026-05-06 05:25:20,8.5,"t","r","pilot1"
"A4000000103C4153","DS1925",2026-05-06 05:30:20,8.5,"t","r","pilot1"
"A4000000103C4153","DS1925",2026-05-06 05:35:20,8.5,"t","r","pilot1"
"A4000000103C4153","DS1925",2026-05-06 05:40:20,8.5,"t","r","pilot1"
"A4000000103C4153","DS1925",2026-05-06 05:45:20,8.5,"t","r","pilot1"
"A4000000103C4153","DS1925",2026-05-06 05:50:20,8.5,"t","r","pilot1"
"A4000000103C4153","DS1925",2026-05-06 05:55:20,8.5,"t","r","pilot1"
"A4000000103C4153","DS1925",2026-05-06 06:00:20,8.5,"t","r","pilot1"
"A4000000103C4153","DS1925",2026-05-06 06:05:20,8.5,"t","r","pilot1"
"A4000000103C4153","DS1925",2026-05-06 06:10:20,8.5,"t","r","pilot1"
"A4000000103C4153","DS1925",2026-05-06 06:15:20,8.5,"t","r","pilot1"
"A4000000103C4153","DS1925",2026-05-06 06:20:20,8.5,"t","r","pilot1"
"A4000000103C4153","DS1925",2026-05-06 06:25:20,8.5,"t","r","pilot1"
"A4000000103C4153","DS1925",2026-05-06 06:30:20,8.5,"t","r","pilot1"
"A4000000103C4153","DS1925",2026-05-06 06:35:20,8.5,"t","r","pilot1"
"A4000000103C4153","DS1925",2026-05-06 06:40:20,8.5,"t","r","pilot1"
"A4000000103C4153","DS1925",2026-05-06 06:45:20,8.5,"t","r","pilot1"
"A4000000103C4153","DS1925",2026-05-06 06:50:20,8.5,"t","r","pilot1"
"A4000000103C4153","DS1925",2026-05-06 06:55:20,8.5,"t","r","pilot1"
"A4000000103C4153","DS1925",2026-05-06 07:00:20,8.5,"t","r","pilot1"
"A4000000103C4153","DS1925",2026-05-06 07:05:20,8.5,"t","r","pilot1"
"A4000000103C4153","DS1925",2026-05-06 07:10:20,8.5,"t","r","pilot1"
"A4000000103C4153","DS1925",2026-05-06 07:15:20,8.5,"t","r","pilot1"
"A4000000103C4153","DS1925",2026-05-06 07:20:20,8.5,"t","r","pilot1"
"A4000000103C4153","DS1925",2026-05-06 07:25:20,8.5,"t","r","pilot1"
"A4000000103C4153","DS1925",2026-05-06 07:30:20,8.5,"t","r","pilot1"
"A4000000103C4153","DS1925",2026-05-06 07:35:20,8.5,"t","r","pilot1"
"A4000000103C4153","DS1925",2026-05-06 07:40:20,9,"t","r","pilot1"
"A4000000103C4153","DS1925",2026-05-06 07:45:20,9,"t","r","pilot1"
"A4000000103C4153","DS1925",2026-05-06 07:50:20,9,"t","r","pilot1"
"A4000000103C4153","DS1925",2026-05-06 07:55:20,9,"t","r","pilot1"
"A4000000103C4153","DS1925",2026-05-06 08:00:20,9,"t","r","pilot1"
"A4000000103C4153","DS1925",2026-05-06 08:05:20,9,"t","r","pilot1"
"A4000000103C4153","DS1925",2026-05-06 08:10:20,9,"t","r","pilot1"
"A4000000103C4153","DS1925",2026-05-06 08:15:20,9,"t","r","pilot1"
"A4000000103C4153","DS1925",2026-05-06 08:20:20,9,"t","r","pilot1"
"A4000000103C4153","DS1925",2026-05-06 08:25:20,9,"t","r","pilot1"
"A4000000103C4153","DS1925",2026-05-06 08:30:20,9,"t","r","pilot1"
"A4000000103C4153","DS1925",2026-05-06 08:35:20,9,"t","r","pilot1"
"A4000000103C4153","DS1925",2026-05-06 08:40:20,9,"t","r","pilot1"
"A4000000103C4153","DS1925",2026-05-06 08:45:20,9,"t","r","pilot1"
"A4000000103C4153","DS1925",2026-05-06 08:50:20,9,"t","r","pilot1"
"A4000000103C4153","DS1925",2026-05-06 08:55:20,9,"t","r","pilot1"
"A4000000103C4153","DS1925",2026-05-06 09:00:20,9,"t","r","pilot1"
"A4000000103C4153","DS1925",2026-05-06 09:05:20,9,"t","r","pilot1"
"A4000000103C4153","DS1925",2026-05-06 09:10:20,9.5,"t","r","pilot1"
"A4000000103C4153","DS1925",2026-05-06 09:15:20,9.5,"t","r","pilot1"
"A4000000103C4153","DS1925",2026-05-06 09:20:20,9.5,"t","r","pilot1"
"A4000000103C4153","DS1925",2026-05-06 09:25:20,9.5,"t","r","pilot1"
"A4000000103C4153","DS1925",2026-05-06 09:30:20,9.5,"t","r","pilot1"
"A4000000103C4153","DS1925",2026-05-06 09:35:20,9.5,"t","r","pilot1"
"A4000000103C4153","DS1925",2026-05-06 09:40:20,9.5,"t","r","pilot1"
"A4000000103C4153","DS1925",2026-05-06 09:45:20,9.5,"t","r","pilot1"
"A4000000103C4153","DS1925",2026-05-06 09:50:20,10,"t","r","pilot1"
"A4000000103C4153","DS1925",2026-05-06 09:55:20,10,"t","r","pilot1"
"A4000000103C4153","DS1925",2026-05-06 10:00:20,10,"t","r","pilot1"
"A4000000103C4153","DS1925",2026-05-06 10:05:20,10,"t","r","pilot1"
"A4000000103C4153","DS1925",2026-05-06 10:10:20,10,"t","r","pilot1"
"A4000000103C4153","DS1925",2026-05-06 10:15:20,10,"t","r","pilot1"
"A4000000103C4153","DS1925",2026-05-06 10:20:20,10,"t","r","pilot1"
"A4000000103C4153","DS1925",2026-05-06 10:25:20,10,"t","r","pilot1"
"A4000000103C4153","DS1925",2026-05-06 10:30:20,10.5,"t","r","pilot1"
"A4000000103C4153","DS1925",2026-05-06 10:35:20,10.5,"t","r","pilot1"
"A4000000103C4153","DS1925",2026-05-06 10:40:20,10.5,"t","r","pilot1"
"A4000000103C4153","DS1925",2026-05-06 10:45:20,10.5,"t","r","pilot1"
"A4000000103C4153","DS1925",2026-05-06 10:50:20,10.5,"t","r","pilot1"
"A4000000103C4153","DS1925",2026-05-06 10:55:20,10.5,"t","r","pilot1"
"A4000000103C4153","DS1925",2026-05-06 11:00:20,11,"t","r","pilot1"
"A4000000103C4153","DS1925",2026-05-06 11:05:20,11,"t","r","pilot1"
"A4000000103C4153","DS1925",2026-05-06 11:10:20,11,"t","r","pilot1"
"A4000000103C4153","DS1925",2026-05-06 11:15:20,11,"t","r","pilot1"
"A4000000103C4153","DS1925",2026-05-06 11:20:20,11,"t","r","pilot1"
"A4000000103C4153","DS1925",2026-05-06 11:25:20,11.5,"t","r","pilot1"
"A4000000103C4153","DS1925",2026-05-06 11:30:20,11.5,"t","r","pilot1"
"A4000000103C4153","DS1925",2026-05-06 11:35:20,11.5,"t","r","pilot1"
"A4000000103C4153","DS1925",2026-05-06 11:40:20,12,"t","r","pilot1"
"A4000000103C4153","DS1925",2026-05-06 11:45:20,12,"t","r","pilot1"
"A4000000103C4153","DS1925",2026-05-06 11:50:20,12,"t","r","pilot1"
"A4000000103C4153","DS1925",2026-05-06 11:55:20,12,"t","r","pilot1"
"A4000000103C4153","DS1925",2026-05-06 12:00:20,12.5,"t","r","pilot1"
"A4000000103C4153","DS1925",2026-05-06 12:05:20,12.5,"t","r","pilot1"
"A4000000103C4153","DS1925",2026-05-06 12:10:20,12.5,"t","r","pilot1"
"A4000000103C4153","DS1925",2026-05-06 12:15:20,12.5,"t","r","pilot1"
"A4000000103C4153","DS1925",2026-05-06 12:20:20,12.5,"t","r","pilot1"
"A4000000103C4153","DS1925",2026-05-06 12:25:20,12.5,"t","r","pilot1"
"A4000000103C4153","DS1925",2026-05-06 12:30:20,12.5,"t","r","pilot1"
"A4000000103C4153","DS1925",2026-05-06 12:35:20,12.5,"t","r","pilot1"
"A4000000103C4153","DS1925",2026-05-06 12:40:20,12.5,"t","r","pilot1"
"A4000000103C4153","DS1925",2026-05-06 12:45:20,12.5,"t","r","pilot1"
"A4000000103C4153","DS1925",2026-05-06 12:50:20,12.5,"t","r","pilot1"
"A4000000103C4153","DS1925",2026-05-06 12:55:20,12.5,"t","r","pilot1"
"A4000000103C4153","DS1925",2026-05-06 13:00:20,12.5,"t","r","pilot1"
"A4000000103C4153","DS1925",2026-05-06 13:05:20,12.5,"t","r","pilot1"
"A4000000103C4153","DS1925",2026-05-06 13:10:20,12.5,"t","r","pilot1"
"A4000000103C4153","DS1925",2026-05-06 13:15:20,12.5,"t","r","pilot1"
"A4000000103C4153","DS1925",2026-05-06 13:20:20,12.5,"t","r","pilot1"
"A4000000103C4153","DS1925",2026-05-06 13:25:20,12.5,"t","r","pilot1"
"A4000000103C4153","DS1925",2026-05-06 13:30:20,12.5,"t","r","pilot1"
"A4000000103C4153","DS1925",2026-05-06 13:35:20,12.5,"t","r","pilot1"
"A4000000103C4153","DS1925",2026-05-06 13:40:20,13,"t","r","pilot1"
"A4000000103C4153","DS1925",2026-05-06 13:45:20,13,"t","r","pilot1"
"A4000000103C4153","DS1925",2026-05-06 13:50:20,13.5,"t","r","pilot1"
"A4000000103C4153","DS1925",2026-05-06 13:55:20,13.5,"t","r","pilot1"
"A4000000103C4153","DS1925",2026-05-06 14:00:20,14,"t","r","pilot1"
"A4000000103C4153","DS1925",2026-05-06 14:05:20,14.5,"t","r","pilot1"
"A4000000103C4153","DS1925",2026-05-06 14:10:20,15,"t","r","pilot1"
"A4000000103C4153","DS1925",2026-05-06 14:15:20,15,"t","r","pilot1"
"A4000000103C4153","DS1925",2026-05-06 14:20:20,15.5,"t","r","pilot1"
"A4000000103C4153","DS1925",2026-05-06 14:25:20,15.5,"t","r","pilot1"
"A4000000103C4153","DS1925",2026-05-06 14:30:20,15.5,"t","r","pilot1"
"A4000000103C4153","DS1925",2026-05-06 14:35:20,16,"t","r","pilot1"
"A4000000103C4153","DS1925",2026-05-06 14:40:20,16,"t","r","pilot1"
"A4000000103C4153","DS1925",2026-05-06 14:45:20,16,"t","r","pilot1"
"A4000000103C4153","DS1925",2026-05-06 14:50:20,16,"t","r","pilot1"
"A4000000103C4153","DS1925",2026-05-06 14:55:20,16.5,"t","r","pilot1"
"A4000000103C4153","DS1925",2026-05-06 15:00:20,16.5,"t","r","pilot1"
"A4000000103C4153","DS1925",2026-05-06 15:05:20,16.5,"t","r","pilot1"
"A4000000103C4153","DS1925",2026-05-06 15:10:20,17,"t","r","pilot1"
"A4000000103C4153","DS1925",2026-05-06 15:15:20,17,"t","r","pilot1"
"A4000000103C4153","DS1925",2026-05-06 15:20:20,17,"t","r","pilot1"
"A4000000103C4153","DS1925",2026-05-06 15:25:20,17.5,"t","r","pilot1"
"A4000000103C4153","DS1925",2026-05-06 15:30:20,17.5,"t","r","pilot1"
"A4000000103C4153","DS1925",2026-05-06 15:35:20,18,"t","r","pilot1"
"A4000000103C4153","DS1925",2026-05-06 15:40:20,18.5,"t","r","pilot1"
"A4000000103C4153","DS1925",2026-05-06 15:45:20,18.5,"t","r","pilot1"
"A4000000103C4153","DS1925",2026-05-06 15:50:20,19,"t","r","pilot1"
"A4000000103C4153","DS1925",2026-05-06 15:55:20,19,"t","r","pilot1"
"A4000000103C4153","DS1925",2026-05-06 16:00:20,19,"t","r","pilot1"
"A4000000103C4153","DS1925",2026-05-06 16:05:20,19,"t","r","pilot1"
"A4000000103C4153","DS1925",2026-05-06 16:10:20,19,"t","r","pilot1"
"A4000000103C4153","DS1925",2026-05-06 16:15:20,19,"t","r","pilot1"
"A4000000103C4153","DS1925",2026-05-06 16:20:20,19,"t","r","pilot1"
"A4000000103C4153","DS1925",2026-05-06 16:25:20,19,"t","r","pilot1"
"A4000000103C4153","DS1925",2026-05-06 16:30:20,19,"t","r","pilot1"
"A4000000103C4153","DS1925",2026-05-06 16:35:20,19,"t","r","pilot1"
"A4000000103C4153","DS1925",2026-05-06 16:40:20,19,"t","r","pilot1"
"A4000000103C4153","DS1925",2026-05-06 16:45:20,19,"t","r","pilot1"
"A4000000103C4153","DS1925",2026-05-06 16:50:20,18.5,"t","r","pilot1"
"A4000000103C4153","DS1925",2026-05-06 16:55:20,18.5,"t","r","pilot1"
"A4000000103C4153","DS1925",2026-05-06 17:00:20,18,"t","r","pilot1"
"A4000000103C4153","DS1925",2026-05-06 17:05:20,18,"t","r","pilot1"
"A4000000103C4153","DS1925",2026-05-06 17:10:20,17.5,"t","r","pilot1"
"A4000000103C4153","DS1925",2026-05-06 17:15:20,17.5,"t","r","pilot1"
"A4000000103C4153","DS1925",2026-05-06 17:20:20,17,"t","r","pilot1"
"A4000000103C4153","DS1925",2026-05-06 17:25:20,17,"t","r","pilot1"
"A4000000103C4153","DS1925",2026-05-06 17:30:20,16.5,"t","r","pilot1"
"A4000000103C4153","DS1925",2026-05-06 17:35:20,16.5,"t","r","pilot1"
"A4000000103C4153","DS1925",2026-05-06 17:40:20,16,"t","r","pilot1"
"A4000000103C4153","DS1925",2026-05-06 17:45:20,16,"t","r","pilot1"
"A4000000103C4153","DS1925",2026-05-06 17:50:20,16,"t","r","pilot1"
"A4000000103C4153","DS1925",2026-05-06 17:55:20,15.5,"t","r","pilot1"
"A4000000103C4153","DS1925",2026-05-06 18:00:20,15.5,"t","r","pilot1"
"A4000000103C4153","DS1925",2026-05-06 18:05:20,15,"t","r","pilot1"
"A4000000103C4153","DS1925",2026-05-06 18:10:20,15,"t","r","pilot1"
"A4000000103C4153","DS1925",2026-05-06 18:15:20,15,"t","r","pilot1"
"A4000000103C4153","DS1925",2026-05-06 18:20:20,14.5,"t","r","pilot1"
"A4000000103C4153","DS1925",2026-05-06 18:25:20,14.5,"t","r","pilot1"
"A4000000103C4153","DS1925",2026-05-06 18:30:20,14.5,"t","r","pilot1"
"A4000000103C4153","DS1925",2026-05-06 18:35:20,14,"t","r","pilot1"
"A4000000103C4153","DS1925",2026-05-06 18:40:20,14,"t","r","pilot1"
"A4000000103C4153","DS1925",2026-05-06 18:45:20,14,"t","r","pilot1"
"A4000000103C4153","DS1925",2026-05-06 18:50:20,14,"t","r","pilot1"
"A4000000103C4153","DS1925",2026-05-06 18:55:20,13.5,"t","r","pilot1"
"A4000000103C4153","DS1925",2026-05-06 19:00:20,13.5,"t","r","pilot1"
"A4000000103C4153","DS1925",2026-05-06 19:05:20,13.5,"t","r","pilot1"
"A4000000103C4153","DS1925",2026-05-06 19:10:20,13.5,"t","r","pilot1"
"A4000000103C4153","DS1925",2026-05-06 19:15:20,13.5,"t","r","pilot1"
"A4000000103C4153","DS1925",2026-05-06 19:20:20,13,"t","r","pilot1"
"A4000000103C4153","DS1925",2026-05-06 19:25:20,13,"t","r","pilot1"
"A4000000103C4153","DS1925",2026-05-06 19:30:20,13,"t","r","pilot1"
"A4000000103C4153","DS1925",2026-05-06 19:35:20,13,"t","r","pilot1"
"A4000000103C4153","DS1925",2026-05-06 19:40:20,12.5,"t","r","pilot1"
"A4000000103C4153","DS1925",2026-05-06 19:45:20,12.5,"t","r","pilot1"
"A4000000103C4153","DS1925",2026-05-06 19:50:20,12.5,"t","r","pilot1"
"A4000000103C4153","DS1925",2026-05-06 19:55:20,12.5,"t","r","pilot1"
"A4000000103C4153","DS1925",2026-05-06 20:00:20,12,"t","r","pilot1"
"A4000000103C4153","DS1925",2026-05-06 20:05:20,12,"t","r","pilot1"
"A4000000103C4153","DS1925",2026-05-06 20:10:20,12,"t","r","pilot1"
"A4000000103C4153","DS1925",2026-05-06 20:15:20,12,"t","r","pilot1"
"A4000000103C4153","DS1925",2026-05-06 20:20:20,11.5,"t","r","pilot1"
"A4000000103C4153","DS1925",2026-05-06 20:25:20,11.5,"t","r","pilot1"
"A4000000103C4153","DS1925",2026-05-06 20:30:20,11.5,"t","r","pilot1"
"A4000000103C4153","DS1925",2026-05-06 20:35:20,11.5,"t","r","pilot1"
"A4000000103C4153","DS1925",2026-05-06 20:40:20,11,"t","r","pilot1"
"A4000000103C4153","DS1925",2026-05-06 20:45:20,11,"t","r","pilot1"
"A4000000103C4153","DS1925",2026-05-06 20:50:20,11,"t","r","pilot1"
"A4000000103C4153","DS1925",2026-05-06 20:55:20,11,"t","r","pilot1"
"A4000000103C4153","DS1925",2026-05-06 21:00:20,11,"t","r","pilot1"
"A4000000103C4153","DS1925",2026-05-06 21:05:20,11,"t","r","pilot1"
"A4000000103C4153","DS1925",2026-05-06 21:10:20,11,"t","r","pilot1"
"A4000000103C4153","DS1925",2026-05-06 21:15:20,10.5,"t","r","pilot1"
"A4000000103C4153","DS1925",2026-05-06 21:20:20,10.5,"t","r","pilot1"
"A4000000103C4153","DS1925",2026-05-06 21:25:20,10.5,"t","r","pilot1"
"A4000000103C4153","DS1925",2026-05-06 21:30:20,10.5,"t","r","pilot1"
"A4000000103C4153","DS1925",2026-05-06 21:35:20,10.5,"t","r","pilot1"
"A4000000103C4153","DS1925",2026-05-06 21:40:20,10.5,"t","r","pilot1"
"A4000000103C4153","DS1925",2026-05-06 21:45:20,10.5,"t","r","pilot1"
"A4000000103C4153","DS1925",2026-05-06 21:50:20,10.5,"t","r","pilot1"
"A4000000103C4153","DS1925",2026-05-06 21:55:20,10.5,"t","r","pilot1"
"A4000000103C4153","DS1925",2026-05-06 22:00:20,10.5,"t","r","pilot1"
"A4000000103C4153","DS1925",2026-05-06 22:05:20,10.5,"t","r","pilot1"
"A4000000103C4153","DS1925",2026-05-06 22:10:20,10.5,"t","r","pilot1"
"A4000000103C4153","DS1925",2026-05-06 22:15:20,10,"t","r","pilot1"
"A4000000103C4153","DS1925",2026-05-06 22:20:20,10,"t","r","pilot1"
"A4000000103C4153","DS1925",2026-05-06 22:25:20,10,"t","r","pilot1"
"A4000000103C4153","DS1925",2026-05-06 22:30:20,10,"t","r","pilot1"
"A4000000103C4153","DS1925",2026-05-06 22:35:20,10,"t","r","pilot1"
"A4000000103C4153","DS1925",2026-05-06 22:40:20,10,"t","r","pilot1"
"A4000000103C4153","DS1925",2026-05-06 22:45:20,10,"t","r","pilot1"
"A4000000103C4153","DS1925",2026-05-06 22:50:20,10,"t","r","pilot1"
"A4000000103C4153","DS1925",2026-05-06 22:55:20,10,"t","r","pilot1"
"A4000000103C4153","DS1925",2026-05-06 23:00:20,10,"t","r","pilot1"
"A4000000103C4153","DS1925",2026-05-06 23:05:20,10,"t","r","pilot1"
"A4000000103C4153","DS1925",2026-05-06 23:10:20,10,"t","r","pilot1"
"A4000000103C4153","DS1925",2026-05-06 23:15:20,10,"t","r","pilot1"
"A4000000103C4153","DS1925",2026-05-06 23:20:20,9.5,"t","r","pilot1"
"A4000000103C4153","DS1925",2026-05-06 23:25:20,9.5,"t","r","pilot1"
"A4000000103C4153","DS1925",2026-05-06 23:30:20,9.5,"t","r","pilot1"
"A4000000103C4153","DS1925",2026-05-06 23:35:20,9.5,"t","r","pilot1"
"A4000000103C4153","DS1925",2026-05-06 23:40:20,9.5,"t","r","pilot1"
"A4000000103C4153","DS1925",2026-05-06 23:45:20,9.5,"t","r","pilot1"
"A4000000103C4153","DS1925",2026-05-06 23:50:20,9,"t","r","pilot1"
"A4000000103C4153","DS1925",2026-05-06 23:55:20,9,"t","r","pilot1"
"A4000000103C4153","DS1925",2026-05-07 00:00:20,9,"t","r","pilot1"
"A4000000103C4153","DS1925",2026-05-07 00:05:20,9,"t","r","pilot1"
"A4000000103C4153","DS1925",2026-05-07 00:10:20,9,"t","r","pilot1"
"A4000000103C4153","DS1925",2026-05-07 00:15:20,9,"t","r","pilot1"
"A4000000103C4153","DS1925",2026-05-07 00:20:20,9,"t","r","pilot1"
"A4000000103C4153","DS1925",2026-05-07 00:25:20,9,"t","r","pilot1"
"A4000000103C4153","DS1925",2026-05-07 00:30:20,9,"t","r","pilot1"
"A4000000103C4153","DS1925",2026-05-07 00:35:20,9,"t","r","pilot1"
"A4000000103C4153","DS1925",2026-05-07 00:40:20,9,"t","r","pilot1"
"A4000000103C4153","DS1925",2026-05-07 00:45:20,9,"t","r","pilot1"
"A4000000103C4153","DS1925",2026-05-07 00:50:20,9,"t","r","pilot1"
"A4000000103C4153","DS1925",2026-05-07 00:55:20,9,"t","r","pilot1"
"A4000000103C4153","DS1925",2026-05-07 01:00:20,9,"t","r","pilot1"
"A4000000103C4153","DS1925",2026-05-07 01:05:20,9,"t","r","pilot1"
"A4000000103C4153","DS1925",2026-05-07 01:10:20,8.5,"t","r","pilot1"
"A4000000103C4153","DS1925",2026-05-07 01:15:20,8.5,"t","r","pilot1"
"A4000000103C4153","DS1925",2026-05-07 01:20:20,8.5,"t","r","pilot1"
"A4000000103C4153","DS1925",2026-05-07 01:25:20,8.5,"t","r","pilot1"
"A4000000103C4153","DS1925",2026-05-07 01:30:20,8.5,"t","r","pilot1"
"A4000000103C4153","DS1925",2026-05-07 01:35:20,8.5,"t","r","pilot1"
"A4000000103C4153","DS1925",2026-05-07 01:40:20,8.5,"t","r","pilot1"
"A4000000103C4153","DS1925",2026-05-07 01:45:20,8,"t","r","pilot1"
"A4000000103C4153","DS1925",2026-05-07 01:50:20,8,"t","r","pilot1"
"A4000000103C4153","DS1925",2026-05-07 01:55:20,8,"t","r","pilot1"
"A4000000103C4153","DS1925",2026-05-07 02:00:20,8,"t","r","pilot1"
"A4000000103C4153","DS1925",2026-05-07 02:05:20,8,"t","r","pilot1"
"A4000000103C4153","DS1925",2026-05-07 02:10:20,8,"t","r","pilot1"
"A4000000103C4153","DS1925",2026-05-07 02:15:20,8,"t","r","pilot1"
"A4000000103C4153","DS1925",2026-05-07 02:20:20,7.5,"t","r","pilot1"
"A4000000103C4153","DS1925",2026-05-07 02:25:20,7.5,"t","r","pilot1"
"A4000000103C4153","DS1925",2026-05-07 02:30:20,7.5,"t","r","pilot1"
"A4000000103C4153","DS1925",2026-05-07 02:35:20,7.5,"t","r","pilot1"
"A4000000103C4153","DS1925",2026-05-07 02:40:20,7.5,"t","r","pilot1"
"A4000000103C4153","DS1925",2026-05-07 02:45:20,7.5,"t","r","pilot1"
"A4000000103C4153","DS1925",2026-05-07 02:50:20,7.5,"t","r","pilot1"
"A4000000103C4153","DS1925",2026-05-07 02:55:20,7,"t","r","pilot1"
"A4000000103C4153","DS1925",2026-05-07 03:00:20,7,"t","r","pilot1"
"A4000000103C4153","DS1925",2026-05-07 03:05:20,7,"t","r","pilot1"
"A4000000103C4153","DS1925",2026-05-07 03:10:20,7,"t","r","pilot1"
"A4000000103C4153","DS1925",2026-05-07 03:15:20,7,"t","r","pilot1"
"A4000000103C4153","DS1925",2026-05-07 03:20:20,7,"t","r","pilot1"
"A4000000103C4153","DS1925",2026-05-07 03:25:20,7,"t","r","pilot1"
"A4000000103C4153","DS1925",2026-05-07 03:30:20,6.5,"t","r","pilot1"
"A4000000103C4153","DS1925",2026-05-07 03:35:20,6.5,"t","r","pilot1"
"A4000000103C4153","DS1925",2026-05-07 03:40:20,6.5,"t","r","pilot1"
"A4000000103C4153","DS1925",2026-05-07 03:45:20,6.5,"t","r","pilot1"
"A4000000103C4153","DS1925",2026-05-07 03:50:20,6.5,"t","r","pilot1"
"A4000000103C4153","DS1925",2026-05-07 03:55:20,6.5,"t","r","pilot1"
"A4000000103C4153","DS1925",2026-05-07 04:00:20,6.5,"t","r","pilot1"
"A4000000103C4153","DS1925",2026-05-07 04:05:20,6.5,"t","r","pilot1"
"A4000000103C4153","DS1925",2026-05-07 04:10:20,6.5,"t","r","pilot1"
"A4000000103C4153","DS1925",2026-05-07 04:15:20,6.5,"t","r","pilot1"
"A4000000103C4153","DS1925",2026-05-07 04:20:20,6.5,"t","r","pilot1"
"A4000000103C4153","DS1925",2026-05-07 04:25:20,6,"t","r","pilot1"
"A4000000103C4153","DS1925",2026-05-07 04:30:20,6,"t","r","pilot1"
"A4000000103C4153","DS1925",2026-05-07 04:35:20,6,"t","r","pilot1"
"A4000000103C4153","DS1925",2026-05-07 04:40:20,6,"t","r","pilot1"
"A4000000103C4153","DS1925",2026-05-07 04:45:20,6,"t","r","pilot1"
"A4000000103C4153","DS1925",2026-05-07 04:50:20,6,"t","r","pilot1"
"A4000000103C4153","DS1925",2026-05-07 04:55:20,6,"t","r","pilot1"
"A4000000103C4153","DS1925",2026-05-07 05:00:20,6,"t","r","pilot1"
"A4000000103C4153","DS1925",2026-05-07 05:05:20,6,"t","r","pilot1"
"A4000000103C4153","DS1925",2026-05-07 05:10:20,5.5,"t","r","pilot1"
"A4000000103C4153","DS1925",2026-05-07 05:15:20,5.5,"t","r","pilot1"
"A4000000103C4153","DS1925",2026-05-07 05:20:20,5.5,"t","r","pilot1"
"A4000000103C4153","DS1925",2026-05-07 05:25:20,5.5,"t","r","pilot1"
"A4000000103C4153","DS1925",2026-05-07 05:30:20,5.5,"t","r","pilot1"
"A4000000103C4153","DS1925",2026-05-07 05:35:20,5.5,"t","r","pilot1"
"A4000000103C4153","DS1925",2026-05-07 05:40:20,5,"t","r","pilot1"
"A4000000103C4153","DS1925",2026-05-07 05:45:20,5,"t","r","pilot1"
"A4000000103C4153","DS1925",2026-05-07 05:50:20,5,"t","r","pilot1"
"A4000000103C4153","DS1925",2026-05-07 05:55:20,5,"t","r","pilot1"
"A4000000103C4153","DS1925",2026-05-07 06:00:20,5,"t","r","pilot1"
"A4000000103C4153","DS1925",2026-05-07 06:05:20,5,"t","r","pilot1"
"A4000000103C4153","DS1925",2026-05-07 06:10:20,5,"t","r","pilot1"
"A4000000103C4153","DS1925",2026-05-07 06:15:20,4.5,"t","r","pilot1"
"A4000000103C4153","DS1925",2026-05-07 06:20:20,4.5,"t","r","pilot1"
"A4000000103C4153","DS1925",2026-05-07 06:25:20,4.5,"t","r","pilot1"
"A4000000103C4153","DS1925",2026-05-07 06:30:20,5,"t","r","pilot1"
"A4000000103C4153","DS1925",2026-05-07 06:35:20,5,"t","r","pilot1"
"A4000000103C4153","DS1925",2026-05-07 06:40:20,5,"t","r","pilot1"
"A4000000103C4153","DS1925",2026-05-07 06:45:20,5,"t","r","pilot1"
"A4000000103C4153","DS1925",2026-05-07 06:50:20,5,"t","r","pilot1"
"A4000000103C4153","DS1925",2026-05-07 06:55:20,5,"t","r","pilot1"
"A4000000103C4153","DS1925",2026-05-07 07:00:20,5,"t","r","pilot1"
"A4000000103C4153","DS1925",2026-05-07 07:05:20,5,"t","r","pilot1"
"A4000000103C4153","DS1925",2026-05-07 07:10:20,5,"t","r","pilot1"
"A4000000103C4153","DS1925",2026-05-07 07:15:20,5,"t","r","pilot1"
"A4000000103C4153","DS1925",2026-05-07 07:20:20,5,"t","r","pilot1"
"A4000000103C4153","DS1925",2026-05-07 07:25:20,5.5,"t","r","pilot1"
"A4000000103C4153","DS1925",2026-05-07 07:30:20,5.5,"t","r","pilot1"
"A4000000103C4153","DS1925",2026-05-07 07:35:20,5.5,"t","r","pilot1"
"A4000000103C4153","DS1925",2026-05-07 07:40:20,5.5,"t","r","pilot1"
"A4000000103C4153","DS1925",2026-05-07 07:45:20,5.5,"t","r","pilot1"
"A4000000103C4153","DS1925",2026-05-07 07:50:20,5.5,"t","r","pilot1"
"A4000000103C4153","DS1925",2026-05-07 07:55:20,5.5,"t","r","pilot1"
"A4000000103C4153","DS1925",2026-05-07 08:00:20,5.5,"t","r","pilot1"
"A4000000103C4153","DS1925",2026-05-07 08:05:20,5.5,"t","r","pilot1"
"A4000000103C4153","DS1925",2026-05-07 08:10:20,5.5,"t","r","pilot1"
"A4000000103C4153","DS1925",2026-05-07 08:15:20,5.5,"t","r","pilot1"
"A4000000103C4153","DS1925",2026-05-07 08:20:20,6,"t","r","pilot1"
"A4000000103C4153","DS1925",2026-05-07 08:25:20,6,"t","r","pilot1"
"A4000000103C4153","DS1925",2026-05-07 08:30:20,6,"t","r","pilot1"
"A4000000103C4153","DS1925",2026-05-07 08:35:20,6,"t","r","pilot1"
"A4000000103C4153","DS1925",2026-05-07 08:40:20,6.5,"t","r","pilot1"
"A4000000103C4153","DS1925",2026-05-07 08:45:20,6.5,"t","r","pilot1"
"A4000000103C4153","DS1925",2026-05-07 08:50:20,6.5,"t","r","pilot1"
"A4000000103C4153","DS1925",2026-05-07 08:55:20,7,"t","r","pilot1"
"A4000000103C4153","DS1925",2026-05-07 09:00:20,7,"t","r","pilot1"
"A4000000103C4153","DS1925",2026-05-07 09:05:20,7,"t","r","pilot1"
"A4000000103C4153","DS1925",2026-05-07 09:10:20,7,"t","r","pilot1"
"A4000000103C4153","DS1925",2026-05-07 09:15:20,7.5,"t","r","pilot1"
"A4000000103C4153","DS1925",2026-05-07 09:20:20,7.5,"t","r","pilot1"
"A4000000103C4153","DS1925",2026-05-07 09:25:20,8,"t","r","pilot1"
"A4000000103C4153","DS1925",2026-05-07 09:30:20,8,"t","r","pilot1"
"A4000000103C4153","DS1925",2026-05-07 09:35:20,8.5,"t","r","pilot1"
"A4000000103C4153","DS1925",2026-05-07 09:40:20,8.5,"t","r","pilot1"
"A4000000103C4153","DS1925",2026-05-07 09:45:20,9,"t","r","pilot1"
"A4000000103C4153","DS1925",2026-05-07 09:50:20,9.5,"t","r","pilot1"
"A4000000103C4153","DS1925",2026-05-07 09:55:20,9.5,"t","r","pilot1"
"A4000000103C4153","DS1925",2026-05-07 10:00:20,10,"t","r","pilot1"
"A4000000103C4153","DS1925",2026-05-07 10:05:20,10.5,"t","r","pilot1"
"A4000000103C4153","DS1925",2026-05-07 10:10:20,10.5,"t","r","pilot1"
"A4000000103C4153","DS1925",2026-05-07 10:15:20,11,"t","r","pilot1"
"A4000000103C4153","DS1925",2026-05-07 10:20:20,11,"t","r","pilot1"
"A4000000103C4153","DS1925",2026-05-07 10:25:20,11.5,"t","r","pilot1"
"A4000000103C4153","DS1925",2026-05-07 10:30:20,11.5,"t","r","pilot1"
"A4000000103C4153","DS1925",2026-05-07 10:35:20,12,"t","r","pilot1"
"A4000000103C4153","DS1925",2026-05-07 10:40:20,12,"t","r","pilot1"
"A4000000103C4153","DS1925",2026-05-07 10:45:20,12,"t","r","pilot1"
"A4000000103C4153","DS1925",2026-05-07 10:50:20,12,"t","r","pilot1"
"A4000000103C4153","DS1925",2026-05-07 10:55:20,12,"t","r","pilot1"
"A4000000103C4153","DS1925",2026-05-07 11:00:20,12,"t","r","pilot1"
"A4000000103C4153","DS1925",2026-05-07 11:05:20,12.5,"t","r","pilot1"
"A4000000103C4153","DS1925",2026-05-07 11:10:20,12.5,"t","r","pilot1"
"A4000000103C4153","DS1925",2026-05-07 11:15:20,13,"t","r","pilot1"
"A4000000103C4153","DS1925",2026-05-07 11:20:20,13,"t","r","pilot1"
"A4000000103C4153","DS1925",2026-05-07 11:25:20,13,"t","r","pilot1"
"A4000000103C4153","DS1925",2026-05-07 11:30:20,13,"t","r","pilot1"
"A4000000103C4153","DS1925",2026-05-07 11:35:20,13.5,"t","r","pilot1"
"A4000000103C4153","DS1925",2026-05-07 11:40:20,14,"t","r","pilot1"
"A4000000103C4153","DS1925",2026-05-07 11:45:20,14,"t","r","pilot1"
"A4000000103C4153","DS1925",2026-05-07 11:50:20,14.5,"t","r","pilot1"
"A4000000103C4153","DS1925",2026-05-07 11:55:20,15,"t","r","pilot1"
"A4000000103C4153","DS1925",2026-05-07 12:00:20,15,"t","r","pilot1"
"A4000000103C4153","DS1925",2026-05-07 12:05:20,15.5,"t","r","pilot1"
"A4000000103C4153","DS1925",2026-05-07 12:10:20,16,"t","r","pilot1"
"A4000000103C4153","DS1925",2026-05-07 12:15:20,16.5,"t","r","pilot1"
"A4000000103C4153","DS1925",2026-05-07 12:20:20,16.5,"t","r","pilot1"
"A4000000103C4153","DS1925",2026-05-07 12:25:20,16.5,"t","r","pilot1"
"A4000000103C4153","DS1925",2026-05-07 12:30:20,16.5,"t","r","pilot1"
"A4000000103C4153","DS1925",2026-05-07 12:35:20,16.5,"t","r","pilot1"
"A4000000103C4153","DS1925",2026-05-07 12:40:20,16.5,"t","r","pilot1"
"A4000000103C4153","DS1925",2026-05-07 12:45:20,16.5,"t","r","pilot1"
"A4000000103C4153","DS1925",2026-05-07 12:50:20,16.5,"t","r","pilot1"
"A4000000103C4153","DS1925",2026-05-07 12:55:20,17,"t","r","pilot1"
"A4000000103C4153","DS1925",2026-05-07 13:00:20,17,"t","r","pilot1"
"A4000000103C4153","DS1925",2026-05-07 13:05:20,17,"t","r","pilot1"
"A4000000103C4153","DS1925",2026-05-07 13:10:20,17.5,"t","r","pilot1"
"A4000000103C4153","DS1925",2026-05-07 13:15:20,17.5,"t","r","pilot1"
"A4000000103C4153","DS1925",2026-05-07 13:20:20,18,"t","r","pilot1"
"A4000000103C4153","DS1925",2026-05-07 13:25:20,18,"t","r","pilot1"
"A4000000103C4153","DS1925",2026-05-07 13:30:20,18.5,"t","r","pilot1"
"A4000000103C4153","DS1925",2026-05-07 13:35:20,18.5,"t","r","pilot1"
"A4000000103C4153","DS1925",2026-05-07 13:40:20,19,"t","r","pilot1"
"A4000000103C4153","DS1925",2026-05-07 13:45:20,19,"t","r","pilot1"
"A4000000103C4153","DS1925",2026-05-07 13:50:20,19,"t","r","pilot1"
"A4000000103C4153","DS1925",2026-05-07 13:55:20,19.5,"t","r","pilot1"
"A4000000103C4153","DS1925",2026-05-07 14:00:20,19.5,"t","r","pilot1"
"A4000000103C4153","DS1925",2026-05-07 14:05:20,19,"t","r","pilot1"
"A4000000103C4153","DS1925",2026-05-07 14:10:20,19,"t","r","pilot1"
"A4000000103C4153","DS1925",2026-05-07 14:15:20,19.5,"t","r","pilot1"
"A4000000103C4153","DS1925",2026-05-07 14:20:20,19,"t","r","pilot1"
"A4000000103C4153","DS1925",2026-05-07 14:25:20,19,"t","r","pilot1"
"A4000000103C4153","DS1925",2026-05-07 14:30:20,19,"t","r","pilot1"
"A4000000103C4153","DS1925",2026-05-07 14:35:20,19,"t","r","pilot1"
"A4000000103C4153","DS1925",2026-05-07 14:40:20,19,"t","r","pilot1"
"A4000000103C4153","DS1925",2026-05-07 14:45:20,19,"t","r","pilot1"
"A4000000103C4153","DS1925",2026-05-07 14:50:20,19,"t","r","pilot1"
"A4000000103C4153","DS1925",2026-05-07 14:55:20,19,"t","r","pilot1"
"A4000000103C4153","DS1925",2026-05-07 15:00:20,19,"t","r","pilot1"
"A4000000103C4153","DS1925",2026-05-07 15:05:20,19,"t","r","pilot1"
"A4000000103C4153","DS1925",2026-05-07 15:10:20,19,"t","r","pilot1"
"A4000000103C4153","DS1925",2026-05-07 15:15:20,19.5,"t","r","pilot1"
"A4000000103C4153","DS1925",2026-05-07 15:20:20,20,"t","r","pilot1"
"A4000000103C4153","DS1925",2026-05-07 15:25:20,20,"t","r","pilot1"
"A4000000103C4153","DS1925",2026-05-07 15:30:20,20.5,"t","r","pilot1"
"A4000000103C4153","DS1925",2026-05-07 15:35:20,20.5,"t","r","pilot1"
"A4000000103C4153","DS1925",2026-05-07 15:40:20,20.5,"t","r","pilot1"
"A4000000103C4153","DS1925",2026-05-07 15:45:20,20.5,"t","r","pilot1"
"A4000000103C4153","DS1925",2026-05-07 15:50:20,20.5,"t","r","pilot1"
"A4000000103C4153","DS1925",2026-05-07 15:55:20,20.5,"t","r","pilot1"
"A4000000103C4153","DS1925",2026-05-07 16:00:20,20.5,"t","r","pilot1"
"A4000000103C4153","DS1925",2026-05-07 16:05:20,20.5,"t","r","pilot1"
"A4000000103C4153","DS1925",2026-05-07 16:10:20,20.5,"t","r","pilot1"
"A4000000103C4153","DS1925",2026-05-07 16:15:20,20.5,"t","r","pilot1"
"A4000000103C4153","DS1925",2026-05-07 16:20:20,20.5,"t","r","pilot1"
"A4000000103C4153","DS1925",2026-05-07 16:25:20,21,"t","r","pilot1"
"A4000000103C4153","DS1925",2026-05-07 16:30:20,21,"t","r","pilot1"
"A4000000103C4153","DS1925",2026-05-07 16:35:20,21,"t","r","pilot1"
"A4000000103C4153","DS1925",2026-05-07 16:40:20,21,"t","r","pilot1"
"A4000000103C4153","DS1925",2026-05-07 16:45:20,21,"t","r","pilot1"
"A4000000103C4153","DS1925",2026-05-07 16:50:20,21,"t","r","pilot1"
"A4000000103C4153","DS1925",2026-05-07 16:55:20,20.5,"t","r","pilot1"
"A4000000103C4153","DS1925",2026-05-07 17:00:20,20.5,"t","r","pilot1"
"A4000000103C4153","DS1925",2026-05-07 17:05:20,20,"t","r","pilot1"
"A4000000103C4153","DS1925",2026-05-07 17:10:20,20,"t","r","pilot1"
"A4000000103C4153","DS1925",2026-05-07 17:15:20,20,"t","r","pilot1"
"A4000000103C4153","DS1925",2026-05-07 17:20:20,19.5,"t","r","pilot1"
"A4000000103C4153","DS1925",2026-05-07 17:25:20,19.5,"t","r","pilot1"
"A4000000103C4153","DS1925",2026-05-07 17:30:20,19,"t","r","pilot1"
"A4000000103C4153","DS1925",2026-05-07 17:35:20,19,"t","r","pilot1"
"A4000000103C4153","DS1925",2026-05-07 17:40:20,18.5,"t","r","pilot1"
"A4000000103C4153","DS1925",2026-05-07 17:45:20,18,"t","r","pilot1"
"A4000000103C4153","DS1925",2026-05-07 17:50:20,18,"t","r","pilot1"
"A4000000103C4153","DS1925",2026-05-07 17:55:20,17.5,"t","r","pilot1"
"A4000000103C4153","DS1925",2026-05-07 18:00:20,17.5,"t","r","pilot1"
"A4000000103C4153","DS1925",2026-05-07 18:05:20,17,"t","r","pilot1"
"A4000000103C4153","DS1925",2026-05-07 18:10:20,16.5,"t","r","pilot1"
"A4000000103C4153","DS1925",2026-05-07 18:15:20,16.5,"t","r","pilot1"
"A4000000103C4153","DS1925",2026-05-07 18:20:20,16,"t","r","pilot1"
"A4000000103C4153","DS1925",2026-05-07 18:25:20,16,"t","r","pilot1"
"A4000000103C4153","DS1925",2026-05-07 18:30:20,15.5,"t","r","pilot1"
"A4000000103C4153","DS1925",2026-05-07 18:35:20,15.5,"t","r","pilot1"
"A4000000103C4153","DS1925",2026-05-07 18:40:20,15,"t","r","pilot1"
"A4000000103C4153","DS1925",2026-05-07 18:45:20,15,"t","r","pilot1"
"A4000000103C4153","DS1925",2026-05-07 18:50:20,15,"t","r","pilot1"
"A4000000103C4153","DS1925",2026-05-07 18:55:20,14.5,"t","r","pilot1"
"A4000000103C4153","DS1925",2026-05-07 19:00:20,14.5,"t","r","pilot1"
"A4000000103C4153","DS1925",2026-05-07 19:05:20,14,"t","r","pilot1"
"A4000000103C4153","DS1925",2026-05-07 19:10:20,14,"t","r","pilot1"
"A4000000103C4153","DS1925",2026-05-07 19:15:20,14,"t","r","pilot1"
"A4000000103C4153","DS1925",2026-05-07 19:20:20,14,"t","r","pilot1"
"A4000000103C4153","DS1925",2026-05-07 19:25:20,13.5,"t","r","pilot1"
"A4000000103C4153","DS1925",2026-05-07 19:30:20,13.5,"t","r","pilot1"
"A4000000103C4153","DS1925",2026-05-07 19:35:20,13.5,"t","r","pilot1"
"A4000000103C4153","DS1925",2026-05-07 19:40:20,13.5,"t","r","pilot1"
"A4000000103C4153","DS1925",2026-05-07 19:45:20,13,"t","r","pilot1"
"A4000000103C4153","DS1925",2026-05-07 19:50:20,13,"t","r","pilot1"
"A4000000103C4153","DS1925",2026-05-07 19:55:20,13,"t","r","pilot1"
"A4000000103C4153","DS1925",2026-05-07 20:00:20,13,"t","r","pilot1"
"A4000000103C4153","DS1925",2026-05-07 20:05:20,12.5,"t","r","pilot1"
"A4000000103C4153","DS1925",2026-05-07 20:10:20,12.5,"t","r","pilot1"
"A4000000103C4153","DS1925",2026-05-07 20:15:20,12.5,"t","r","pilot1"
"A4000000103C4153","DS1925",2026-05-07 20:20:20,12,"t","r","pilot1"
"A4000000103C4153","DS1925",2026-05-07 20:25:20,12,"t","r","pilot1"
"A4000000103C4153","DS1925",2026-05-07 20:30:20,12,"t","r","pilot1"
"A4000000103C4153","DS1925",2026-05-07 20:35:20,12,"t","r","pilot1"
"A4000000103C4153","DS1925",2026-05-07 20:40:20,11.5,"t","r","pilot1"
"A4000000103C4153","DS1925",2026-05-07 20:45:20,11.5,"t","r","pilot1"
"A4000000103C4153","DS1925",2026-05-07 20:50:20,11.5,"t","r","pilot1"
"A4000000103C4153","DS1925",2026-05-07 20:55:20,11.5,"t","r","pilot1"
"A4000000103C4153","DS1925",2026-05-07 21:00:20,11,"t","r","pilot1"
"A4000000103C4153","DS1925",2026-05-07 21:05:20,11,"t","r","pilot1"
"A4000000103C4153","DS1925",2026-05-07 21:10:20,11,"t","r","pilot1"
"A4000000103C4153","DS1925",2026-05-07 21:15:20,11,"t","r","pilot1"
"A4000000103C4153","DS1925",2026-05-07 21:20:20,10.5,"t","r","pilot1"
"A4000000103C4153","DS1925",2026-05-07 21:25:20,10.5,"t","r","pilot1"
"A4000000103C4153","DS1925",2026-05-07 21:30:20,10.5,"t","r","pilot1"
"A4000000103C4153","DS1925",2026-05-07 21:35:20,10.5,"t","r","pilot1"
"A4000000103C4153","DS1925",2026-05-07 21:40:20,10,"t","r","pilot1"
"A4000000103C4153","DS1925",2026-05-07 21:45:20,10,"t","r","pilot1"
"A4000000103C4153","DS1925",2026-05-07 21:50:20,10,"t","r","pilot1"
"A4000000103C4153","DS1925",2026-05-07 21:55:20,10,"t","r","pilot1"
"A4000000103C4153","DS1925",2026-05-07 22:00:20,10,"t","r","pilot1"
"A4000000103C4153","DS1925",2026-05-07 22:05:20,9.5,"t","r","pilot1"
"A4000000103C4153","DS1925",2026-05-07 22:10:20,9.5,"t","r","pilot1"
"A4000000103C4153","DS1925",2026-05-07 22:15:20,9.5,"t","r","pilot1"
"A4000000103C4153","DS1925",2026-05-07 22:20:20,9.5,"t","r","pilot1"
"A4000000103C4153","DS1925",2026-05-07 22:25:20,9,"t","r","pilot1"
"A4000000103C4153","DS1925",2026-05-07 22:30:20,9,"t","r","pilot1"
"A4000000103C4153","DS1925",2026-05-07 22:35:20,9,"t","r","pilot1"
"A4000000103C4153","DS1925",2026-05-07 22:40:20,9,"t","r","pilot1"
"A4000000103C4153","DS1925",2026-05-07 22:45:20,8.5,"t","r","pilot1"
"A4000000103C4153","DS1925",2026-05-07 22:50:20,8.5,"t","r","pilot1"
"A4000000103C4153","DS1925",2026-05-07 22:55:20,8.5,"t","r","pilot1"
"A4000000103C4153","DS1925",2026-05-07 23:00:20,8.5,"t","r","pilot1"
"A4000000103C4153","DS1925",2026-05-07 23:05:20,8.5,"t","r","pilot1"
"A4000000103C4153","DS1925",2026-05-07 23:10:20,8.5,"t","r","pilot1"
"A4000000103C4153","DS1925",2026-05-07 23:15:20,8,"t","r","pilot1"
"A4000000103C4153","DS1925",2026-05-07 23:20:20,8,"t","r","pilot1"
"A4000000103C4153","DS1925",2026-05-07 23:25:20,8,"t","r","pilot1"
"A4000000103C4153","DS1925",2026-05-07 23:30:20,8,"t","r","pilot1"
"A4000000103C4153","DS1925",2026-05-07 23:35:20,8,"t","r","pilot1"
"A4000000103C4153","DS1925",2026-05-07 23:40:20,7.5,"t","r","pilot1"
"A4000000103C4153","DS1925",2026-05-07 23:45:20,7.5,"t","r","pilot1"
"A4000000103C4153","DS1925",2026-05-07 23:50:20,7.5,"t","r","pilot1"
"A4000000103C4153","DS1925",2026-05-07 23:55:20,7.5,"t","r","pilot1"
"A4000000103C4153","DS1925",2026-05-08 00:00:20,7.5,"t","r","pilot1"
"A4000000103C4153","DS1925",2026-05-08 00:05:20,7.5,"t","r","pilot1"
"A4000000103C4153","DS1925",2026-05-08 00:10:20,7.5,"t","r","pilot1"
"A4000000103C4153","DS1925",2026-05-08 00:15:20,7,"t","r","pilot1"
"A4000000103C4153","DS1925",2026-05-08 00:20:20,7.5,"t","r","pilot1"
"A4000000103C4153","DS1925",2026-05-08 00:25:20,7,"t","r","pilot1"
"A4000000103C4153","DS1925",2026-05-08 00:30:20,7,"t","r","pilot1"
"A4000000103C4153","DS1925",2026-05-08 00:35:20,7,"t","r","pilot1"
"A4000000103C4153","DS1925",2026-05-08 00:40:20,7,"t","r","pilot1"
"A4000000103C4153","DS1925",2026-05-08 00:45:20,7,"t","r","pilot1"
"A4000000103C4153","DS1925",2026-05-08 00:50:20,7,"t","r","pilot1"
"A4000000103C4153","DS1925",2026-05-08 00:55:20,7,"t","r","pilot1"
"A4000000103C4153","DS1925",2026-05-08 01:00:20,7,"t","r","pilot1"
"A4000000103C4153","DS1925",2026-05-08 01:05:20,7,"t","r","pilot1"
"A4000000103C4153","DS1925",2026-05-08 01:10:20,7,"t","r","pilot1"
"A4000000103C4153","DS1925",2026-05-08 01:15:20,7,"t","r","pilot1"
"A4000000103C4153","DS1925",2026-05-08 01:20:20,7,"t","r","pilot1"
"A4000000103C4153","DS1925",2026-05-08 01:25:20,7,"t","r","pilot1"
"A4000000103C4153","DS1925",2026-05-08 01:30:20,7,"t","r","pilot1"
"A4000000103C4153","DS1925",2026-05-08 01:35:20,7,"t","r","pilot1"
"A4000000103C4153","DS1925",2026-05-08 01:40:20,7,"t","r","pilot1"
"A4000000103C4153","DS1925",2026-05-08 01:45:20,7,"t","r","pilot1"
"A4000000103C4153","DS1925",2026-05-08 01:50:20,7,"t","r","pilot1"
"A4000000103C4153","DS1925",2026-05-08 01:55:20,7,"t","r","pilot1"
"A4000000103C4153","DS1925",2026-05-08 02:00:20,7,"t","r","pilot1"
"A4000000103C4153","DS1925",2026-05-08 02:05:20,7,"t","r","pilot1"
"A4000000103C4153","DS1925",2026-05-08 02:10:20,7,"t","r","pilot1"
"A4000000103C4153","DS1925",2026-05-08 02:15:20,7,"t","r","pilot1"
"A4000000103C4153","DS1925",2026-05-08 02:20:20,7,"t","r","pilot1"
"A4000000103C4153","DS1925",2026-05-08 02:25:20,7,"t","r","pilot1"
"A4000000103C4153","DS1925",2026-05-08 02:30:20,7,"t","r","pilot1"
"A4000000103C4153","DS1925",2026-05-08 02:35:20,7,"t","r","pilot1"
"A4000000103C4153","DS1925",2026-05-08 02:40:20,7,"t","r","pilot1"
"A4000000103C4153","DS1925",2026-05-08 02:45:20,7,"t","r","pilot1"
"A4000000103C4153","DS1925",2026-05-08 02:50:20,7,"t","r","pilot1"
"A4000000103C4153","DS1925",2026-05-08 02:55:20,7,"t","r","pilot1"
"A4000000103C4153","DS1925",2026-05-08 03:00:20,7,"t","r","pilot1"
"A4000000103C4153","DS1925",2026-05-08 03:05:20,6.5,"t","r","pilot1"
"A4000000103C4153","DS1925",2026-05-08 03:10:20,6.5,"t","r","pilot1"
"A4000000103C4153","DS1925",2026-05-08 03:15:20,6.5,"t","r","pilot1"
"A4000000103C4153","DS1925",2026-05-08 03:20:20,6.5,"t","r","pilot1"
"A4000000103C4153","DS1925",2026-05-08 03:25:20,6.5,"t","r","pilot1"
"A4000000103C4153","DS1925",2026-05-08 03:30:20,6.5,"t","r","pilot1"
"A4000000103C4153","DS1925",2026-05-08 03:35:20,6.5,"t","r","pilot1"
"A4000000103C4153","DS1925",2026-05-08 03:40:20,6.5,"t","r","pilot1"
"A4000000103C4153","DS1925",2026-05-08 03:45:20,6.5,"t","r","pilot1"
"A4000000103C4153","DS1925",2026-05-08 03:50:20,6.5,"t","r","pilot1"
"A4000000103C4153","DS1925",2026-05-08 03:55:20,6.5,"t","r","pilot1"
"A4000000103C4153","DS1925",2026-05-08 04:00:20,6.5,"t","r","pilot1"
"A4000000103C4153","DS1925",2026-05-08 04:05:20,6.5,"t","r","pilot1"
"A4000000103C4153","DS1925",2026-05-08 04:10:20,6.5,"t","r","pilot1"
"A4000000103C4153","DS1925",2026-05-08 04:15:20,6.5,"t","r","pilot1"
"A4000000103C4153","DS1925",2026-05-08 04:20:20,6.5,"t","r","pilot1"
"A4000000103C4153","DS1925",2026-05-08 04:25:20,6.5,"t","r","pilot1"
"A4000000103C4153","DS1925",2026-05-08 04:30:20,6.5,"t","r","pilot1"
"A4000000103C4153","DS1925",2026-05-08 04:35:20,6.5,"t","r","pilot1"
"A4000000103C4153","DS1925",2026-05-08 04:40:20,6,"t","r","pilot1"
"A4000000103C4153","DS1925",2026-05-08 04:45:20,6,"t","r","pilot1"
"A4000000103C4153","DS1925",2026-05-08 04:50:20,6,"t","r","pilot1"
"A4000000103C4153","DS1925",2026-05-08 04:55:20,6,"t","r","pilot1"
"A4000000103C4153","DS1925",2026-05-08 05:00:20,6,"t","r","pilot1"
"A4000000103C4153","DS1925",2026-05-08 05:05:20,6,"t","r","pilot1"
"A4000000103C4153","DS1925",2026-05-08 05:10:20,6,"t","r","pilot1"
"A4000000103C4153","DS1925",2026-05-08 05:15:20,6,"t","r","pilot1"
"A4000000103C4153","DS1925",2026-05-08 05:20:20,6,"t","r","pilot1"
"A4000000103C4153","DS1925",2026-05-08 05:25:20,6,"t","r","pilot1"
"A4000000103C4153","DS1925",2026-05-08 05:30:20,6,"t","r","pilot1"
"A4000000103C4153","DS1925",2026-05-08 05:35:20,6,"t","r","pilot1"
"A4000000103C4153","DS1925",2026-05-08 05:40:20,6,"t","r","pilot1"
"A4000000103C4153","DS1925",2026-05-08 05:45:20,6,"t","r","pilot1"
"A4000000103C4153","DS1925",2026-05-08 05:50:20,6,"t","r","pilot1"
"A4000000103C4153","DS1925",2026-05-08 05:55:20,6,"t","r","pilot1"
"A4000000103C4153","DS1925",2026-05-08 06:00:20,6,"t","r","pilot1"
"A4000000103C4153","DS1925",2026-05-08 06:05:20,6,"t","r","pilot1"
"A4000000103C4153","DS1925",2026-05-08 06:10:20,6,"t","r","pilot1"
"A4000000103C4153","DS1925",2026-05-08 06:15:20,6,"t","r","pilot1"
"A4000000103C4153","DS1925",2026-05-08 06:20:20,6,"t","r","pilot1"
"A4000000103C4153","DS1925",2026-05-08 06:25:20,6,"t","r","pilot1"
"A4000000103C4153","DS1925",2026-05-08 06:30:20,6,"t","r","pilot1"
"A4000000103C4153","DS1925",2026-05-08 06:35:20,6,"t","r","pilot1"
"A4000000103C4153","DS1925",2026-05-08 06:40:20,6,"t","r","pilot1"
"A4000000103C4153","DS1925",2026-05-08 06:45:20,6,"t","r","pilot1"
"A4000000103C4153","DS1925",2026-05-08 06:50:20,6,"t","r","pilot1"
"A4000000103C4153","DS1925",2026-05-08 06:55:20,6,"t","r","pilot1"
"A4000000103C4153","DS1925",2026-05-08 07:00:20,6,"t","r","pilot1"
"A4000000103C4153","DS1925",2026-05-08 07:05:20,6,"t","r","pilot1"
"A4000000103C4153","DS1925",2026-05-08 07:10:20,6,"t","r","pilot1"
"A4000000103C4153","DS1925",2026-05-08 07:15:20,6,"t","r","pilot1"
"A4000000103C4153","DS1925",2026-05-08 07:20:20,6,"t","r","pilot1"
"A4000000103C4153","DS1925",2026-05-08 07:25:20,6,"t","r","pilot1"
"A4000000103C4153","DS1925",2026-05-08 07:30:20,6.5,"t","r","pilot1"
"A4000000103C4153","DS1925",2026-05-08 07:35:20,6.5,"t","r","pilot1"
"A4000000103C4153","DS1925",2026-05-08 07:40:20,6.5,"t","r","pilot1"
"A4000000103C4153","DS1925",2026-05-08 07:45:20,6.5,"t","r","pilot1"
"A4000000103C4153","DS1925",2026-05-08 07:50:20,6.5,"t","r","pilot1"
"A4000000103C4153","DS1925",2026-05-08 07:55:20,6.5,"t","r","pilot1"
"A4000000103C4153","DS1925",2026-05-08 08:00:20,6.5,"t","r","pilot1"
"A4000000103C4153","DS1925",2026-05-08 08:05:20,6.5,"t","r","pilot1"
"A4000000103C4153","DS1925",2026-05-08 08:10:20,7,"t","r","pilot1"
"A4000000103C4153","DS1925",2026-05-08 08:15:20,7,"t","r","pilot1"
"A4000000103C4153","DS1925",2026-05-08 08:20:20,7,"t","r","pilot1"
"A4000000103C4153","DS1925",2026-05-08 08:25:20,7,"t","r","pilot1"
"A4000000103C4153","DS1925",2026-05-08 08:30:20,7,"t","r","pilot1"
"A4000000103C4153","DS1925",2026-05-08 08:35:20,7.5,"t","r","pilot1"
"A4000000103C4153","DS1925",2026-05-08 08:40:20,7.5,"t","r","pilot1"
"A4000000103C4153","DS1925",2026-05-08 08:45:20,7.5,"t","r","pilot1"
"A4000000103C4153","DS1925",2026-05-08 08:50:20,7.5,"t","r","pilot1"
"A4000000103C4153","DS1925",2026-05-08 08:55:20,8,"t","r","pilot1"
"A4000000103C4153","DS1925",2026-05-08 09:00:20,8,"t","r","pilot1"
"A4000000103C4153","DS1925",2026-05-08 09:05:20,8,"t","r","pilot1"
"A4000000103C4153","DS1925",2026-05-08 09:10:20,8,"t","r","pilot1"
"A4000000103C4153","DS1925",2026-05-08 09:15:20,8.5,"t","r","pilot1"
"A4000000103C4153","DS1925",2026-05-08 09:20:20,8.5,"t","r","pilot1"
"A4000000103C4153","DS1925",2026-05-08 09:25:20,8.5,"t","r","pilot1"
"A4000000103C4153","DS1925",2026-05-08 09:30:20,9,"t","r","pilot1"
"A4000000103C4153","DS1925",2026-05-08 09:35:20,9,"t","r","pilot1"
"A4000000103C4153","DS1925",2026-05-08 09:40:20,9.5,"t","r","pilot1"
"A4000000103C4153","DS1925",2026-05-08 09:45:20,9.5,"t","r","pilot1"
"A4000000103C4153","DS1925",2026-05-08 09:50:20,10,"t","r","pilot1"
"A4000000103C4153","DS1925",2026-05-08 09:55:20,10,"t","r","pilot1"
"A4000000103C4153","DS1925",2026-05-08 10:00:20,10.5,"t","r","pilot1"
"A4000000103C4153","DS1925",2026-05-08 10:05:20,10.5,"t","r","pilot1"
"A4000000103C4153","DS1925",2026-05-08 10:10:20,11,"t","r","pilot1"
"A4000000103C4153","DS1925",2026-05-08 10:15:20,11.5,"t","r","pilot1"
"A4000000103C4153","DS1925",2026-05-08 10:20:20,11.5,"t","r","pilot1"
"A4000000103C4153","DS1925",2026-05-08 10:25:20,12,"t","r","pilot1"
"A4000000103C4153","DS1925",2026-05-08 10:30:20,12,"t","r","pilot1"
"A4000000103C4153","DS1925",2026-05-08 10:35:20,12,"t","r","pilot1"
"A4000000103C4153","DS1925",2026-05-08 10:40:20,12.5,"t","r","pilot1"
"A4000000103C4153","DS1925",2026-05-08 10:45:20,13,"t","r","pilot1"
"A4000000103C4153","DS1925",2026-05-08 10:50:20,13,"t","r","pilot1"
"A4000000103C4153","DS1925",2026-05-08 10:55:20,13.5,"t","r","pilot1"
"A4000000103C4153","DS1925",2026-05-08 11:00:20,14,"t","r","pilot1"
"A4000000103C4153","DS1925",2026-05-08 11:05:20,14.5,"t","r","pilot1"
"A4000000103C4153","DS1925",2026-05-08 11:10:20,15,"t","r","pilot1"
"A4000000103C4153","DS1925",2026-05-08 11:15:20,15.5,"t","r","pilot1"
"A4000000103C4153","DS1925",2026-05-08 11:20:20,16,"t","r","pilot1"
"A4000000103C4153","DS1925",2026-05-08 11:25:20,16,"t","r","pilot1"
"A4000000103C4153","DS1925",2026-05-08 11:30:20,16.5,"t","r","pilot1"
"A4000000103C4153","DS1925",2026-05-08 11:35:20,17,"t","r","pilot1"
"A4000000103C4153","DS1925",2026-05-08 11:40:20,17.5,"t","r","pilot1"
"A4000000103C4153","DS1925",2026-05-08 11:45:20,18,"t","r","pilot1"
"A4000000103C4153","DS1925",2026-05-08 11:50:20,18,"t","r","pilot1"
"A4000000103C4153","DS1925",2026-05-08 11:55:20,18,"t","r","pilot1"
"A4000000103C4153","DS1925",2026-05-08 12:00:20,18.5,"t","r","pilot1"
"A4000000103C4153","DS1925",2026-05-08 12:05:20,18.5,"t","r","pilot1"
"A4000000103C4153","DS1925",2026-05-08 12:10:20,18.5,"t","r","pilot1"
"A4000000103C4153","DS1925",2026-05-08 12:15:20,19,"t","r","pilot1"
"A4000000103C4153","DS1925",2026-05-08 12:20:20,19,"t","r","pilot1"
"A4000000103C4153","DS1925",2026-05-08 12:25:20,19,"t","r","pilot1"
"A4000000103C4153","DS1925",2026-05-08 12:30:20,19.5,"t","r","pilot1"
"A4000000103C4153","DS1925",2026-05-08 12:35:20,19.5,"t","r","pilot1"
"A4000000103C4153","DS1925",2026-05-08 12:40:20,19.5,"t","r","pilot1"
"A4000000103C4153","DS1925",2026-05-08 12:45:20,19.5,"t","r","pilot1"
"A4000000103C4153","DS1925",2026-05-08 12:50:20,19.5,"t","r","pilot1"
"A4000000103C4153","DS1925",2026-05-08 12:55:20,19,"t","r","pilot1"
"A4000000103C4153","DS1925",2026-05-08 13:00:20,19,"t","r","pilot1"
"A4000000103C4153","DS1925",2026-05-08 13:05:20,19,"t","r","pilot1"
"A4000000103C4153","DS1925",2026-05-08 13:10:20,19,"t","r","pilot1"
"A4000000103C4153","DS1925",2026-05-08 13:15:20,18.5,"t","r","pilot1"
"A4000000103C4153","DS1925",2026-05-08 13:20:20,18.5,"t","r","pilot1"
"A4000000103C4153","DS1925",2026-05-08 13:25:20,18.5,"t","r","pilot1"
"A4000000103C4153","DS1925",2026-05-08 13:30:20,18,"t","r","pilot1"
"A4000000103C4153","DS1925",2026-05-08 13:35:20,18,"t","r","pilot1"
"A4000000103C4153","DS1925",2026-05-08 13:40:20,18,"t","r","pilot1"
"A4000000103C4153","DS1925",2026-05-08 13:45:20,17.5,"t","r","pilot1"
"A4000000103C4153","DS1925",2026-05-08 13:50:20,17.5,"t","r","pilot1"
"A4000000103C4153","DS1925",2026-05-08 13:55:20,17.5,"t","r","pilot1"
"A4000000103C4153","DS1925",2026-05-08 14:00:20,17.5,"t","r","pilot1"
"A4000000103C4153","DS1925",2026-05-08 14:05:20,17.5,"t","r","pilot1"
"A4000000103C4153","DS1925",2026-05-08 14:10:20,17.5,"t","r","pilot1"
"A4000000103C4153","DS1925",2026-05-08 14:15:20,17,"t","r","pilot1"
"A4000000103C4153","DS1925",2026-05-08 14:20:20,17,"t","r","pilot1"
"A4000000103C4153","DS1925",2026-05-08 14:25:20,17,"t","r","pilot1"
"A4000000103C4153","DS1925",2026-05-08 14:30:20,17,"t","r","pilot1"
"A4000000103C4153","DS1925",2026-05-08 14:35:20,16.5,"t","r","pilot1"
"A4000000103C4153","DS1925",2026-05-08 14:40:20,16.5,"t","r","pilot1"
"A4000000103C4153","DS1925",2026-05-08 14:45:20,16.5,"t","r","pilot1"
"A4000000103C4153","DS1925",2026-05-08 14:50:20,16.5,"t","r","pilot1"
"A4000000103C4153","DS1925",2026-05-08 14:55:20,17,"t","r","pilot1"
"A4000000103C4153","DS1925",2026-05-08 15:00:20,17.5,"t","r","pilot1"
"A4000000103C4153","DS1925",2026-05-08 15:05:20,17.5,"t","r","pilot1"
"A4000000103C4153","DS1925",2026-05-08 15:10:20,17.5,"t","r","pilot1"
"A4000000103C4153","DS1925",2026-05-08 15:15:20,18,"t","r","pilot1"
"A4000000103C4153","DS1925",2026-05-08 15:20:20,18,"t","r","pilot1"
"A4000000103C4153","DS1925",2026-05-08 15:25:20,18,"t","r","pilot1"
"A4000000103C4153","DS1925",2026-05-08 15:30:20,18,"t","r","pilot1"
"A4000000103C4153","DS1925",2026-05-08 15:35:20,18.5,"t","r","pilot1"
"A4000000103C4153","DS1925",2026-05-08 15:40:20,18.5,"t","r","pilot1"
"A4000000103C4153","DS1925",2026-05-08 15:45:20,18.5,"t","r","pilot1"
"A4000000103C4153","DS1925",2026-05-08 15:50:20,19,"t","r","pilot1"
"A4000000103C4153","DS1925",2026-05-08 15:55:20,19.5,"t","r","pilot1"
