"sensor_type","sensor_model","sensor_id","datetime","temp_c","bath"
"iButton","DS1925","51000000103BEA53",2026-05-01 14:27:48,22.5,NA
"iButton","DS1925","51000000103BEA53",2026-05-01 14:32:48,22.5,NA
"iButton","DS1925","51000000103BEA53",2026-05-01 14:37:48,22.5,NA
"iButton","DS1925","51000000103BEA53",2026-05-01 14:42:48,24,NA
"iButton","DS1925","51000000103BEA53",2026-05-01 14:47:48,23.5,NA
"iButton","DS1925","51000000103BEA53",2026-05-01 14:52:48,23,NA
"iButton","DS1925","51000000103BEA53",2026-05-01 14:57:48,23,NA
"iButton","DS1925","51000000103BEA53",2026-05-01 15:02:48,23,NA
"iButton","DS1925","51000000103BEA53",2026-05-01 15:07:48,23,NA
"iButton","DS1925","51000000103BEA53",2026-05-01 15:12:48,23,NA
"iButton","DS1925","51000000103BEA53",2026-05-01 15:17:48,22.5,NA
"iButton","DS1925","51000000103BEA53",2026-05-01 15:22:48,25,NA
"iButton","DS1925","51000000103BEA53",2026-05-01 15:27:48,27,NA
"iButton","DS1925","51000000103BEA53",2026-05-01 15:32:48,29.5,NA
"iButton","DS1925","51000000103BEA53",2026-05-01 15:37:48,34.5,NA
"iButton","DS1925","51000000103BEA53",2026-05-01 15:42:48,44.5,NA
"iButton","DS1925","51000000103BEA53",2026-05-01 15:47:48,43.5,NA
"iButton","DS1925","51000000103BEA53",2026-05-01 15:52:48,45,NA
"iButton","DS1925","51000000103BEA53",2026-05-01 15:57:48,44.5,"hot"
"iButton","DS1925","51000000103BEA53",2026-05-01 16:02:48,43.5,"hot"
"iButton","DS1925","51000000103BEA53",2026-05-01 16:07:48,43,"hot"
"iButton","DS1925","51000000103BEA53",2026-05-01 16:12:48,44,"hot"
"iButton","DS1925","51000000103BEA53",2026-05-01 16:17:48,44,NA
"iButton","DS1925","51000000103BEA53",2026-05-01 16:22:48,43,NA
"iButton","DS1925","51000000103BEA53",2026-05-01 16:27:48,42,NA
"iButton","DS1925","51000000103BEA53",2026-05-01 16:32:48,32.5,NA
"iButton","DS1925","51000000103BEA53",2026-05-01 16:37:48,25.5,NA
"iButton","DS1925","51000000103BEA53",2026-05-01 16:42:48,24,NA
"iButton","DS1925","51000000103BEA53",2026-05-01 16:47:48,1.5,NA
"iButton","DS1925","51000000103BEA53",2026-05-01 16:52:48,0.5,NA
"iButton","DS1925","51000000103BEA53",2026-05-01 16:57:48,0,"ice"
"iButton","DS1925","51000000103BEA53",2026-05-01 17:02:48,0,"ice"
"iButton","DS1925","51000000103BEA53",2026-05-01 17:07:48,0,"ice"
"iButton","DS1925","51000000103BEA53",2026-05-01 17:12:48,0.5,NA
"iButton","DS1925","51000000103BEA53",2026-05-01 17:17:48,14.5,NA
"iButton","DS1925","51000000103BEA53",2026-05-01 17:22:48,19.5,NA
"iButton","DS1925","51000000103BEA53",2026-05-01 17:27:48,21,NA
"iButton","DS1925","51000000103BEA53",2026-05-01 17:32:48,22,NA
"iButton","DS1925","51000000103BEA53",2026-05-01 17:37:48,23,NA
"iButton","DS1925","51000000103BEA53",2026-05-01 17:42:48,23,NA
"iButton","DS1925","51000000103BEA53",2026-05-01 17:47:48,22,NA
"iButton","DS1925","51000000103BEA53",2026-05-01 17:52:48,21,NA
"iButton","DS1925","51000000103BEA53",2026-05-01 17:57:48,19.5,NA
"iButton","DS1925","51000000103BEA53",2026-05-01 18:02:48,18.5,NA
"iButton","DS1925","51000000103BEA53",2026-05-01 18:07:48,17.5,NA
"iButton","DS1925","51000000103BEA53",2026-05-01 18:12:48,16.5,NA
"iButton","DS1925","51000000103BEA53",2026-05-01 18:17:48,16,NA
"iButton","DS1925","51000000103BEA53",2026-05-01 18:22:48,16.5,NA
"iButton","DS1925","51000000103BEA53",2026-05-01 18:27:48,17,NA
"iButton","DS1925","51000000103BEA53",2026-05-01 18:32:48,17.5,NA
"iButton","DS1925","51000000103BEA53",2026-05-01 18:37:48,18,NA
"iButton","DS1925","51000000103BEA53",2026-05-01 18:42:48,18,NA
"iButton","DS1925","51000000103BEA53",2026-05-01 18:47:48,18.5,NA
"iButton","DS1925","51000000103BEA53",2026-05-01 18:52:48,18.5,NA
"iButton","DS1925","51000000103BEA53",2026-05-01 18:57:48,19,NA
"iButton","DS1925","51000000103BEA53",2026-05-01 19:02:48,19.5,NA
"iButton","DS1925","51000000103BEA53",2026-05-01 19:07:48,19.5,NA
"iButton","DS1925","51000000103BEA53",2026-05-01 19:12:48,20,NA
"iButton","DS1925","51000000103BEA53",2026-05-01 19:17:48,20,NA
"iButton","DS1925","51000000103BEA53",2026-05-01 19:22:48,20,NA
"iButton","DS1925","51000000103BEA53",2026-05-01 19:27:48,20.5,NA
"iButton","DS1925","51000000103BEA53",2026-05-01 19:32:48,20.5,NA
"iButton","DS1925","51000000103BEA53",2026-05-01 19:37:48,20.5,NA
"iButton","DS1925","51000000103BEA53",2026-05-01 19:42:48,20.5,NA
"iButton","DS1925","51000000103BEA53",2026-05-01 19:47:48,20.5,NA
"iButton","DS1925","51000000103BEA53",2026-05-01 19:52:48,21,NA
"iButton","DS1925","51000000103BEA53",2026-05-01 19:57:48,21,NA
"iButton","DS1925","9A000000107AC953",2026-05-01 14:31:55,22.5,NA
"iButton","DS1925","9A000000107AC953",2026-05-01 14:36:55,22.5,NA
"iButton","DS1925","9A000000107AC953",2026-05-01 14:41:55,22.5,NA
"iButton","DS1925","9A000000107AC953",2026-05-01 14:46:55,23.5,NA
"iButton","DS1925","9A000000107AC953",2026-05-01 14:51:55,23.5,NA
"iButton","DS1925","9A000000107AC953",2026-05-01 14:56:55,23,NA
"iButton","DS1925","9A000000107AC953",2026-05-01 15:01:55,23,NA
"iButton","DS1925","9A000000107AC953",2026-05-01 15:06:55,23,NA
"iButton","DS1925","9A000000107AC953",2026-05-01 15:11:55,23,NA
"iButton","DS1925","9A000000107AC953",2026-05-01 15:16:55,22.5,NA
"iButton","DS1925","9A000000107AC953",2026-05-01 15:21:55,25,NA
"iButton","DS1925","9A000000107AC953",2026-05-01 15:26:55,26.5,NA
"iButton","DS1925","9A000000107AC953",2026-05-01 15:31:55,29,NA
"iButton","DS1925","9A000000107AC953",2026-05-01 15:36:55,33.5,NA
"iButton","DS1925","9A000000107AC953",2026-05-01 15:41:55,48.5,NA
"iButton","DS1925","9A000000107AC953",2026-05-01 15:46:55,48,NA
"iButton","DS1925","9A000000107AC953",2026-05-01 15:51:55,47,NA
"iButton","DS1925","9A000000107AC953",2026-05-01 15:56:55,45.5,"hot"
"iButton","DS1925","9A000000107AC953",2026-05-01 16:01:55,44.5,"hot"
"iButton","DS1925","9A000000107AC953",2026-05-01 16:06:55,43.5,"hot"
"iButton","DS1925","9A000000107AC953",2026-05-01 16:11:55,46,"hot"
"iButton","DS1925","9A000000107AC953",2026-05-01 16:16:55,45,NA
"iButton","DS1925","9A000000107AC953",2026-05-01 16:21:55,44,NA
"iButton","DS1925","9A000000107AC953",2026-05-01 16:26:55,43,NA
"iButton","DS1925","9A000000107AC953",2026-05-01 16:31:55,37,NA
"iButton","DS1925","9A000000107AC953",2026-05-01 16:36:55,27.5,NA
"iButton","DS1925","9A000000107AC953",2026-05-01 16:41:55,25.5,NA
"iButton","DS1925","9A000000107AC953",2026-05-01 16:46:55,3.5,NA
"iButton","DS1925","9A000000107AC953",2026-05-01 16:51:55,0.5,NA
"iButton","DS1925","9A000000107AC953",2026-05-01 16:56:55,0,"ice"
"iButton","DS1925","9A000000107AC953",2026-05-01 17:01:55,0,"ice"
"iButton","DS1925","9A000000107AC953",2026-05-01 17:06:55,0,"ice"
"iButton","DS1925","9A000000107AC953",2026-05-01 17:11:55,0,NA
"iButton","DS1925","9A000000107AC953",2026-05-01 17:16:55,9,NA
"iButton","DS1925","9A000000107AC953",2026-05-01 17:21:55,16,NA
"iButton","DS1925","9A000000107AC953",2026-05-01 17:26:55,19.5,NA
"iButton","DS1925","9A000000107AC953",2026-05-01 17:31:55,21,NA
"iButton","DS1925","9A000000107AC953",2026-05-01 17:36:55,21.5,NA
"iButton","DS1925","9A000000107AC953",2026-05-01 17:41:55,22,NA
"iButton","DS1925","9A000000107AC953",2026-05-01 17:46:55,22,NA
"iButton","DS1925","9A000000107AC953",2026-05-01 17:51:55,21,NA
"iButton","DS1925","9A000000107AC953",2026-05-01 17:56:55,20.5,NA
"iButton","DS1925","9A000000107AC953",2026-05-01 18:01:55,19.5,NA
"iButton","DS1925","9A000000107AC953",2026-05-01 18:06:55,18.5,NA
"iButton","DS1925","9A000000107AC953",2026-05-01 18:11:55,17.5,NA
"iButton","DS1925","9A000000107AC953",2026-05-01 18:16:55,17,NA
"iButton","DS1925","9A000000107AC953",2026-05-01 18:21:55,16.5,NA
"iButton","DS1925","9A000000107AC953",2026-05-01 18:26:55,16.5,NA
"iButton","DS1925","9A000000107AC953",2026-05-01 18:31:55,17,NA
"iButton","DS1925","9A000000107AC953",2026-05-01 18:36:55,17,NA
"iButton","DS1925","9A000000107AC953",2026-05-01 18:41:55,17.5,NA
"iButton","DS1925","9A000000107AC953",2026-05-01 18:46:55,18,NA
"iButton","DS1925","9A000000107AC953",2026-05-01 18:51:55,18,NA
"iButton","DS1925","9A000000107AC953",2026-05-01 18:56:55,18.5,NA
"iButton","DS1925","9A000000107AC953",2026-05-01 19:01:55,19,NA
"iButton","DS1925","9A000000107AC953",2026-05-01 19:06:55,19.5,NA
"iButton","DS1925","9A000000107AC953",2026-05-01 19:11:55,20,NA
"iButton","DS1925","9A000000107AC953",2026-05-01 19:16:55,20,NA
"iButton","DS1925","9A000000107AC953",2026-05-01 19:21:55,20.5,NA
"iButton","DS1925","9A000000107AC953",2026-05-01 19:26:55,20.5,NA
"iButton","DS1925","9A000000107AC953",2026-05-01 19:31:55,20.5,NA
"iButton","DS1925","9A000000107AC953",2026-05-01 19:36:55,21,NA
"iButton","DS1925","9A000000107AC953",2026-05-01 19:41:55,21,NA
"iButton","DS1925","9A000000107AC953",2026-05-01 19:46:55,21,NA
"iButton","DS1925","9A000000107AC953",2026-05-01 19:51:55,21,NA
"iButton","DS1925","9A000000107AC953",2026-05-01 19:56:55,21,NA
"iButton","DS1921G-F5","6100000056A15621",2026-05-01 14:42:00,23,NA
"iButton","DS1921G-F5","6100000056A15621",2026-05-01 14:47:00,24,NA
"iButton","DS1921G-F5","6100000056A15621",2026-05-01 14:52:00,23.5,NA
"iButton","DS1921G-F5","6100000056A15621",2026-05-01 14:57:00,23.5,NA
"iButton","DS1921G-F5","6100000056A15621",2026-05-01 15:02:00,23,NA
"iButton","DS1921G-F5","6100000056A15621",2026-05-01 15:07:00,23,NA
"iButton","DS1921G-F5","6100000056A15621",2026-05-01 15:12:00,23,NA
"iButton","DS1921G-F5","6100000056A15621",2026-05-01 15:17:00,22.5,NA
"iButton","DS1921G-F5","6100000056A15621",2026-05-01 15:22:00,24,NA
"iButton","DS1921G-F5","6100000056A15621",2026-05-01 15:27:00,26.5,NA
"iButton","DS1921G-F5","6100000056A15621",2026-05-01 15:32:00,29,NA
"iButton","DS1921G-F5","6100000056A15621",2026-05-01 15:37:00,33,NA
"iButton","DS1921G-F5","6100000056A15621",2026-05-01 15:42:00,41.5,NA
"iButton","DS1921G-F5","6100000056A15621",2026-05-01 15:47:00,43.5,NA
"iButton","DS1921G-F5","6100000056A15621",2026-05-01 15:52:00,44,NA
"iButton","DS1921G-F5","6100000056A15621",2026-05-01 15:57:00,44,"hot"
"iButton","DS1921G-F5","6100000056A15621",2026-05-01 16:02:00,43.5,"hot"
"iButton","DS1921G-F5","6100000056A15621",2026-05-01 16:07:00,43,"hot"
"iButton","DS1921G-F5","6100000056A15621",2026-05-01 16:12:00,43.5,"hot"
"iButton","DS1921G-F5","6100000056A15621",2026-05-01 16:17:00,43.5,NA
"iButton","DS1921G-F5","6100000056A15621",2026-05-01 16:22:00,43,NA
"iButton","DS1921G-F5","6100000056A15621",2026-05-01 16:27:00,42.5,NA
"iButton","DS1921G-F5","6100000056A15621",2026-05-01 16:32:00,35.5,NA
"iButton","DS1921G-F5","6100000056A15621",2026-05-01 16:37:00,27,NA
"iButton","DS1921G-F5","6100000056A15621",2026-05-01 16:42:00,25.5,NA
"iButton","DS1921G-F5","6100000056A15621",2026-05-01 16:47:00,4.5,NA
"iButton","DS1921G-F5","6100000056A15621",2026-05-01 16:52:00,1,NA
"iButton","DS1921G-F5","6100000056A15621",2026-05-01 16:57:00,0,"ice"
"iButton","DS1921G-F5","6100000056A15621",2026-05-01 17:02:00,0,"ice"
"iButton","DS1921G-F5","6100000056A15621",2026-05-01 17:07:00,0,"ice"
"iButton","DS1921G-F5","6100000056A15621",2026-05-01 17:12:00,0,NA
"iButton","DS1921G-F5","6100000056A15621",2026-05-01 17:17:00,9.5,NA
"iButton","DS1921G-F5","6100000056A15621",2026-05-01 17:22:00,18.5,NA
"iButton","DS1921G-F5","6100000056A15621",2026-05-01 17:27:00,20.5,NA
"iButton","DS1921G-F5","6100000056A15621",2026-05-01 17:32:00,21.5,NA
"iButton","DS1921G-F5","6100000056A15621",2026-05-01 17:37:00,22,NA
"iButton","DS1921G-F5","6100000056A15621",2026-05-01 17:42:00,22,NA
"iButton","DS1921G-F5","6100000056A15621",2026-05-01 17:47:00,22,NA
"iButton","DS1921G-F5","6100000056A15621",2026-05-01 17:52:00,21.5,NA
"iButton","DS1921G-F5","6100000056A15621",2026-05-01 17:57:00,20.5,NA
"iButton","DS1921G-F5","6100000056A15621",2026-05-01 18:02:00,19.5,NA
"iButton","DS1921G-F5","6100000056A15621",2026-05-01 18:07:00,18.5,NA
"iButton","DS1921G-F5","6100000056A15621",2026-05-01 18:12:00,17.5,NA
"iButton","DS1921G-F5","6100000056A15621",2026-05-01 18:17:00,17,NA
"iButton","DS1921G-F5","6100000056A15621",2026-05-01 18:22:00,16.5,NA
"iButton","DS1921G-F5","6100000056A15621",2026-05-01 18:27:00,16.5,NA
"iButton","DS1921G-F5","6100000056A15621",2026-05-01 18:32:00,17,NA
"iButton","DS1921G-F5","6100000056A15621",2026-05-01 18:37:00,17.5,NA
"iButton","DS1921G-F5","6100000056A15621",2026-05-01 18:42:00,17.5,NA
"iButton","DS1921G-F5","6100000056A15621",2026-05-01 18:47:00,18,NA
"iButton","DS1921G-F5","6100000056A15621",2026-05-01 18:52:00,18.5,NA
"iButton","DS1921G-F5","6100000056A15621",2026-05-01 18:57:00,19,NA
"iButton","DS1921G-F5","6100000056A15621",2026-05-01 19:02:00,19,NA
"iButton","DS1921G-F5","6100000056A15621",2026-05-01 19:07:00,19.5,NA
"iButton","DS1921G-F5","6100000056A15621",2026-05-01 19:12:00,20,NA
"iButton","DS1921G-F5","6100000056A15621",2026-05-01 19:17:00,20,NA
"iButton","DS1921G-F5","6100000056A15621",2026-05-01 19:22:00,20.5,NA
"iButton","DS1921G-F5","6100000056A15621",2026-05-01 19:27:00,20.5,NA
"iButton","DS1921G-F5","6100000056A15621",2026-05-01 19:32:00,20.5,NA
"iButton","DS1921G-F5","6100000056A15621",2026-05-01 19:37:00,21,NA
"iButton","DS1921G-F5","6100000056A15621",2026-05-01 19:42:00,21,NA
"iButton","DS1921G-F5","6100000056A15621",2026-05-01 19:47:00,21,NA
"iButton","DS1921G-F5","6100000056A15621",2026-05-01 19:52:00,21,NA
"iButton","DS1921G-F5","6100000056A15621",2026-05-01 19:57:00,21,NA
"iButton","DS1921G-F5","65000000568B8121",2026-05-01 14:39:00,22.5,NA
"iButton","DS1921G-F5","65000000568B8121",2026-05-01 14:44:00,23.5,NA
"iButton","DS1921G-F5","65000000568B8121",2026-05-01 14:49:00,23.5,NA
"iButton","DS1921G-F5","65000000568B8121",2026-05-01 14:54:00,23,NA
"iButton","DS1921G-F5","65000000568B8121",2026-05-01 14:59:00,23,NA
"iButton","DS1921G-F5","65000000568B8121",2026-05-01 15:04:00,23,NA
"iButton","DS1921G-F5","65000000568B8121",2026-05-01 15:09:00,23,NA
"iButton","DS1921G-F5","65000000568B8121",2026-05-01 15:14:00,23,NA
"iButton","DS1921G-F5","65000000568B8121",2026-05-01 15:19:00,22.5,NA
"iButton","DS1921G-F5","65000000568B8121",2026-05-01 15:24:00,25,NA
"iButton","DS1921G-F5","65000000568B8121",2026-05-01 15:29:00,27,NA
"iButton","DS1921G-F5","65000000568B8121",2026-05-01 15:34:00,30,NA
"iButton","DS1921G-F5","65000000568B8121",2026-05-01 15:39:00,38,NA
"iButton","DS1921G-F5","65000000568B8121",2026-05-01 15:44:00,44,NA
"iButton","DS1921G-F5","65000000568B8121",2026-05-01 15:49:00,44,NA
"iButton","DS1921G-F5","65000000568B8121",2026-05-01 15:54:00,44.5,"hot"
"iButton","DS1921G-F5","65000000568B8121",2026-05-01 15:59:00,43.5,"hot"
"iButton","DS1921G-F5","65000000568B8121",2026-05-01 16:04:00,43,"hot"
"iButton","DS1921G-F5","65000000568B8121",2026-05-01 16:09:00,43,"hot"
"iButton","DS1921G-F5","65000000568B8121",2026-05-01 16:14:00,43.5,NA
"iButton","DS1921G-F5","65000000568B8121",2026-05-01 16:19:00,43.5,NA
"iButton","DS1921G-F5","65000000568B8121",2026-05-01 16:24:00,42.5,NA
"iButton","DS1921G-F5","65000000568B8121",2026-05-01 16:29:00,41.5,NA
"iButton","DS1921G-F5","65000000568B8121",2026-05-01 16:34:00,31,NA
"iButton","DS1921G-F5","65000000568B8121",2026-05-01 16:39:00,26.5,NA
"iButton","DS1921G-F5","65000000568B8121",2026-05-01 16:44:00,16,NA
"iButton","DS1921G-F5","65000000568B8121",2026-05-01 16:49:00,2,NA
"iButton","DS1921G-F5","65000000568B8121",2026-05-01 16:54:00,0.5,NA
"iButton","DS1921G-F5","65000000568B8121",2026-05-01 16:59:00,0,"ice"
"iButton","DS1921G-F5","65000000568B8121",2026-05-01 17:04:00,0,"ice"
"iButton","DS1921G-F5","65000000568B8121",2026-05-01 17:09:00,0,"ice"
"iButton","DS1921G-F5","65000000568B8121",2026-05-01 17:14:00,3,NA
"iButton","DS1921G-F5","65000000568B8121",2026-05-01 17:19:00,13,NA
"iButton","DS1921G-F5","65000000568B8121",2026-05-01 17:24:00,18,NA
"iButton","DS1921G-F5","65000000568B8121",2026-05-01 17:29:00,20.5,NA
"iButton","DS1921G-F5","65000000568B8121",2026-05-01 17:34:00,21.5,NA
"iButton","DS1921G-F5","65000000568B8121",2026-05-01 17:39:00,22,NA
"iButton","DS1921G-F5","65000000568B8121",2026-05-01 17:44:00,22.5,NA
"iButton","DS1921G-F5","65000000568B8121",2026-05-01 17:49:00,21.5,NA
"iButton","DS1921G-F5","65000000568B8121",2026-05-01 17:54:00,20.5,NA
"iButton","DS1921G-F5","65000000568B8121",2026-05-01 17:59:00,19.5,NA
"iButton","DS1921G-F5","65000000568B8121",2026-05-01 18:04:00,18,NA
"iButton","DS1921G-F5","65000000568B8121",2026-05-01 18:09:00,17,NA
"iButton","DS1921G-F5","65000000568B8121",2026-05-01 18:14:00,16.5,NA
"iButton","DS1921G-F5","65000000568B8121",2026-05-01 18:19:00,16,NA
"iButton","DS1921G-F5","65000000568B8121",2026-05-01 18:24:00,16,NA
"iButton","DS1921G-F5","65000000568B8121",2026-05-01 18:29:00,16.5,NA
"iButton","DS1921G-F5","65000000568B8121",2026-05-01 18:34:00,17,NA
"iButton","DS1921G-F5","65000000568B8121",2026-05-01 18:39:00,17.5,NA
"iButton","DS1921G-F5","65000000568B8121",2026-05-01 18:44:00,17.5,NA
"iButton","DS1921G-F5","65000000568B8121",2026-05-01 18:49:00,18,NA
"iButton","DS1921G-F5","65000000568B8121",2026-05-01 18:54:00,18.5,NA
"iButton","DS1921G-F5","65000000568B8121",2026-05-01 18:59:00,19,NA
"iButton","DS1921G-F5","65000000568B8121",2026-05-01 19:04:00,19,NA
"iButton","DS1921G-F5","65000000568B8121",2026-05-01 19:09:00,19.5,NA
"iButton","DS1921G-F5","65000000568B8121",2026-05-01 19:14:00,19.5,NA
"iButton","DS1921G-F5","65000000568B8121",2026-05-01 19:19:00,20,NA
"iButton","DS1921G-F5","65000000568B8121",2026-05-01 19:24:00,20,NA
"iButton","DS1921G-F5","65000000568B8121",2026-05-01 19:29:00,20,NA
"iButton","DS1921G-F5","65000000568B8121",2026-05-01 19:34:00,20,NA
"iButton","DS1921G-F5","65000000568B8121",2026-05-01 19:39:00,20.5,NA
"iButton","DS1921G-F5","65000000568B8121",2026-05-01 19:44:00,20.5,NA
"iButton","DS1921G-F5","65000000568B8121",2026-05-01 19:49:00,20.5,NA
"iButton","DS1921G-F5","65000000568B8121",2026-05-01 19:54:00,20.5,NA
"iButton","DS1921G-F5","65000000568B8121",2026-05-01 19:59:00,20.5,NA
"iButton","DS1921G-F5","97000000568C9A21",2026-05-01 14:40:00,23,NA
"iButton","DS1921G-F5","97000000568C9A21",2026-05-01 14:45:00,24,NA
"iButton","DS1921G-F5","97000000568C9A21",2026-05-01 14:50:00,23.5,NA
"iButton","DS1921G-F5","97000000568C9A21",2026-05-01 14:55:00,23.5,NA
"iButton","DS1921G-F5","97000000568C9A21",2026-05-01 15:00:00,23,NA
"iButton","DS1921G-F5","97000000568C9A21",2026-05-01 15:05:00,23,NA
"iButton","DS1921G-F5","97000000568C9A21",2026-05-01 15:10:00,23,NA
"iButton","DS1921G-F5","97000000568C9A21",2026-05-01 15:15:00,23,NA
"iButton","DS1921G-F5","97000000568C9A21",2026-05-01 15:20:00,23.5,NA
"iButton","DS1921G-F5","97000000568C9A21",2026-05-01 15:25:00,25.5,NA
"iButton","DS1921G-F5","97000000568C9A21",2026-05-01 15:30:00,28,NA
"iButton","DS1921G-F5","97000000568C9A21",2026-05-01 15:35:00,31,NA
"iButton","DS1921G-F5","97000000568C9A21",2026-05-01 15:40:00,36.5,NA
"iButton","DS1921G-F5","97000000568C9A21",2026-05-01 15:45:00,42,NA
"iButton","DS1921G-F5","97000000568C9A21",2026-05-01 15:50:00,42.5,NA
"iButton","DS1921G-F5","97000000568C9A21",2026-05-01 15:55:00,43.5,"hot"
"iButton","DS1921G-F5","97000000568C9A21",2026-05-01 16:00:00,43,"hot"
"iButton","DS1921G-F5","97000000568C9A21",2026-05-01 16:05:00,42.5,"hot"
"iButton","DS1921G-F5","97000000568C9A21",2026-05-01 16:10:00,42,"hot"
"iButton","DS1921G-F5","97000000568C9A21",2026-05-01 16:15:00,42.5,NA
"iButton","DS1921G-F5","97000000568C9A21",2026-05-01 16:20:00,42.5,NA
"iButton","DS1921G-F5","97000000568C9A21",2026-05-01 16:25:00,42,NA
"iButton","DS1921G-F5","97000000568C9A21",2026-05-01 16:30:00,41.5,NA
"iButton","DS1921G-F5","97000000568C9A21",2026-05-01 16:35:00,28.5,NA
"iButton","DS1921G-F5","97000000568C9A21",2026-05-01 16:40:00,25,NA
"iButton","DS1921G-F5","97000000568C9A21",2026-05-01 16:45:00,7,NA
"iButton","DS1921G-F5","97000000568C9A21",2026-05-01 16:50:00,1,NA
"iButton","DS1921G-F5","97000000568C9A21",2026-05-01 16:55:00,0.5,NA
"iButton","DS1921G-F5","97000000568C9A21",2026-05-01 17:00:00,0,"ice"
"iButton","DS1921G-F5","97000000568C9A21",2026-05-01 17:05:00,0,"ice"
"iButton","DS1921G-F5","97000000568C9A21",2026-05-01 17:10:00,0.5,"ice"
"iButton","DS1921G-F5","97000000568C9A21",2026-05-01 17:15:00,11,NA
"iButton","DS1921G-F5","97000000568C9A21",2026-05-01 17:20:00,17.5,NA
"iButton","DS1921G-F5","97000000568C9A21",2026-05-01 17:25:00,20,NA
"iButton","DS1921G-F5","97000000568C9A21",2026-05-01 17:30:00,21,NA
"iButton","DS1921G-F5","97000000568C9A21",2026-05-01 17:35:00,22,NA
"iButton","DS1921G-F5","97000000568C9A21",2026-05-01 17:40:00,22.5,NA
"iButton","DS1921G-F5","97000000568C9A21",2026-05-01 17:45:00,22.5,NA
"iButton","DS1921G-F5","97000000568C9A21",2026-05-01 17:50:00,21.5,NA
"iButton","DS1921G-F5","97000000568C9A21",2026-05-01 17:55:00,20.5,NA
"iButton","DS1921G-F5","97000000568C9A21",2026-05-01 18:00:00,19.5,NA
"iButton","DS1921G-F5","97000000568C9A21",2026-05-01 18:05:00,18.5,NA
"iButton","DS1921G-F5","97000000568C9A21",2026-05-01 18:10:00,17.5,NA
"iButton","DS1921G-F5","97000000568C9A21",2026-05-01 18:15:00,16.5,NA
"iButton","DS1921G-F5","97000000568C9A21",2026-05-01 18:20:00,16.5,NA
"iButton","DS1921G-F5","97000000568C9A21",2026-05-01 18:25:00,16.5,NA
"iButton","DS1921G-F5","97000000568C9A21",2026-05-01 18:30:00,17,NA
"iButton","DS1921G-F5","97000000568C9A21",2026-05-01 18:35:00,17.5,NA
"iButton","DS1921G-F5","97000000568C9A21",2026-05-01 18:40:00,18,NA
"iButton","DS1921G-F5","97000000568C9A21",2026-05-01 18:45:00,18,NA
"iButton","DS1921G-F5","97000000568C9A21",2026-05-01 18:50:00,18.5,NA
"iButton","DS1921G-F5","97000000568C9A21",2026-05-01 18:55:00,18.5,NA
"iButton","DS1921G-F5","97000000568C9A21",2026-05-01 19:00:00,19,NA
"iButton","DS1921G-F5","97000000568C9A21",2026-05-01 19:05:00,19.5,NA
"iButton","DS1921G-F5","97000000568C9A21",2026-05-01 19:10:00,20,NA
"iButton","DS1921G-F5","97000000568C9A21",2026-05-01 19:15:00,20,NA
"iButton","DS1921G-F5","97000000568C9A21",2026-05-01 19:20:00,20,NA
"iButton","DS1921G-F5","97000000568C9A21",2026-05-01 19:25:00,20.5,NA
"iButton","DS1921G-F5","97000000568C9A21",2026-05-01 19:30:00,20.5,NA
"iButton","DS1921G-F5","97000000568C9A21",2026-05-01 19:35:00,20.5,NA
"iButton","DS1921G-F5","97000000568C9A21",2026-05-01 19:40:00,21,NA
"iButton","DS1921G-F5","97000000568C9A21",2026-05-01 19:45:00,21,NA
"iButton","DS1921G-F5","97000000568C9A21",2026-05-01 19:50:00,21,NA
"iButton","DS1921G-F5","97000000568C9A21",2026-05-01 19:55:00,21,NA
"iButton","DS1921G-F5","DE00000055E26A21",2026-05-01 14:38:00,23,NA
"iButton","DS1921G-F5","DE00000055E26A21",2026-05-01 14:43:00,25,NA
"iButton","DS1921G-F5","DE00000055E26A21",2026-05-01 14:48:00,24,NA
"iButton","DS1921G-F5","DE00000055E26A21",2026-05-01 14:53:00,23.5,NA
"iButton","DS1921G-F5","DE00000055E26A21",2026-05-01 14:58:00,23.5,NA
"iButton","DS1921G-F5","DE00000055E26A21",2026-05-01 15:03:00,23.5,NA
"iButton","DS1921G-F5","DE00000055E26A21",2026-05-01 15:08:00,23.5,NA
"iButton","DS1921G-F5","DE00000055E26A21",2026-05-01 15:13:00,23.5,NA
"iButton","DS1921G-F5","DE00000055E26A21",2026-05-01 15:18:00,23,NA
"iButton","DS1921G-F5","DE00000055E26A21",2026-05-01 15:23:00,25.5,NA
"iButton","DS1921G-F5","DE00000055E26A21",2026-05-01 15:28:00,27.5,NA
"iButton","DS1921G-F5","DE00000055E26A21",2026-05-01 15:33:00,30,NA
"iButton","DS1921G-F5","DE00000055E26A21",2026-05-01 15:38:00,37,NA
"iButton","DS1921G-F5","DE00000055E26A21",2026-05-01 15:43:00,46.5,NA
"iButton","DS1921G-F5","DE00000055E26A21",2026-05-01 15:48:00,45.5,NA
"iButton","DS1921G-F5","DE00000055E26A21",2026-05-01 15:53:00,46,NA
"iButton","DS1921G-F5","DE00000055E26A21",2026-05-01 15:58:00,45,"hot"
"iButton","DS1921G-F5","DE00000055E26A21",2026-05-01 16:03:00,44,"hot"
"iButton","DS1921G-F5","DE00000055E26A21",2026-05-01 16:08:00,43.5,"hot"
"iButton","DS1921G-F5","DE00000055E26A21",2026-05-01 16:13:00,45,"hot"
"iButton","DS1921G-F5","DE00000055E26A21",2026-05-01 16:18:00,44.5,NA
"iButton","DS1921G-F5","DE00000055E26A21",2026-05-01 16:23:00,43.5,NA
"iButton","DS1921G-F5","DE00000055E26A21",2026-05-01 16:28:00,43,NA
"iButton","DS1921G-F5","DE00000055E26A21",2026-05-01 16:33:00,32.5,NA
"iButton","DS1921G-F5","DE00000055E26A21",2026-05-01 16:38:00,27,NA
"iButton","DS1921G-F5","DE00000055E26A21",2026-05-01 16:43:00,25,NA
"iButton","DS1921G-F5","DE00000055E26A21",2026-05-01 16:48:00,2.5,NA
"iButton","DS1921G-F5","DE00000055E26A21",2026-05-01 16:53:00,1,NA
"iButton","DS1921G-F5","DE00000055E26A21",2026-05-01 16:58:00,0.5,"ice"
"iButton","DS1921G-F5","DE00000055E26A21",2026-05-01 17:03:00,0.5,"ice"
"iButton","DS1921G-F5","DE00000055E26A21",2026-05-01 17:08:00,0.5,"ice"
"iButton","DS1921G-F5","DE00000055E26A21",2026-05-01 17:13:00,1,NA
"iButton","DS1921G-F5","DE00000055E26A21",2026-05-01 17:18:00,13,NA
"iButton","DS1921G-F5","DE00000055E26A21",2026-05-01 17:23:00,19.5,NA
"iButton","DS1921G-F5","DE00000055E26A21",2026-05-01 17:28:00,21,NA
"iButton","DS1921G-F5","DE00000055E26A21",2026-05-01 17:33:00,22,NA
"iButton","DS1921G-F5","DE00000055E26A21",2026-05-01 17:38:00,23,NA
"iButton","DS1921G-F5","DE00000055E26A21",2026-05-01 17:43:00,23,NA
"iButton","DS1921G-F5","DE00000055E26A21",2026-05-01 17:48:00,22.5,NA
"iButton","DS1921G-F5","DE00000055E26A21",2026-05-01 17:53:00,21.5,NA
"iButton","DS1921G-F5","DE00000055E26A21",2026-05-01 17:58:00,20,NA
"iButton","DS1921G-F5","DE00000055E26A21",2026-05-01 18:03:00,19,NA
"iButton","DS1921G-F5","DE00000055E26A21",2026-05-01 18:08:00,18,NA
"iButton","DS1921G-F5","DE00000055E26A21",2026-05-01 18:13:00,17,NA
"iButton","DS1921G-F5","DE00000055E26A21",2026-05-01 18:18:00,16.5,NA
"iButton","DS1921G-F5","DE00000055E26A21",2026-05-01 18:23:00,17,NA
"iButton","DS1921G-F5","DE00000055E26A21",2026-05-01 18:28:00,17,NA
"iButton","DS1921G-F5","DE00000055E26A21",2026-05-01 18:33:00,17.5,NA
"iButton","DS1921G-F5","DE00000055E26A21",2026-05-01 18:38:00,18,NA
"iButton","DS1921G-F5","DE00000055E26A21",2026-05-01 18:43:00,18.5,NA
"iButton","DS1921G-F5","DE00000055E26A21",2026-05-01 18:48:00,18.5,NA
"iButton","DS1921G-F5","DE00000055E26A21",2026-05-01 18:53:00,19,NA
"iButton","DS1921G-F5","DE00000055E26A21",2026-05-01 18:58:00,19.5,NA
"iButton","DS1921G-F5","DE00000055E26A21",2026-05-01 19:03:00,19.5,NA
"iButton","DS1921G-F5","DE00000055E26A21",2026-05-01 19:08:00,20,NA
"iButton","DS1921G-F5","DE00000055E26A21",2026-05-01 19:13:00,20,NA
"iButton","DS1921G-F5","DE00000055E26A21",2026-05-01 19:18:00,20.5,NA
"iButton","DS1921G-F5","DE00000055E26A21",2026-05-01 19:23:00,20.5,NA
"iButton","DS1921G-F5","DE00000055E26A21",2026-05-01 19:28:00,20.5,NA
"iButton","DS1921G-F5","DE00000055E26A21",2026-05-01 19:33:00,21,NA
"iButton","DS1921G-F5","DE00000055E26A21",2026-05-01 19:38:00,21,NA
"iButton","DS1921G-F5","DE00000055E26A21",2026-05-01 19:43:00,21,NA
"iButton","DS1921G-F5","DE00000055E26A21",2026-05-01 19:48:00,21,NA
"iButton","DS1921G-F5","DE00000055E26A21",2026-05-01 19:53:00,21,NA
"iButton","DS1921G-F5","DE00000055E26A21",2026-05-01 19:58:00,21.5,NA
"HOBO","HOBO","20545519_ch1",2026-05-01 15:34:22,24.235947265625,NA
"HOBO","HOBO","20545519_ch1",2026-05-01 15:35:22,24.150146484375,NA
"HOBO","HOBO","20545519_ch1",2026-05-01 15:36:22,24.10724609375,NA
"HOBO","HOBO","20545519_ch1",2026-05-01 15:37:22,25.608759765625,NA
"HOBO","HOBO","20545519_ch1",2026-05-01 15:38:22,26.638369140625,NA
"HOBO","HOBO","20545519_ch1",2026-05-01 15:39:22,28.096982421875,NA
"HOBO","HOBO","20545519_ch1",2026-05-01 15:40:22,29.25529296875,NA
"HOBO","HOBO","20545519_ch1",2026-05-01 15:41:22,30.28490234375,NA
"HOBO","HOBO","20545519_ch1",2026-05-01 15:42:22,31.48611328125,NA
"HOBO","HOBO","20545519_ch1",2026-05-01 15:43:22,32.68732421875,NA
"HOBO","HOBO","20545519_ch1",2026-05-01 15:44:22,33.759833984375,NA
"HOBO","HOBO","20545519_ch1",2026-05-01 15:45:22,34.57494140625,NA
"HOBO","HOBO","20545519_ch1",2026-05-01 15:46:22,35.390048828125,NA
"HOBO","HOBO","20545519_ch1",2026-05-01 15:47:22,36.248056640625,NA
"HOBO","HOBO","20545519_ch1",2026-05-01 15:48:22,37.14896484375,NA
"HOBO","HOBO","20545519_ch1",2026-05-01 15:49:22,37.706669921875,NA
"HOBO","HOBO","20545519_ch1",2026-05-01 15:50:22,38.135673828125,NA
"HOBO","HOBO","20545519_ch1",2026-05-01 15:51:22,38.52177734375,NA
"HOBO","HOBO","20545519_ch1",2026-05-01 15:52:22,38.907880859375,NA
"HOBO","HOBO","20545519_ch1",2026-05-01 15:53:22,39.765888671875,NA
"HOBO","HOBO","20545519_ch1",2026-05-01 15:54:22,40.40939453125,"hot"
"HOBO","HOBO","20545519_ch1",2026-05-01 15:55:22,40.709697265625,"hot"
"HOBO","HOBO","20545519_ch1",2026-05-01 15:56:22,40.881298828125,"hot"
"HOBO","HOBO","20545519_ch1",2026-05-01 15:57:22,41.353203125,"hot"
"HOBO","HOBO","20545519_ch1",2026-05-01 15:58:22,41.43900390625,"hot"
"HOBO","HOBO","20545519_ch1",2026-05-01 15:59:22,41.5248046875,"hot"
"HOBO","HOBO","20545519_ch1",2026-05-01 16:00:22,41.5248046875,"hot"
"HOBO","HOBO","20545519_ch1",2026-05-01 16:01:22,41.61060546875,"hot"
"HOBO","HOBO","20545519_ch1",2026-05-01 16:02:22,41.5248046875,"hot"
"HOBO","HOBO","20545519_ch1",2026-05-01 16:03:22,41.567705078125,"hot"
"HOBO","HOBO","20545519_ch1",2026-05-01 16:04:22,41.481904296875,"hot"
"HOBO","HOBO","20545519_ch1",2026-05-01 16:05:22,41.396103515625,"hot"
"HOBO","HOBO","20545519_ch1",2026-05-01 16:06:22,41.353203125,"hot"
"HOBO","HOBO","20545519_ch1",2026-05-01 16:07:22,41.1816015625,"hot"
"HOBO","HOBO","20545519_ch1",2026-05-01 16:08:22,41.138701171875,"hot"
"HOBO","HOBO","20545519_ch1",2026-05-01 16:09:22,41.052900390625,"hot"
"HOBO","HOBO","20545519_ch1",2026-05-01 16:10:22,41.1816015625,"hot"
"HOBO","HOBO","20545519_ch1",2026-05-01 16:11:22,41.26740234375,"hot"
"HOBO","HOBO","20545519_ch1",2026-05-01 16:12:22,41.43900390625,"hot"
"HOBO","HOBO","20545519_ch1",2026-05-01 16:13:22,41.5248046875,NA
"HOBO","HOBO","20545519_ch1",2026-05-01 16:14:22,41.396103515625,NA
"HOBO","HOBO","20545519_ch1",2026-05-01 16:15:22,40.967099609375,NA
"HOBO","HOBO","20545519_ch1",2026-05-01 16:16:22,40.8383984375,NA
"HOBO","HOBO","20545519_ch1",2026-05-01 16:17:22,40.8383984375,NA
"HOBO","HOBO","20545519_ch1",2026-05-01 16:18:22,40.709697265625,NA
"HOBO","HOBO","20545519_ch1",2026-05-01 16:19:22,40.666796875,NA
"HOBO","HOBO","20545519_ch1",2026-05-01 16:20:22,40.4951953125,NA
"HOBO","HOBO","20545519_ch1",2026-05-01 16:21:22,40.366494140625,NA
"HOBO","HOBO","20545519_ch1",2026-05-01 16:22:22,40.280693359375,NA
"HOBO","HOBO","20545519_ch1",2026-05-01 16:23:22,40.366494140625,NA
"HOBO","HOBO","20545519_ch1",2026-05-01 16:24:22,40.23779296875,NA
"HOBO","HOBO","20545519_ch1",2026-05-01 16:25:22,40.1519921875,NA
"HOBO","HOBO","20545519_ch1",2026-05-01 16:26:22,40.1519921875,NA
"HOBO","HOBO","20545519_ch1",2026-05-01 16:27:22,40.023291015625,NA
"HOBO","HOBO","20545519_ch1",2026-05-01 16:28:22,39.851689453125,NA
"HOBO","HOBO","20545519_ch1",2026-05-01 16:29:22,39.765888671875,NA
"HOBO","HOBO","20545519_ch1",2026-05-01 16:30:22,39.72298828125,NA
"HOBO","HOBO","20545519_ch1",2026-05-01 16:31:22,39.079482421875,NA
"HOBO","HOBO","20545519_ch1",2026-05-01 16:32:22,32.301220703125,NA
"HOBO","HOBO","20545519_ch1",2026-05-01 16:33:22,28.22568359375,NA
"HOBO","HOBO","20545519_ch1",2026-05-01 16:34:22,26.16646484375,NA
"HOBO","HOBO","20545519_ch1",2026-05-01 16:35:22,25.093955078125,NA
"HOBO","HOBO","20545519_ch1",2026-05-01 16:36:22,24.193046875,NA
"HOBO","HOBO","20545519_ch1",2026-05-01 16:37:22,23.635341796875,NA
"HOBO","HOBO","20545519_ch1",2026-05-01 16:38:22,23.206337890625,NA
"HOBO","HOBO","20545519_ch1",2026-05-01 16:39:22,22.948935546875,NA
"HOBO","HOBO","20545519_ch1",2026-05-01 16:40:22,22.73443359375,NA
"HOBO","HOBO","20545519_ch1",2026-05-01 16:41:22,22.56283203125,NA
"HOBO","HOBO","20545519_ch1",2026-05-01 16:42:22,22.519931640625,NA
"HOBO","HOBO","20545519_ch1",2026-05-01 16:43:22,22.3054296875,NA
"HOBO","HOBO","20545519_ch1",2026-05-01 16:44:22,22.262529296875,NA
"HOBO","HOBO","20545519_ch1",2026-05-01 16:45:22,22.262529296875,NA
"HOBO","HOBO","20545519_ch1",2026-05-01 16:46:22,22.348330078125,NA
"HOBO","HOBO","20545519_ch1",2026-05-01 16:47:22,22.73443359375,NA
"HOBO","HOBO","20545519_ch1",2026-05-01 16:48:22,23.84984375,NA
"HOBO","HOBO","20545519_ch1",2026-05-01 16:49:22,2.228046875,NA
"HOBO","HOBO","20545519_ch1",2026-05-01 16:50:22,1.541640625,NA
"HOBO","HOBO","20545519_ch1",2026-05-01 16:51:22,1.45583984375,NA
"HOBO","HOBO","20545519_ch1",2026-05-01 16:52:22,1.327138671875,NA
"HOBO","HOBO","20545519_ch1",2026-05-01 16:53:22,1.3700390625,NA
"HOBO","HOBO","20545519_ch1",2026-05-01 16:54:22,1.3700390625,NA
"HOBO","HOBO","20545519_ch1",2026-05-01 16:55:22,0.983935546874996,NA
"HOBO","HOBO","20545519_ch1",2026-05-01 16:56:22,0.855234374999995,"ice"
"HOBO","HOBO","20545519_ch1",2026-05-01 16:57:22,0.683632812500001,"ice"
"HOBO","HOBO","20545519_ch1",2026-05-01 16:58:22,0.640732421875001,"ice"
"HOBO","HOBO","20545519_ch1",2026-05-01 16:59:22,0.59783203125,"ice"
"HOBO","HOBO","20545519_ch1",2026-05-01 17:00:22,0.554931640625,"ice"
"HOBO","HOBO","20545519_ch1",2026-05-01 17:01:22,0.554931640625,"ice"
"HOBO","HOBO","20545519_ch1",2026-05-01 17:02:22,0.51203125,"ice"
"HOBO","HOBO","20545519_ch1",2026-05-01 17:03:22,0.51203125,"ice"
"HOBO","HOBO","20545519_ch1",2026-05-01 17:04:22,0.469130859374999,"ice"
"HOBO","HOBO","20545519_ch1",2026-05-01 17:05:22,0.469130859374999,"ice"
"HOBO","HOBO","20545519_ch1",2026-05-01 17:06:22,0.426230468749999,"ice"
"HOBO","HOBO","20545519_ch1",2026-05-01 17:07:22,0.426230468749999,"ice"
"HOBO","HOBO","20545519_ch1",2026-05-01 17:08:22,0.51203125,"ice"
"HOBO","HOBO","20545519_ch1",2026-05-01 17:09:22,0.426230468749999,"ice"
"HOBO","HOBO","20545519_ch1",2026-05-01 17:10:22,0.51203125,"ice"
"HOBO","HOBO","20545519_ch1",2026-05-01 17:11:22,0.51203125,NA
"HOBO","HOBO","20545519_ch1",2026-05-01 17:12:22,0.469130859374999,NA
"HOBO","HOBO","20545519_ch1",2026-05-01 17:13:22,0.469130859374999,NA
"HOBO","HOBO","20545519_ch1",2026-05-01 17:14:22,0.51203125,NA
"HOBO","HOBO","20545519_ch1",2026-05-01 17:15:22,5.4884765625,NA
"HOBO","HOBO","20545519_ch1",2026-05-01 17:16:22,8.5773046875,NA
"HOBO","HOBO","20545519_ch1",2026-05-01 17:17:22,10.422021484375,NA
"HOBO","HOBO","20545519_ch1",2026-05-01 17:18:22,11.75193359375,NA
"HOBO","HOBO","20545519_ch1",2026-05-01 17:19:22,12.86734375,NA
"HOBO","HOBO","20545519_ch1",2026-05-01 17:20:22,13.596650390625,NA
"HOBO","HOBO","20545519_ch1",2026-05-01 17:21:22,14.283056640625,NA
"HOBO","HOBO","20545519_ch1",2026-05-01 17:22:22,14.84076171875,NA
"HOBO","HOBO","20545519_ch1",2026-05-01 17:23:22,15.312666015625,NA
"HOBO","HOBO","20545519_ch1",2026-05-01 17:24:22,15.655869140625,NA
"HOBO","HOBO","20545519_ch1",2026-05-01 17:25:22,15.956171875,NA
"HOBO","HOBO","20545519_ch1",2026-05-01 17:26:22,16.342275390625,NA
"HOBO","HOBO","20545519_ch1",2026-05-01 17:27:22,16.599677734375,NA
"HOBO","HOBO","20545519_ch1",2026-05-01 17:28:22,16.8141796875,NA
"HOBO","HOBO","20545519_ch1",2026-05-01 17:29:22,17.028681640625,NA
"HOBO","HOBO","20545519_ch1",2026-05-01 17:30:22,17.286083984375,NA
"HOBO","HOBO","20545519_ch1",2026-05-01 17:31:22,17.371884765625,NA
"HOBO","HOBO","20545519_ch1",2026-05-01 17:32:22,17.5005859375,NA
"HOBO","HOBO","20545519_ch1",2026-05-01 17:33:22,17.629287109375,NA
"HOBO","HOBO","20545519_ch1",2026-05-01 17:34:22,17.8437890625,NA
"HOBO","HOBO","20545519_ch1",2026-05-01 17:35:22,17.972490234375,NA
"HOBO","HOBO","20545519_ch1",2026-05-01 17:36:22,18.10119140625,NA
"HOBO","HOBO","20545519_ch1",2026-05-01 17:37:22,18.1869921875,NA
"HOBO","HOBO","20545519_ch1",2026-05-01 17:38:22,18.27279296875,NA
"HOBO","HOBO","20545519_ch1",2026-05-01 17:39:22,18.35859375,NA
"HOBO","HOBO","20545519_ch1",2026-05-01 17:40:22,18.35859375,NA
"HOBO","HOBO","20545519_ch1",2026-05-01 17:41:22,18.401494140625,NA
"HOBO","HOBO","20545519_ch1",2026-05-01 17:42:22,18.487294921875,NA
"HOBO","HOBO","20545519_ch1",2026-05-01 17:43:22,18.5301953125,NA
"HOBO","HOBO","20545519_ch1",2026-05-01 17:44:22,18.61599609375,NA
"HOBO","HOBO","20545519_ch1",2026-05-01 17:45:22,18.658896484375,NA
"HOBO","HOBO","20545519_ch1",2026-05-01 17:46:22,18.744697265625,NA
"HOBO","HOBO","20545519_ch1",2026-05-01 17:47:22,18.78759765625,NA
"HOBO","HOBO","20545519_ch1",2026-05-01 17:48:22,18.8733984375,NA
"HOBO","HOBO","20545519_ch1",2026-05-01 17:49:22,19.045,NA
"HOBO","HOBO","20545519_ch1",2026-05-01 17:50:22,19.173701171875,NA
"HOBO","HOBO","20545519_ch1",2026-05-01 17:51:22,19.259501953125,NA
"HOBO","HOBO","20545519_ch1",2026-05-01 17:52:22,19.30240234375,NA
"HOBO","HOBO","20545519_ch1",2026-05-01 17:53:22,19.345302734375,NA
"HOBO","HOBO","20545519_ch1",2026-05-01 17:54:22,19.431103515625,NA
"HOBO","HOBO","20545519_ch1",2026-05-01 17:55:22,19.516904296875,NA
"HOBO","HOBO","20545519_ch1",2026-05-01 17:56:22,19.516904296875,NA
"HOBO","HOBO","20545519_ch1",2026-05-01 17:57:22,19.5598046875,NA
"HOBO","HOBO","20545519_ch1",2026-05-01 17:58:22,19.602705078125,NA
"HOBO","HOBO","20545519_ch1",2026-05-01 17:59:22,19.64560546875,NA
"HOBO","HOBO","20545519_ch1",2026-05-01 18:00:22,19.602705078125,NA
"HOBO","HOBO","20545519_ch1",2026-05-01 18:01:22,19.64560546875,NA
"HOBO","HOBO","20545519_ch1",2026-05-01 18:02:22,19.688505859375,NA
"HOBO","HOBO","20545519_ch1",2026-05-01 18:03:22,19.73140625,NA
"HOBO","HOBO","20545519_ch1",2026-05-01 18:04:22,19.73140625,NA
"HOBO","HOBO","20545519_ch1",2026-05-01 18:05:22,19.774306640625,NA
"HOBO","HOBO","20545519_ch1",2026-05-01 18:06:22,19.81720703125,NA
"HOBO","HOBO","20545519_ch1",2026-05-01 18:07:22,19.860107421875,NA
"HOBO","HOBO","20545519_ch1",2026-05-01 18:08:22,19.945908203125,NA
"HOBO","HOBO","20545519_ch1",2026-05-01 18:09:22,19.9030078125,NA
"HOBO","HOBO","20545519_ch1",2026-05-01 18:10:22,19.98880859375,NA
"HOBO","HOBO","20545519_ch1",2026-05-01 18:11:22,19.945908203125,NA
"HOBO","HOBO","20545519_ch1",2026-05-01 18:12:22,20.031708984375,NA
"HOBO","HOBO","20545519_ch1",2026-05-01 18:13:22,20.031708984375,NA
"HOBO","HOBO","20545519_ch1",2026-05-01 18:14:22,20.117509765625,NA
"HOBO","HOBO","20545519_ch1",2026-05-01 18:15:22,20.117509765625,NA
"HOBO","HOBO","20545519_ch1",2026-05-01 18:16:22,20.16041015625,NA
"HOBO","HOBO","20545519_ch1",2026-05-01 18:17:22,20.203310546875,NA
"HOBO","HOBO","20545519_ch1",2026-05-01 18:18:22,20.33201171875,NA
"HOBO","HOBO","20545519_ch1",2026-05-01 18:19:22,20.374912109375,NA
"HOBO","HOBO","20545519_ch1",2026-05-01 18:20:22,20.460712890625,NA
"HOBO","HOBO","20545519_ch1",2026-05-01 18:21:22,20.546513671875,NA
"HOBO","HOBO","20545519_ch1",2026-05-01 18:22:22,20.84681640625,NA
"HOBO","HOBO","20545519_ch1",2026-05-01 18:23:22,21.01841796875,NA
"HOBO","HOBO","20545519_ch1",2026-05-01 18:24:22,21.19001953125,NA
"HOBO","HOBO","20545519_ch1",2026-05-01 18:25:22,21.2758203125,NA
"HOBO","HOBO","20545519_ch1",2026-05-01 18:26:22,21.36162109375,NA
"HOBO","HOBO","20545519_ch1",2026-05-01 18:27:22,21.404521484375,NA
"HOBO","HOBO","20545519_ch1",2026-05-01 18:28:22,21.490322265625,NA
"HOBO","HOBO","20545519_ch1",2026-05-01 18:29:22,21.576123046875,NA
"HOBO","HOBO","20545519_ch1",2026-05-01 18:30:22,21.6190234375,NA
"HOBO","HOBO","20545519_ch1",2026-05-01 18:31:22,21.661923828125,NA
"HOBO","HOBO","20545519_ch1",2026-05-01 18:32:22,21.661923828125,NA
"HOBO","HOBO","20545519_ch1",2026-05-01 18:33:22,21.70482421875,NA
"HOBO","HOBO","20545519_ch1",2026-05-01 18:34:22,21.790625,NA
"HOBO","HOBO","20545519_ch1",2026-05-01 18:35:22,21.790625,NA
"HOBO","HOBO","20545519_ch1",2026-05-01 18:36:22,21.87642578125,NA
"HOBO","HOBO","20545519_ch1",2026-05-01 18:37:22,21.919326171875,NA
"HOBO","HOBO","20545519_ch1",2026-05-01 18:38:22,21.919326171875,NA
"HOBO","HOBO","20545519_ch1",2026-05-01 18:39:22,21.9622265625,NA
"HOBO","HOBO","20545519_ch1",2026-05-01 18:40:22,21.9622265625,NA
"HOBO","HOBO","20545519_ch1",2026-05-01 18:41:22,22.005126953125,NA
"HOBO","HOBO","20545519_ch1",2026-05-01 18:42:22,22.04802734375,NA
"HOBO","HOBO","20545519_ch1",2026-05-01 18:43:22,22.090927734375,NA
"HOBO","HOBO","20545519_ch1",2026-05-01 18:44:22,22.090927734375,NA
"HOBO","HOBO","20545519_ch1",2026-05-01 18:45:22,22.176728515625,NA
"HOBO","HOBO","20545519_ch1",2026-05-01 18:46:22,22.133828125,NA
"HOBO","HOBO","20545519_ch1",2026-05-01 18:47:22,22.21962890625,NA
"HOBO","HOBO","20545519_ch1",2026-05-01 18:48:22,22.176728515625,NA
"HOBO","HOBO","20545519_ch1",2026-05-01 18:49:22,22.21962890625,NA
"HOBO","HOBO","20545519_ch1",2026-05-01 18:50:22,22.262529296875,NA
"HOBO","HOBO","20545519_ch1",2026-05-01 18:51:22,22.21962890625,NA
"HOBO","HOBO","20545519_ch1",2026-05-01 18:52:22,22.21962890625,NA
"HOBO","HOBO","20545519_ch1",2026-05-01 18:53:22,22.3054296875,NA
"HOBO","HOBO","20545519_ch1",2026-05-01 18:54:22,22.262529296875,NA
"HOBO","HOBO","20545519_ch1",2026-05-01 18:55:22,22.262529296875,NA
"HOBO","HOBO","20545519_ch1",2026-05-01 18:56:22,22.3054296875,NA
"HOBO","HOBO","20545519_ch1",2026-05-01 18:57:22,22.262529296875,NA
"HOBO","HOBO","20545519_ch1",2026-05-01 18:58:22,22.262529296875,NA
"HOBO","HOBO","20545519_ch1",2026-05-01 18:59:22,22.3054296875,NA
"HOBO","HOBO","20545519_ch2",2026-05-01 15:34:22,24.493349609375,NA
"HOBO","HOBO","20545519_ch2",2026-05-01 15:35:22,24.27884765625,NA
"HOBO","HOBO","20545519_ch2",2026-05-01 15:36:22,24.150146484375,NA
"HOBO","HOBO","20545519_ch2",2026-05-01 15:37:22,27.925380859375,NA
"HOBO","HOBO","20545519_ch2",2026-05-01 15:38:22,31.443212890625,NA
"HOBO","HOBO","20545519_ch2",2026-05-01 15:39:22,33.588232421875,NA
"HOBO","HOBO","20545519_ch2",2026-05-01 15:40:22,32.730224609375,NA
"HOBO","HOBO","20545519_ch2",2026-05-01 15:41:22,33.931435546875,NA
"HOBO","HOBO","20545519_ch2",2026-05-01 15:42:22,35.26134765625,NA
"HOBO","HOBO","20545519_ch2",2026-05-01 15:43:22,36.162255859375,NA
"HOBO","HOBO","20545519_ch2",2026-05-01 15:44:22,36.80576171875,NA
"HOBO","HOBO","20545519_ch2",2026-05-01 15:45:22,37.363466796875,NA
"HOBO","HOBO","20545519_ch2",2026-05-01 15:46:22,38.17857421875,NA
"HOBO","HOBO","20545519_ch2",2026-05-01 15:47:22,38.650478515625,NA
"HOBO","HOBO","20545519_ch2",2026-05-01 15:48:22,38.993681640625,NA
"HOBO","HOBO","20545519_ch2",2026-05-01 15:49:22,39.37978515625,NA
"HOBO","HOBO","20545519_ch2",2026-05-01 15:50:22,39.72298828125,NA
"HOBO","HOBO","20545519_ch2",2026-05-01 15:51:22,39.937490234375,NA
"HOBO","HOBO","20545519_ch2",2026-05-01 15:52:22,40.23779296875,NA
"HOBO","HOBO","20545519_ch2",2026-05-01 15:53:22,40.452294921875,NA
"HOBO","HOBO","20545519_ch2",2026-05-01 15:54:22,40.623896484375,"hot"
"HOBO","HOBO","20545519_ch2",2026-05-01 15:55:22,40.881298828125,"hot"
"HOBO","HOBO","20545519_ch2",2026-05-01 15:56:22,41.01,"hot"
"HOBO","HOBO","20545519_ch2",2026-05-01 15:57:22,41.01,"hot"
"HOBO","HOBO","20545519_ch2",2026-05-01 15:58:22,41.09580078125,"hot"
"HOBO","HOBO","20545519_ch2",2026-05-01 15:59:22,41.01,"hot"
"HOBO","HOBO","20545519_ch2",2026-05-01 16:00:22,40.967099609375,"hot"
"HOBO","HOBO","20545519_ch2",2026-05-01 16:01:22,41.01,"hot"
"HOBO","HOBO","20545519_ch2",2026-05-01 16:02:22,40.967099609375,"hot"
"HOBO","HOBO","20545519_ch2",2026-05-01 16:03:22,40.967099609375,"hot"
"HOBO","HOBO","20545519_ch2",2026-05-01 16:04:22,40.881298828125,"hot"
"HOBO","HOBO","20545519_ch2",2026-05-01 16:05:22,40.881298828125,"hot"
"HOBO","HOBO","20545519_ch2",2026-05-01 16:06:22,40.8383984375,"hot"
"HOBO","HOBO","20545519_ch2",2026-05-01 16:07:22,40.75259765625,"hot"
"HOBO","HOBO","20545519_ch2",2026-05-01 16:08:22,40.709697265625,"hot"
"HOBO","HOBO","20545519_ch2",2026-05-01 16:09:22,40.666796875,"hot"
"HOBO","HOBO","20545519_ch2",2026-05-01 16:10:22,40.75259765625,"hot"
"HOBO","HOBO","20545519_ch2",2026-05-01 16:11:22,40.92419921875,"hot"
"HOBO","HOBO","20545519_ch2",2026-05-01 16:12:22,41.09580078125,"hot"
"HOBO","HOBO","20545519_ch2",2026-05-01 16:13:22,41.1816015625,NA
"HOBO","HOBO","20545519_ch2",2026-05-01 16:14:22,41.5248046875,NA
"HOBO","HOBO","20545519_ch2",2026-05-01 16:15:22,41.310302734375,NA
"HOBO","HOBO","20545519_ch2",2026-05-01 16:16:22,41.43900390625,NA
"HOBO","HOBO","20545519_ch2",2026-05-01 16:17:22,41.26740234375,NA
"HOBO","HOBO","20545519_ch2",2026-05-01 16:18:22,41.138701171875,NA
"HOBO","HOBO","20545519_ch2",2026-05-01 16:19:22,41.138701171875,NA
"HOBO","HOBO","20545519_ch2",2026-05-01 16:20:22,41.01,NA
"HOBO","HOBO","20545519_ch2",2026-05-01 16:21:22,40.967099609375,NA
"HOBO","HOBO","20545519_ch2",2026-05-01 16:22:22,40.92419921875,NA
"HOBO","HOBO","20545519_ch2",2026-05-01 16:23:22,40.8383984375,NA
"HOBO","HOBO","20545519_ch2",2026-05-01 16:24:22,40.8383984375,NA
"HOBO","HOBO","20545519_ch2",2026-05-01 16:25:22,40.666796875,NA
"HOBO","HOBO","20545519_ch2",2026-05-01 16:26:22,40.538095703125,NA
"HOBO","HOBO","20545519_ch2",2026-05-01 16:27:22,40.623896484375,NA
"HOBO","HOBO","20545519_ch2",2026-05-01 16:28:22,40.40939453125,NA
"HOBO","HOBO","20545519_ch2",2026-05-01 16:29:22,40.32359375,NA
"HOBO","HOBO","20545519_ch2",2026-05-01 16:30:22,40.32359375,NA
"HOBO","HOBO","20545519_ch2",2026-05-01 16:31:22,39.1223828125,NA
"HOBO","HOBO","20545519_ch2",2026-05-01 16:32:22,34.40333984375,NA
"HOBO","HOBO","20545519_ch2",2026-05-01 16:33:22,29.984599609375,NA
"HOBO","HOBO","20545519_ch2",2026-05-01 16:34:22,27.19607421875,NA
"HOBO","HOBO","20545519_ch2",2026-05-01 16:35:22,25.437158203125,NA
"HOBO","HOBO","20545519_ch2",2026-05-01 16:36:22,24.3646484375,NA
"HOBO","HOBO","20545519_ch2",2026-05-01 16:37:22,23.6782421875,NA
"HOBO","HOBO","20545519_ch2",2026-05-01 16:38:22,23.292138671875,NA
"HOBO","HOBO","20545519_ch2",2026-05-01 16:39:22,23.07763671875,NA
"HOBO","HOBO","20545519_ch2",2026-05-01 16:40:22,22.90603515625,NA
"HOBO","HOBO","20545519_ch2",2026-05-01 16:41:22,22.777333984375,NA
"HOBO","HOBO","20545519_ch2",2026-05-01 16:42:22,22.777333984375,NA
"HOBO","HOBO","20545519_ch2",2026-05-01 16:43:22,22.73443359375,NA
"HOBO","HOBO","20545519_ch2",2026-05-01 16:44:22,22.605732421875,NA
"HOBO","HOBO","20545519_ch2",2026-05-01 16:45:22,22.56283203125,NA
"HOBO","HOBO","20545519_ch2",2026-05-01 16:46:22,22.519931640625,NA
"HOBO","HOBO","20545519_ch2",2026-05-01 16:47:22,22.605732421875,NA
"HOBO","HOBO","20545519_ch2",2026-05-01 16:48:22,23.292138671875,NA
"HOBO","HOBO","20545519_ch2",2026-05-01 16:49:22,4.587568359375,NA
"HOBO","HOBO","20545519_ch2",2026-05-01 16:50:22,2.31384765625,NA
"HOBO","HOBO","20545519_ch2",2026-05-01 16:51:22,2.099345703125,NA
"HOBO","HOBO","20545519_ch2",2026-05-01 16:52:22,1.670341796875,NA
"HOBO","HOBO","20545519_ch2",2026-05-01 16:53:22,1.541640625,NA
"HOBO","HOBO","20545519_ch2",2026-05-01 16:54:22,1.541640625,NA
"HOBO","HOBO","20545519_ch2",2026-05-01 16:55:22,1.0268359375,NA
"HOBO","HOBO","20545519_ch2",2026-05-01 16:56:22,0.898134765624995,"ice"
"HOBO","HOBO","20545519_ch2",2026-05-01 16:57:22,0.812333984375002,"ice"
"HOBO","HOBO","20545519_ch2",2026-05-01 16:58:22,0.769433593750001,"ice"
"HOBO","HOBO","20545519_ch2",2026-05-01 16:59:22,0.683632812500001,"ice"
"HOBO","HOBO","20545519_ch2",2026-05-01 17:00:22,0.683632812500001,"ice"
"HOBO","HOBO","20545519_ch2",2026-05-01 17:01:22,0.59783203125,"ice"
"HOBO","HOBO","20545519_ch2",2026-05-01 17:02:22,0.59783203125,"ice"
"HOBO","HOBO","20545519_ch2",2026-05-01 17:03:22,0.59783203125,"ice"
"HOBO","HOBO","20545519_ch2",2026-05-01 17:04:22,0.59783203125,"ice"
"HOBO","HOBO","20545519_ch2",2026-05-01 17:05:22,0.554931640625,"ice"
"HOBO","HOBO","20545519_ch2",2026-05-01 17:06:22,0.554931640625,"ice"
"HOBO","HOBO","20545519_ch2",2026-05-01 17:07:22,0.59783203125,"ice"
"HOBO","HOBO","20545519_ch2",2026-05-01 17:08:22,0.59783203125,"ice"
"HOBO","HOBO","20545519_ch2",2026-05-01 17:09:22,0.59783203125,"ice"
"HOBO","HOBO","20545519_ch2",2026-05-01 17:10:22,0.554931640625,"ice"
"HOBO","HOBO","20545519_ch2",2026-05-01 17:11:22,0.59783203125,NA
"HOBO","HOBO","20545519_ch2",2026-05-01 17:12:22,0.554931640625,NA
"HOBO","HOBO","20545519_ch2",2026-05-01 17:13:22,0.59783203125,NA
"HOBO","HOBO","20545519_ch2",2026-05-01 17:14:22,0.640732421875001,NA
"HOBO","HOBO","20545519_ch2",2026-05-01 17:15:22,4.54466796875,NA
"HOBO","HOBO","20545519_ch2",2026-05-01 17:16:22,7.2044921875,NA
"HOBO","HOBO","20545519_ch2",2026-05-01 17:17:22,9.2637109375,NA
"HOBO","HOBO","20545519_ch2",2026-05-01 17:18:22,10.851025390625,NA
"HOBO","HOBO","20545519_ch2",2026-05-01 17:19:22,12.09513671875,NA
"HOBO","HOBO","20545519_ch2",2026-05-01 17:20:22,13.081845703125,NA
"HOBO","HOBO","20545519_ch2",2026-05-01 17:21:22,13.939853515625,NA
"HOBO","HOBO","20545519_ch2",2026-05-01 17:22:22,14.66916015625,NA
"HOBO","HOBO","20545519_ch2",2026-05-01 17:23:22,15.226865234375,NA
"HOBO","HOBO","20545519_ch2",2026-05-01 17:24:22,15.741669921875,NA
"HOBO","HOBO","20545519_ch2",2026-05-01 17:25:22,16.170673828125,NA
"HOBO","HOBO","20545519_ch2",2026-05-01 17:26:22,16.55677734375,NA
"HOBO","HOBO","20545519_ch2",2026-05-01 17:27:22,16.857080078125,NA
"HOBO","HOBO","20545519_ch2",2026-05-01 17:28:22,17.07158203125,NA
"HOBO","HOBO","20545519_ch2",2026-05-01 17:29:22,17.328984375,NA
"HOBO","HOBO","20545519_ch2",2026-05-01 17:30:22,17.543486328125,NA
"HOBO","HOBO","20545519_ch2",2026-05-01 17:31:22,17.715087890625,NA
"HOBO","HOBO","20545519_ch2",2026-05-01 17:32:22,17.886689453125,NA
"HOBO","HOBO","20545519_ch2",2026-05-01 17:33:22,18.144091796875,NA
"HOBO","HOBO","20545519_ch2",2026-05-01 17:34:22,18.229892578125,NA
"HOBO","HOBO","20545519_ch2",2026-05-01 17:35:22,18.35859375,NA
"HOBO","HOBO","20545519_ch2",2026-05-01 17:36:22,18.487294921875,NA
"HOBO","HOBO","20545519_ch2",2026-05-01 17:37:22,18.5301953125,NA
"HOBO","HOBO","20545519_ch2",2026-05-01 17:38:22,18.658896484375,NA
"HOBO","HOBO","20545519_ch2",2026-05-01 17:39:22,18.701796875,NA
"HOBO","HOBO","20545519_ch2",2026-05-01 17:40:22,18.78759765625,NA
"HOBO","HOBO","20545519_ch2",2026-05-01 17:41:22,18.8733984375,NA
"HOBO","HOBO","20545519_ch2",2026-05-01 17:42:22,18.916298828125,NA
"HOBO","HOBO","20545519_ch2",2026-05-01 17:43:22,19.002099609375,NA
"HOBO","HOBO","20545519_ch2",2026-05-01 17:44:22,19.2166015625,NA
"HOBO","HOBO","20545519_ch2",2026-05-01 17:45:22,19.345302734375,NA
"HOBO","HOBO","20545519_ch2",2026-05-01 17:46:22,19.431103515625,NA
"HOBO","HOBO","20545519_ch2",2026-05-01 17:47:22,19.47400390625,NA
"HOBO","HOBO","20545519_ch2",2026-05-01 17:48:22,19.5598046875,NA
"HOBO","HOBO","20545519_ch2",2026-05-01 17:49:22,19.602705078125,NA
"HOBO","HOBO","20545519_ch2",2026-05-01 17:50:22,19.64560546875,NA
"HOBO","HOBO","20545519_ch2",2026-05-01 17:51:22,19.688505859375,NA
"HOBO","HOBO","20545519_ch2",2026-05-01 17:52:22,19.774306640625,NA
"HOBO","HOBO","20545519_ch2",2026-05-01 17:53:22,19.774306640625,NA
"HOBO","HOBO","20545519_ch2",2026-05-01 17:54:22,19.81720703125,NA
"HOBO","HOBO","20545519_ch2",2026-05-01 17:55:22,19.9030078125,NA
"HOBO","HOBO","20545519_ch2",2026-05-01 17:56:22,19.945908203125,NA
"HOBO","HOBO","20545519_ch2",2026-05-01 17:57:22,19.945908203125,NA
"HOBO","HOBO","20545519_ch2",2026-05-01 17:58:22,19.945908203125,NA
"HOBO","HOBO","20545519_ch2",2026-05-01 17:59:22,20.031708984375,NA
"HOBO","HOBO","20545519_ch2",2026-05-01 18:00:22,20.074609375,NA
"HOBO","HOBO","20545519_ch2",2026-05-01 18:01:22,20.16041015625,NA
"HOBO","HOBO","20545519_ch2",2026-05-01 18:02:22,20.16041015625,NA
"HOBO","HOBO","20545519_ch2",2026-05-01 18:03:22,20.289111328125,NA
"HOBO","HOBO","20545519_ch2",2026-05-01 18:04:22,20.203310546875,NA
"HOBO","HOBO","20545519_ch2",2026-05-01 18:05:22,20.33201171875,NA
"HOBO","HOBO","20545519_ch2",2026-05-01 18:06:22,20.33201171875,NA
"HOBO","HOBO","20545519_ch2",2026-05-01 18:07:22,20.374912109375,NA
"HOBO","HOBO","20545519_ch2",2026-05-01 18:08:22,20.4178125,NA
"HOBO","HOBO","20545519_ch2",2026-05-01 18:09:22,20.374912109375,NA
"HOBO","HOBO","20545519_ch2",2026-05-01 18:10:22,20.4178125,NA
"HOBO","HOBO","20545519_ch2",2026-05-01 18:11:22,20.50361328125,NA
"HOBO","HOBO","20545519_ch2",2026-05-01 18:12:22,20.50361328125,NA
"HOBO","HOBO","20545519_ch2",2026-05-01 18:13:22,20.546513671875,NA
"HOBO","HOBO","20545519_ch2",2026-05-01 18:14:22,20.632314453125,NA
"HOBO","HOBO","20545519_ch2",2026-05-01 18:15:22,20.67521484375,NA
"HOBO","HOBO","20545519_ch2",2026-05-01 18:16:22,20.761015625,NA
"HOBO","HOBO","20545519_ch2",2026-05-01 18:17:22,20.84681640625,NA
"HOBO","HOBO","20545519_ch2",2026-05-01 18:18:22,21.01841796875,NA
"HOBO","HOBO","20545519_ch2",2026-05-01 18:19:22,21.147119140625,NA
"HOBO","HOBO","20545519_ch2",2026-05-01 18:20:22,21.318720703125,NA
"HOBO","HOBO","20545519_ch2",2026-05-01 18:21:22,21.36162109375,NA
"HOBO","HOBO","20545519_ch2",2026-05-01 18:22:22,21.447421875,NA
"HOBO","HOBO","20545519_ch2",2026-05-01 18:23:22,21.53322265625,NA
"HOBO","HOBO","20545519_ch2",2026-05-01 18:24:22,21.576123046875,NA
"HOBO","HOBO","20545519_ch2",2026-05-01 18:25:22,21.70482421875,NA
"HOBO","HOBO","20545519_ch2",2026-05-01 18:26:22,21.70482421875,NA
"HOBO","HOBO","20545519_ch2",2026-05-01 18:27:22,21.747724609375,NA
"HOBO","HOBO","20545519_ch2",2026-05-01 18:28:22,21.833525390625,NA
"HOBO","HOBO","20545519_ch2",2026-05-01 18:29:22,21.833525390625,NA
"HOBO","HOBO","20545519_ch2",2026-05-01 18:30:22,21.919326171875,NA
"HOBO","HOBO","20545519_ch2",2026-05-01 18:31:22,21.87642578125,NA
"HOBO","HOBO","20545519_ch2",2026-05-01 18:32:22,21.9622265625,NA
"HOBO","HOBO","20545519_ch2",2026-05-01 18:33:22,22.04802734375,NA
"HOBO","HOBO","20545519_ch2",2026-05-01 18:34:22,22.04802734375,NA
"HOBO","HOBO","20545519_ch2",2026-05-01 18:35:22,22.090927734375,NA
"HOBO","HOBO","20545519_ch2",2026-05-01 18:36:22,22.090927734375,NA
"HOBO","HOBO","20545519_ch2",2026-05-01 18:37:22,22.090927734375,NA
"HOBO","HOBO","20545519_ch2",2026-05-01 18:38:22,22.090927734375,NA
"HOBO","HOBO","20545519_ch2",2026-05-01 18:39:22,22.133828125,NA
"HOBO","HOBO","20545519_ch2",2026-05-01 18:40:22,22.176728515625,NA
"HOBO","HOBO","20545519_ch2",2026-05-01 18:41:22,22.176728515625,NA
"HOBO","HOBO","20545519_ch2",2026-05-01 18:42:22,22.176728515625,NA
"HOBO","HOBO","20545519_ch2",2026-05-01 18:43:22,22.262529296875,NA
"HOBO","HOBO","20545519_ch2",2026-05-01 18:44:22,22.262529296875,NA
"HOBO","HOBO","20545519_ch2",2026-05-01 18:45:22,22.348330078125,NA
"HOBO","HOBO","20545519_ch2",2026-05-01 18:46:22,22.348330078125,NA
"HOBO","HOBO","20545519_ch2",2026-05-01 18:47:22,22.3054296875,NA
"HOBO","HOBO","20545519_ch2",2026-05-01 18:48:22,22.348330078125,NA
"HOBO","HOBO","20545519_ch2",2026-05-01 18:49:22,22.348330078125,NA
"HOBO","HOBO","20545519_ch2",2026-05-01 18:50:22,22.39123046875,NA
"HOBO","HOBO","20545519_ch2",2026-05-01 18:51:22,22.348330078125,NA
"HOBO","HOBO","20545519_ch2",2026-05-01 18:52:22,22.348330078125,NA
"HOBO","HOBO","20545519_ch2",2026-05-01 18:53:22,22.348330078125,NA
"HOBO","HOBO","20545519_ch2",2026-05-01 18:54:22,22.348330078125,NA
"HOBO","HOBO","20545519_ch2",2026-05-01 18:55:22,22.39123046875,NA
"HOBO","HOBO","20545519_ch2",2026-05-01 18:56:22,22.39123046875,NA
"HOBO","HOBO","20545519_ch2",2026-05-01 18:57:22,22.39123046875,NA
"HOBO","HOBO","20545519_ch2",2026-05-01 18:58:22,22.434130859375,NA
"HOBO","HOBO","20545519_ch2",2026-05-01 18:59:22,22.39123046875,NA
"HOBO","HOBO","20793679_ch1",2026-05-01 15:33:31,24.235947265625,NA
"HOBO","HOBO","20793679_ch1",2026-05-01 15:34:31,24.064345703125,NA
"HOBO","HOBO","20793679_ch1",2026-05-01 15:35:31,23.93564453125,NA
"HOBO","HOBO","20793679_ch1",2026-05-01 15:36:31,23.93564453125,NA
"HOBO","HOBO","20793679_ch1",2026-05-01 15:37:31,32.00091796875,NA
"HOBO","HOBO","20793679_ch1",2026-05-01 15:38:31,35.733251953125,NA
"HOBO","HOBO","20793679_ch1",2026-05-01 15:39:31,36.848662109375,NA
"HOBO","HOBO","20793679_ch1",2026-05-01 15:40:31,36.97736328125,NA
"HOBO","HOBO","20793679_ch1",2026-05-01 15:41:31,36.8915625,NA
"HOBO","HOBO","20793679_ch1",2026-05-01 15:42:31,38.52177734375,NA
"HOBO","HOBO","20793679_ch1",2026-05-01 15:43:31,37.921171875,NA
"HOBO","HOBO","20793679_ch1",2026-05-01 15:44:31,37.49216796875,NA
"HOBO","HOBO","20793679_ch1",2026-05-01 15:45:31,37.706669921875,NA
"HOBO","HOBO","20793679_ch1",2026-05-01 15:46:31,39.336884765625,NA
"HOBO","HOBO","20793679_ch1",2026-05-01 15:47:31,38.393076171875,NA
"HOBO","HOBO","20793679_ch1",2026-05-01 15:48:31,38.86498046875,NA
"HOBO","HOBO","20793679_ch1",2026-05-01 15:49:31,39.251083984375,NA
"HOBO","HOBO","20793679_ch1",2026-05-01 15:50:31,39.55138671875,NA
"HOBO","HOBO","20793679_ch1",2026-05-01 15:51:31,39.851689453125,NA
"HOBO","HOBO","20793679_ch1",2026-05-01 15:52:31,40.06619140625,NA
"HOBO","HOBO","20793679_ch1",2026-05-01 15:53:31,40.23779296875,NA
"HOBO","HOBO","20793679_ch1",2026-05-01 15:54:31,40.452294921875,"hot"
"HOBO","HOBO","20793679_ch1",2026-05-01 15:55:31,40.4951953125,"hot"
"HOBO","HOBO","20793679_ch1",2026-05-01 15:56:31,40.58099609375,"hot"
"HOBO","HOBO","20793679_ch1",2026-05-01 15:57:31,40.666796875,"hot"
"HOBO","HOBO","20793679_ch1",2026-05-01 15:58:31,40.75259765625,"hot"
"HOBO","HOBO","20793679_ch1",2026-05-01 15:59:31,40.709697265625,"hot"
"HOBO","HOBO","20793679_ch1",2026-05-01 16:00:31,40.709697265625,"hot"
"HOBO","HOBO","20793679_ch1",2026-05-01 16:01:31,40.709697265625,"hot"
"HOBO","HOBO","20793679_ch1",2026-05-01 16:02:31,40.623896484375,"hot"
"HOBO","HOBO","20793679_ch1",2026-05-01 16:03:31,40.538095703125,"hot"
"HOBO","HOBO","20793679_ch1",2026-05-01 16:04:31,40.538095703125,"hot"
"HOBO","HOBO","20793679_ch1",2026-05-01 16:05:31,40.452294921875,"hot"
"HOBO","HOBO","20793679_ch1",2026-05-01 16:06:31,40.366494140625,"hot"
"HOBO","HOBO","20793679_ch1",2026-05-01 16:07:31,40.32359375,"hot"
"HOBO","HOBO","20793679_ch1",2026-05-01 16:08:31,40.58099609375,"hot"
"HOBO","HOBO","20793679_ch1",2026-05-01 16:09:31,41.052900390625,"hot"
"HOBO","HOBO","20793679_ch1",2026-05-01 16:10:31,41.09580078125,"hot"
"HOBO","HOBO","20793679_ch1",2026-05-01 16:11:31,40.92419921875,"hot"
"HOBO","HOBO","20793679_ch1",2026-05-01 16:12:31,40.881298828125,"hot"
"HOBO","HOBO","20793679_ch1",2026-05-01 16:13:31,40.967099609375,NA
"HOBO","HOBO","20793679_ch1",2026-05-01 16:14:31,41.69640625,NA
"HOBO","HOBO","20793679_ch1",2026-05-01 16:15:31,41.43900390625,NA
"HOBO","HOBO","20793679_ch1",2026-05-01 16:16:31,41.353203125,NA
"HOBO","HOBO","20793679_ch1",2026-05-01 16:17:31,41.481904296875,NA
"HOBO","HOBO","20793679_ch1",2026-05-01 16:18:31,41.69640625,NA
"HOBO","HOBO","20793679_ch1",2026-05-01 16:19:31,41.653505859375,NA
"HOBO","HOBO","20793679_ch1",2026-05-01 16:20:31,41.61060546875,NA
"HOBO","HOBO","20793679_ch1",2026-05-01 16:21:31,41.43900390625,NA
"HOBO","HOBO","20793679_ch1",2026-05-01 16:22:31,41.396103515625,NA
"HOBO","HOBO","20793679_ch1",2026-05-01 16:23:31,41.26740234375,NA
"HOBO","HOBO","20793679_ch1",2026-05-01 16:24:31,41.052900390625,NA
"HOBO","HOBO","20793679_ch1",2026-05-01 16:25:31,40.795498046875,NA
"HOBO","HOBO","20793679_ch1",2026-05-01 16:26:31,40.795498046875,NA
"HOBO","HOBO","20793679_ch1",2026-05-01 16:27:31,40.795498046875,NA
"HOBO","HOBO","20793679_ch1",2026-05-01 16:28:31,40.58099609375,NA
"HOBO","HOBO","20793679_ch1",2026-05-01 16:29:31,40.452294921875,NA
"HOBO","HOBO","20793679_ch1",2026-05-01 16:30:31,40.366494140625,NA
"HOBO","HOBO","20793679_ch1",2026-05-01 16:31:31,34.617841796875,NA
"HOBO","HOBO","20793679_ch1",2026-05-01 16:32:31,29.77009765625,NA
"HOBO","HOBO","20793679_ch1",2026-05-01 16:33:31,27.625078125,NA
"HOBO","HOBO","20793679_ch1",2026-05-01 16:34:31,26.123564453125,NA
"HOBO","HOBO","20793679_ch1",2026-05-01 16:35:31,25.0510546875,NA
"HOBO","HOBO","20793679_ch1",2026-05-01 16:36:31,24.321748046875,NA
"HOBO","HOBO","20793679_ch1",2026-05-01 16:37:31,23.84984375,NA
"HOBO","HOBO","20793679_ch1",2026-05-01 16:38:31,23.506640625,NA
"HOBO","HOBO","20793679_ch1",2026-05-01 16:39:31,23.24923828125,NA
"HOBO","HOBO","20793679_ch1",2026-05-01 16:40:31,23.1634375,NA
"HOBO","HOBO","20793679_ch1",2026-05-01 16:41:31,23.034736328125,NA
"HOBO","HOBO","20793679_ch1",2026-05-01 16:42:31,22.90603515625,NA
"HOBO","HOBO","20793679_ch1",2026-05-01 16:43:31,22.90603515625,NA
"HOBO","HOBO","20793679_ch1",2026-05-01 16:44:31,23.120537109375,NA
"HOBO","HOBO","20793679_ch1",2026-05-01 16:45:31,23.549541015625,NA
"HOBO","HOBO","20793679_ch1",2026-05-01 16:46:31,19.431103515625,NA
"HOBO","HOBO","20793679_ch1",2026-05-01 16:47:31,6.21778320312499,NA
"HOBO","HOBO","20793679_ch1",2026-05-01 16:48:31,3.25765625,NA
"HOBO","HOBO","20793679_ch1",2026-05-01 16:49:31,1.541640625,NA
"HOBO","HOBO","20793679_ch1",2026-05-01 16:50:31,1.327138671875,NA
"HOBO","HOBO","20793679_ch1",2026-05-01 16:51:31,1.327138671875,NA
"HOBO","HOBO","20793679_ch1",2026-05-01 16:52:31,1.1984375,NA
"HOBO","HOBO","20793679_ch1",2026-05-01 16:53:31,1.11263671875,NA
"HOBO","HOBO","20793679_ch1",2026-05-01 16:54:31,0.855234374999995,NA
"HOBO","HOBO","20793679_ch1",2026-05-01 16:55:31,0.812333984375002,NA
"HOBO","HOBO","20793679_ch1",2026-05-01 16:56:31,0.683632812500001,"ice"
"HOBO","HOBO","20793679_ch1",2026-05-01 16:57:31,0.683632812500001,"ice"
"HOBO","HOBO","20793679_ch1",2026-05-01 16:58:31,0.683632812500001,"ice"
"HOBO","HOBO","20793679_ch1",2026-05-01 16:59:31,0.640732421875001,"ice"
"HOBO","HOBO","20793679_ch1",2026-05-01 17:00:31,0.640732421875001,"ice"
"HOBO","HOBO","20793679_ch1",2026-05-01 17:01:31,0.683632812500001,"ice"
"HOBO","HOBO","20793679_ch1",2026-05-01 17:02:31,0.640732421875001,"ice"
"HOBO","HOBO","20793679_ch1",2026-05-01 17:03:31,0.640732421875001,"ice"
"HOBO","HOBO","20793679_ch1",2026-05-01 17:04:31,0.683632812500001,"ice"
"HOBO","HOBO","20793679_ch1",2026-05-01 17:05:31,0.640732421875001,"ice"
"HOBO","HOBO","20793679_ch1",2026-05-01 17:06:31,0.640732421875001,"ice"
"HOBO","HOBO","20793679_ch1",2026-05-01 17:07:31,0.59783203125,"ice"
"HOBO","HOBO","20793679_ch1",2026-05-01 17:08:31,0.59783203125,"ice"
"HOBO","HOBO","20793679_ch1",2026-05-01 17:09:31,0.59783203125,"ice"
"HOBO","HOBO","20793679_ch1",2026-05-01 17:10:31,0.683632812500001,"ice"
"HOBO","HOBO","20793679_ch1",2026-05-01 17:11:31,0.59783203125,NA
"HOBO","HOBO","20793679_ch1",2026-05-01 17:12:31,0.59783203125,NA
"HOBO","HOBO","20793679_ch1",2026-05-01 17:13:31,0.683632812500001,NA
"HOBO","HOBO","20793679_ch1",2026-05-01 17:14:31,0.640732421875001,NA
"HOBO","HOBO","20793679_ch1",2026-05-01 17:15:31,7.933798828125,NA
"HOBO","HOBO","20793679_ch1",2026-05-01 17:16:31,10.851025390625,NA
"HOBO","HOBO","20793679_ch1",2026-05-01 17:17:31,12.43833984375,NA
"HOBO","HOBO","20793679_ch1",2026-05-01 17:18:31,13.510849609375,NA
"HOBO","HOBO","20793679_ch1",2026-05-01 17:19:31,14.368857421875,NA
"HOBO","HOBO","20793679_ch1",2026-05-01 17:20:31,15.226865234375,NA
"HOBO","HOBO","20793679_ch1",2026-05-01 17:21:31,15.7845703125,NA
"HOBO","HOBO","20793679_ch1",2026-05-01 17:22:31,16.342275390625,NA
"HOBO","HOBO","20793679_ch1",2026-05-01 17:23:31,16.857080078125,NA
"HOBO","HOBO","20793679_ch1",2026-05-01 17:24:31,17.286083984375,NA
"HOBO","HOBO","20793679_ch1",2026-05-01 17:25:31,17.629287109375,NA
"HOBO","HOBO","20793679_ch1",2026-05-01 17:26:31,17.92958984375,NA
"HOBO","HOBO","20793679_ch1",2026-05-01 17:27:31,18.10119140625,NA
"HOBO","HOBO","20793679_ch1",2026-05-01 17:28:31,18.315693359375,NA
"HOBO","HOBO","20793679_ch1",2026-05-01 17:29:31,18.5301953125,NA
"HOBO","HOBO","20793679_ch1",2026-05-01 17:30:31,18.658896484375,NA
"HOBO","HOBO","20793679_ch1",2026-05-01 17:31:31,18.701796875,NA
"HOBO","HOBO","20793679_ch1",2026-05-01 17:32:31,18.830498046875,NA
"HOBO","HOBO","20793679_ch1",2026-05-01 17:33:31,18.916298828125,NA
"HOBO","HOBO","20793679_ch1",2026-05-01 17:34:31,18.95919921875,NA
"HOBO","HOBO","20793679_ch1",2026-05-01 17:35:31,19.045,NA
"HOBO","HOBO","20793679_ch1",2026-05-01 17:36:31,19.087900390625,NA
"HOBO","HOBO","20793679_ch1",2026-05-01 17:37:31,19.13080078125,NA
"HOBO","HOBO","20793679_ch1",2026-05-01 17:38:31,19.2166015625,NA
"HOBO","HOBO","20793679_ch1",2026-05-01 17:39:31,19.259501953125,NA
"HOBO","HOBO","20793679_ch1",2026-05-01 17:40:31,19.345302734375,NA
"HOBO","HOBO","20793679_ch1",2026-05-01 17:41:31,19.388203125,NA
"HOBO","HOBO","20793679_ch1",2026-05-01 17:42:31,19.431103515625,NA
"HOBO","HOBO","20793679_ch1",2026-05-01 17:43:31,19.47400390625,NA
"HOBO","HOBO","20793679_ch1",2026-05-01 17:44:31,19.516904296875,NA
"HOBO","HOBO","20793679_ch1",2026-05-01 17:45:31,19.5598046875,NA
"HOBO","HOBO","20793679_ch1",2026-05-01 17:46:31,19.602705078125,NA
"HOBO","HOBO","20793679_ch1",2026-05-01 17:47:31,19.602705078125,NA
"HOBO","HOBO","20793679_ch1",2026-05-01 17:48:31,19.688505859375,NA
"HOBO","HOBO","20793679_ch1",2026-05-01 17:49:31,19.73140625,NA
"HOBO","HOBO","20793679_ch1",2026-05-01 17:50:31,19.688505859375,NA
"HOBO","HOBO","20793679_ch1",2026-05-01 17:51:31,19.774306640625,NA
"HOBO","HOBO","20793679_ch1",2026-05-01 17:52:31,19.774306640625,NA
"HOBO","HOBO","20793679_ch1",2026-05-01 17:53:31,19.774306640625,NA
"HOBO","HOBO","20793679_ch1",2026-05-01 17:54:31,19.81720703125,NA
"HOBO","HOBO","20793679_ch1",2026-05-01 17:55:31,19.860107421875,NA
"HOBO","HOBO","20793679_ch1",2026-05-01 17:56:31,19.945908203125,NA
"HOBO","HOBO","20793679_ch1",2026-05-01 17:57:31,19.9030078125,NA
"HOBO","HOBO","20793679_ch1",2026-05-01 17:58:31,19.98880859375,NA
"HOBO","HOBO","20793679_ch1",2026-05-01 17:59:31,19.98880859375,NA
"HOBO","HOBO","20793679_ch1",2026-05-01 18:00:31,19.98880859375,NA
"HOBO","HOBO","20793679_ch1",2026-05-01 18:01:31,20.074609375,NA
"HOBO","HOBO","20793679_ch1",2026-05-01 18:02:31,20.117509765625,NA
"HOBO","HOBO","20793679_ch1",2026-05-01 18:03:31,20.16041015625,NA
"HOBO","HOBO","20793679_ch1",2026-05-01 18:04:31,20.2462109375,NA
"HOBO","HOBO","20793679_ch1",2026-05-01 18:05:31,20.289111328125,NA
"HOBO","HOBO","20793679_ch1",2026-05-01 18:06:31,20.289111328125,NA
"HOBO","HOBO","20793679_ch1",2026-05-01 18:07:31,20.374912109375,NA
"HOBO","HOBO","20793679_ch1",2026-05-01 18:08:31,20.4178125,NA
"HOBO","HOBO","20793679_ch1",2026-05-01 18:09:31,20.460712890625,NA
"HOBO","HOBO","20793679_ch1",2026-05-01 18:10:31,20.50361328125,NA
"HOBO","HOBO","20793679_ch1",2026-05-01 18:11:31,20.546513671875,NA
"HOBO","HOBO","20793679_ch1",2026-05-01 18:12:31,20.546513671875,NA
"HOBO","HOBO","20793679_ch1",2026-05-01 18:13:31,20.632314453125,NA
"HOBO","HOBO","20793679_ch1",2026-05-01 18:14:31,20.67521484375,NA
"HOBO","HOBO","20793679_ch1",2026-05-01 18:15:31,20.718115234375,NA
"HOBO","HOBO","20793679_ch1",2026-05-01 18:16:31,20.718115234375,NA
"HOBO","HOBO","20793679_ch1",2026-05-01 18:17:31,20.84681640625,NA
"HOBO","HOBO","20793679_ch1",2026-05-01 18:18:31,20.84681640625,NA
"HOBO","HOBO","20793679_ch1",2026-05-01 18:19:31,20.889716796875,NA
"HOBO","HOBO","20793679_ch1",2026-05-01 18:20:31,20.975517578125,NA
"HOBO","HOBO","20793679_ch1",2026-05-01 18:21:31,20.975517578125,NA
"HOBO","HOBO","20793679_ch1",2026-05-01 18:22:31,20.975517578125,NA
"HOBO","HOBO","20793679_ch1",2026-05-01 18:23:31,21.01841796875,NA
"HOBO","HOBO","20793679_ch1",2026-05-01 18:24:31,21.061318359375,NA
"HOBO","HOBO","20793679_ch1",2026-05-01 18:25:31,21.10421875,NA
"HOBO","HOBO","20793679_ch1",2026-05-01 18:26:31,21.10421875,NA
"HOBO","HOBO","20793679_ch1",2026-05-01 18:27:31,21.10421875,NA
"HOBO","HOBO","20793679_ch1",2026-05-01 18:28:31,21.10421875,NA
"HOBO","HOBO","20793679_ch1",2026-05-01 18:29:31,21.19001953125,NA
"HOBO","HOBO","20793679_ch1",2026-05-01 18:30:31,21.19001953125,NA
"HOBO","HOBO","20793679_ch1",2026-05-01 18:31:31,21.19001953125,NA
"HOBO","HOBO","20793679_ch1",2026-05-01 18:32:31,21.232919921875,NA
"HOBO","HOBO","20793679_ch1",2026-05-01 18:33:31,21.318720703125,NA
"HOBO","HOBO","20793679_ch1",2026-05-01 18:34:31,21.2758203125,NA
"HOBO","HOBO","20793679_ch1",2026-05-01 18:35:31,21.2758203125,NA
"HOBO","HOBO","20793679_ch1",2026-05-01 18:36:31,21.318720703125,NA
"HOBO","HOBO","20793679_ch1",2026-05-01 18:37:31,21.318720703125,NA
"HOBO","HOBO","20793679_ch1",2026-05-01 18:38:31,21.36162109375,NA
"HOBO","HOBO","20793679_ch1",2026-05-01 18:39:31,21.36162109375,NA
"HOBO","HOBO","20793679_ch1",2026-05-01 18:40:31,21.404521484375,NA
"HOBO","HOBO","20793679_ch1",2026-05-01 18:41:31,21.36162109375,NA
"HOBO","HOBO","20793679_ch1",2026-05-01 18:42:31,21.404521484375,NA
"HOBO","HOBO","20793679_ch1",2026-05-01 18:43:31,21.447421875,NA
"HOBO","HOBO","20793679_ch1",2026-05-01 18:44:31,21.447421875,NA
"HOBO","HOBO","20793679_ch1",2026-05-01 18:45:31,21.447421875,NA
"HOBO","HOBO","20793679_ch1",2026-05-01 18:46:31,21.490322265625,NA
"HOBO","HOBO","20793679_ch1",2026-05-01 18:47:31,21.576123046875,NA
"HOBO","HOBO","20793679_ch1",2026-05-01 18:48:31,21.490322265625,NA
"HOBO","HOBO","20793679_ch1",2026-05-01 18:49:31,21.576123046875,NA
"HOBO","HOBO","20793679_ch1",2026-05-01 18:50:31,21.576123046875,NA
"HOBO","HOBO","20793679_ch1",2026-05-01 18:51:31,21.6190234375,NA
"HOBO","HOBO","20793679_ch1",2026-05-01 18:52:31,21.6190234375,NA
"HOBO","HOBO","20793679_ch1",2026-05-01 18:53:31,21.661923828125,NA
"HOBO","HOBO","20793679_ch1",2026-05-01 18:54:31,21.661923828125,NA
"HOBO","HOBO","20793679_ch1",2026-05-01 18:55:31,21.70482421875,NA
"HOBO","HOBO","20793679_ch1",2026-05-01 18:56:31,21.70482421875,NA
"HOBO","HOBO","20793679_ch1",2026-05-01 18:57:31,21.70482421875,NA
"HOBO","HOBO","20793679_ch1",2026-05-01 18:58:31,21.747724609375,NA
"HOBO","HOBO","20793679_ch1",2026-05-01 18:59:31,21.790625,NA
"HOBO","HOBO","20793679_ch2",2026-05-01 15:33:31,23.93564453125,NA
"HOBO","HOBO","20793679_ch2",2026-05-01 15:34:31,23.892744140625,NA
"HOBO","HOBO","20793679_ch2",2026-05-01 15:35:31,23.721142578125,NA
"HOBO","HOBO","20793679_ch2",2026-05-01 15:36:31,23.978544921875,NA
"HOBO","HOBO","20793679_ch2",2026-05-01 15:37:31,32.00091796875,NA
"HOBO","HOBO","20793679_ch2",2026-05-01 15:38:31,34.6607421875,NA
"HOBO","HOBO","20793679_ch2",2026-05-01 15:39:31,36.63416015625,NA
"HOBO","HOBO","20793679_ch2",2026-05-01 15:40:31,37.57796875,NA
"HOBO","HOBO","20793679_ch2",2026-05-01 15:41:31,37.535068359375,NA
"HOBO","HOBO","20793679_ch2",2026-05-01 15:42:31,36.762861328125,NA
"HOBO","HOBO","20793679_ch2",2026-05-01 15:43:31,37.020263671875,NA
"HOBO","HOBO","20793679_ch2",2026-05-01 15:44:31,37.449267578125,NA
"HOBO","HOBO","20793679_ch2",2026-05-01 15:45:31,37.706669921875,NA
"HOBO","HOBO","20793679_ch2",2026-05-01 15:46:31,38.907880859375,NA
"HOBO","HOBO","20793679_ch2",2026-05-01 15:47:31,38.993681640625,NA
"HOBO","HOBO","20793679_ch2",2026-05-01 15:48:31,39.20818359375,NA
"HOBO","HOBO","20793679_ch2",2026-05-01 15:49:31,39.422685546875,NA
"HOBO","HOBO","20793679_ch2",2026-05-01 15:50:31,39.6371875,NA
"HOBO","HOBO","20793679_ch2",2026-05-01 15:51:31,39.8087890625,NA
"HOBO","HOBO","20793679_ch2",2026-05-01 15:52:31,40.023291015625,NA
"HOBO","HOBO","20793679_ch2",2026-05-01 15:53:31,40.194892578125,NA
"HOBO","HOBO","20793679_ch2",2026-05-01 15:54:31,40.58099609375,"hot"
"HOBO","HOBO","20793679_ch2",2026-05-01 15:55:31,40.623896484375,"hot"
"HOBO","HOBO","20793679_ch2",2026-05-01 15:56:31,40.75259765625,"hot"
"HOBO","HOBO","20793679_ch2",2026-05-01 15:57:31,41.1816015625,"hot"
"HOBO","HOBO","20793679_ch2",2026-05-01 15:58:31,41.310302734375,"hot"
"HOBO","HOBO","20793679_ch2",2026-05-01 15:59:31,41.353203125,"hot"
"HOBO","HOBO","20793679_ch2",2026-05-01 16:00:31,41.26740234375,"hot"
"HOBO","HOBO","20793679_ch2",2026-05-01 16:01:31,41.1816015625,"hot"
"HOBO","HOBO","20793679_ch2",2026-05-01 16:02:31,41.1816015625,"hot"
"HOBO","HOBO","20793679_ch2",2026-05-01 16:03:31,41.138701171875,"hot"
"HOBO","HOBO","20793679_ch2",2026-05-01 16:04:31,40.967099609375,"hot"
"HOBO","HOBO","20793679_ch2",2026-05-01 16:05:31,40.92419921875,"hot"
"HOBO","HOBO","20793679_ch2",2026-05-01 16:06:31,40.795498046875,"hot"
"HOBO","HOBO","20793679_ch2",2026-05-01 16:07:31,40.709697265625,"hot"
"HOBO","HOBO","20793679_ch2",2026-05-01 16:08:31,40.92419921875,"hot"
"HOBO","HOBO","20793679_ch2",2026-05-01 16:09:31,41.481904296875,"hot"
"HOBO","HOBO","20793679_ch2",2026-05-01 16:10:31,41.26740234375,"hot"
"HOBO","HOBO","20793679_ch2",2026-05-01 16:11:31,41.353203125,"hot"
"HOBO","HOBO","20793679_ch2",2026-05-01 16:12:31,41.43900390625,"hot"
"HOBO","HOBO","20793679_ch2",2026-05-01 16:13:31,41.353203125,NA
"HOBO","HOBO","20793679_ch2",2026-05-01 16:14:31,41.26740234375,NA
"HOBO","HOBO","20793679_ch2",2026-05-01 16:15:31,41.5248046875,NA
"HOBO","HOBO","20793679_ch2",2026-05-01 16:16:31,41.825107421875,NA
"HOBO","HOBO","20793679_ch2",2026-05-01 16:17:31,41.825107421875,NA
"HOBO","HOBO","20793679_ch2",2026-05-01 16:18:31,41.8680078125,NA
"HOBO","HOBO","20793679_ch2",2026-05-01 16:19:31,41.825107421875,NA
"HOBO","HOBO","20793679_ch2",2026-05-01 16:20:31,41.825107421875,NA
"HOBO","HOBO","20793679_ch2",2026-05-01 16:21:31,41.69640625,NA
"HOBO","HOBO","20793679_ch2",2026-05-01 16:22:31,41.5248046875,NA
"HOBO","HOBO","20793679_ch2",2026-05-01 16:23:31,41.481904296875,NA
"HOBO","HOBO","20793679_ch2",2026-05-01 16:24:31,41.43900390625,NA
"HOBO","HOBO","20793679_ch2",2026-05-01 16:25:31,41.353203125,NA
"HOBO","HOBO","20793679_ch2",2026-05-01 16:26:31,41.1816015625,NA
"HOBO","HOBO","20793679_ch2",2026-05-01 16:27:31,41.138701171875,NA
"HOBO","HOBO","20793679_ch2",2026-05-01 16:28:31,41.01,NA
"HOBO","HOBO","20793679_ch2",2026-05-01 16:29:31,40.8383984375,NA
"HOBO","HOBO","20793679_ch2",2026-05-01 16:30:31,40.666796875,NA
"HOBO","HOBO","20793679_ch2",2026-05-01 16:31:31,35.390048828125,NA
"HOBO","HOBO","20793679_ch2",2026-05-01 16:32:31,25.265556640625,NA
"HOBO","HOBO","20793679_ch2",2026-05-01 16:33:31,24.10724609375,NA
"HOBO","HOBO","20793679_ch2",2026-05-01 16:34:31,24.0214453125,NA
"HOBO","HOBO","20793679_ch2",2026-05-01 16:35:31,23.6782421875,NA
"HOBO","HOBO","20793679_ch2",2026-05-01 16:36:31,23.42083984375,NA
"HOBO","HOBO","20793679_ch2",2026-05-01 16:37:31,23.206337890625,NA
"HOBO","HOBO","20793679_ch2",2026-05-01 16:38:31,23.07763671875,NA
"HOBO","HOBO","20793679_ch2",2026-05-01 16:39:31,22.948935546875,NA
"HOBO","HOBO","20793679_ch2",2026-05-01 16:40:31,22.90603515625,NA
"HOBO","HOBO","20793679_ch2",2026-05-01 16:41:31,22.863134765625,NA
"HOBO","HOBO","20793679_ch2",2026-05-01 16:42:31,22.777333984375,NA
"HOBO","HOBO","20793679_ch2",2026-05-01 16:43:31,22.820234375,NA
"HOBO","HOBO","20793679_ch2",2026-05-01 16:44:31,22.90603515625,NA
"HOBO","HOBO","20793679_ch2",2026-05-01 16:45:31,23.59244140625,NA
"HOBO","HOBO","20793679_ch2",2026-05-01 16:46:31,22.9918359375,NA
"HOBO","HOBO","20793679_ch2",2026-05-01 16:47:31,16.256474609375,NA
"HOBO","HOBO","20793679_ch2",2026-05-01 16:48:31,7.46189453125,NA
"HOBO","HOBO","20793679_ch2",2026-05-01 16:49:31,2.57125,NA
"HOBO","HOBO","20793679_ch2",2026-05-01 16:50:31,2.14224609375,NA
"HOBO","HOBO","20793679_ch2",2026-05-01 16:51:31,2.270947265625,NA
"HOBO","HOBO","20793679_ch2",2026-05-01 16:52:31,2.013544921875,NA
"HOBO","HOBO","20793679_ch2",2026-05-01 16:53:31,1.841943359375,NA
"HOBO","HOBO","20793679_ch2",2026-05-01 16:54:31,1.28423828125,NA
"HOBO","HOBO","20793679_ch2",2026-05-01 16:55:31,1.1984375,NA
"HOBO","HOBO","20793679_ch2",2026-05-01 16:56:31,1.155537109375,"ice"
"HOBO","HOBO","20793679_ch2",2026-05-01 16:57:31,1.069736328125,"ice"
"HOBO","HOBO","20793679_ch2",2026-05-01 16:58:31,0.983935546874996,"ice"
"HOBO","HOBO","20793679_ch2",2026-05-01 16:59:31,0.941035156249995,"ice"
"HOBO","HOBO","20793679_ch2",2026-05-01 17:00:31,0.941035156249995,"ice"
"HOBO","HOBO","20793679_ch2",2026-05-01 17:01:31,0.898134765624995,"ice"
"HOBO","HOBO","20793679_ch2",2026-05-01 17:02:31,0.855234374999995,"ice"
"HOBO","HOBO","20793679_ch2",2026-05-01 17:03:31,0.855234374999995,"ice"
"HOBO","HOBO","20793679_ch2",2026-05-01 17:04:31,0.898134765624995,"ice"
"HOBO","HOBO","20793679_ch2",2026-05-01 17:05:31,0.812333984375002,"ice"
"HOBO","HOBO","20793679_ch2",2026-05-01 17:06:31,0.812333984375002,"ice"
"HOBO","HOBO","20793679_ch2",2026-05-01 17:07:31,0.812333984375002,"ice"
"HOBO","HOBO","20793679_ch2",2026-05-01 17:08:31,0.898134765624995,"ice"
"HOBO","HOBO","20793679_ch2",2026-05-01 17:09:31,0.812333984375002,"ice"
"HOBO","HOBO","20793679_ch2",2026-05-01 17:10:31,0.812333984375002,"ice"
"HOBO","HOBO","20793679_ch2",2026-05-01 17:11:31,0.855234374999995,NA
"HOBO","HOBO","20793679_ch2",2026-05-01 17:12:31,0.855234374999995,NA
"HOBO","HOBO","20793679_ch2",2026-05-01 17:13:31,0.812333984375002,NA
"HOBO","HOBO","20793679_ch2",2026-05-01 17:14:31,0.855234374999995,NA
"HOBO","HOBO","20793679_ch2",2026-05-01 17:15:31,7.590595703125,NA
"HOBO","HOBO","20793679_ch2",2026-05-01 17:16:31,10.37912109375,NA
"HOBO","HOBO","20793679_ch2",2026-05-01 17:17:31,11.880634765625,NA
"HOBO","HOBO","20793679_ch2",2026-05-01 17:18:31,13.081845703125,NA
"HOBO","HOBO","20793679_ch2",2026-05-01 17:19:31,13.98275390625,NA
"HOBO","HOBO","20793679_ch2",2026-05-01 17:20:31,14.66916015625,NA
"HOBO","HOBO","20793679_ch2",2026-05-01 17:21:31,15.35556640625,NA
"HOBO","HOBO","20793679_ch2",2026-05-01 17:22:31,15.913271484375,NA
"HOBO","HOBO","20793679_ch2",2026-05-01 17:23:31,16.38517578125,NA
"HOBO","HOBO","20793679_ch2",2026-05-01 17:24:31,16.72837890625,NA
"HOBO","HOBO","20793679_ch2",2026-05-01 17:25:31,17.114482421875,NA
"HOBO","HOBO","20793679_ch2",2026-05-01 17:26:31,17.41478515625,NA
"HOBO","HOBO","20793679_ch2",2026-05-01 17:27:31,17.6721875,NA
"HOBO","HOBO","20793679_ch2",2026-05-01 17:28:31,17.92958984375,NA
"HOBO","HOBO","20793679_ch2",2026-05-01 17:29:31,18.015390625,NA
"HOBO","HOBO","20793679_ch2",2026-05-01 17:30:31,18.10119140625,NA
"HOBO","HOBO","20793679_ch2",2026-05-01 17:31:31,18.35859375,NA
"HOBO","HOBO","20793679_ch2",2026-05-01 17:32:31,18.35859375,NA
"HOBO","HOBO","20793679_ch2",2026-05-01 17:33:31,18.487294921875,NA
"HOBO","HOBO","20793679_ch2",2026-05-01 17:34:31,18.573095703125,NA
"HOBO","HOBO","20793679_ch2",2026-05-01 17:35:31,18.701796875,NA
"HOBO","HOBO","20793679_ch2",2026-05-01 17:36:31,18.830498046875,NA
"HOBO","HOBO","20793679_ch2",2026-05-01 17:37:31,18.916298828125,NA
"HOBO","HOBO","20793679_ch2",2026-05-01 17:38:31,19.002099609375,NA
"HOBO","HOBO","20793679_ch2",2026-05-01 17:39:31,19.002099609375,NA
"HOBO","HOBO","20793679_ch2",2026-05-01 17:40:31,19.087900390625,NA
"HOBO","HOBO","20793679_ch2",2026-05-01 17:41:31,19.13080078125,NA
"HOBO","HOBO","20793679_ch2",2026-05-01 17:42:31,19.173701171875,NA
"HOBO","HOBO","20793679_ch2",2026-05-01 17:43:31,19.2166015625,NA
"HOBO","HOBO","20793679_ch2",2026-05-01 17:44:31,19.2166015625,NA
"HOBO","HOBO","20793679_ch2",2026-05-01 17:45:31,19.259501953125,NA
"HOBO","HOBO","20793679_ch2",2026-05-01 17:46:31,19.30240234375,NA
"HOBO","HOBO","20793679_ch2",2026-05-01 17:47:31,19.345302734375,NA
"HOBO","HOBO","20793679_ch2",2026-05-01 17:48:31,19.345302734375,NA
"HOBO","HOBO","20793679_ch2",2026-05-01 17:49:31,19.388203125,NA
"HOBO","HOBO","20793679_ch2",2026-05-01 17:50:31,19.388203125,NA
"HOBO","HOBO","20793679_ch2",2026-05-01 17:51:31,19.47400390625,NA
"HOBO","HOBO","20793679_ch2",2026-05-01 17:52:31,19.47400390625,NA
"HOBO","HOBO","20793679_ch2",2026-05-01 17:53:31,19.516904296875,NA
"HOBO","HOBO","20793679_ch2",2026-05-01 17:54:31,19.516904296875,NA
"HOBO","HOBO","20793679_ch2",2026-05-01 17:55:31,19.5598046875,NA
"HOBO","HOBO","20793679_ch2",2026-05-01 17:56:31,19.516904296875,NA
"HOBO","HOBO","20793679_ch2",2026-05-01 17:57:31,19.5598046875,NA
"HOBO","HOBO","20793679_ch2",2026-05-01 17:58:31,19.602705078125,NA
"HOBO","HOBO","20793679_ch2",2026-05-01 17:59:31,19.64560546875,NA
"HOBO","HOBO","20793679_ch2",2026-05-01 18:00:31,19.64560546875,NA
"HOBO","HOBO","20793679_ch2",2026-05-01 18:01:31,19.64560546875,NA
"HOBO","HOBO","20793679_ch2",2026-05-01 18:02:31,19.73140625,NA
"HOBO","HOBO","20793679_ch2",2026-05-01 18:03:31,19.64560546875,NA
"HOBO","HOBO","20793679_ch2",2026-05-01 18:04:31,19.73140625,NA
"HOBO","HOBO","20793679_ch2",2026-05-01 18:05:31,19.774306640625,NA
"HOBO","HOBO","20793679_ch2",2026-05-01 18:06:31,19.774306640625,NA
"HOBO","HOBO","20793679_ch2",2026-05-01 18:07:31,19.81720703125,NA
"HOBO","HOBO","20793679_ch2",2026-05-01 18:08:31,19.774306640625,NA
"HOBO","HOBO","20793679_ch2",2026-05-01 18:09:31,19.774306640625,NA
"HOBO","HOBO","20793679_ch2",2026-05-01 18:10:31,19.774306640625,NA
"HOBO","HOBO","20793679_ch2",2026-05-01 18:11:31,19.81720703125,NA
"HOBO","HOBO","20793679_ch2",2026-05-01 18:12:31,19.81720703125,NA
"HOBO","HOBO","20793679_ch2",2026-05-01 18:13:31,19.860107421875,NA
"HOBO","HOBO","20793679_ch2",2026-05-01 18:14:31,19.860107421875,NA
"HOBO","HOBO","20793679_ch2",2026-05-01 18:15:31,19.945908203125,NA
"HOBO","HOBO","20793679_ch2",2026-05-01 18:16:31,19.945908203125,NA
"HOBO","HOBO","20793679_ch2",2026-05-01 18:17:31,20.031708984375,NA
"HOBO","HOBO","20793679_ch2",2026-05-01 18:18:31,20.074609375,NA
"HOBO","HOBO","20793679_ch2",2026-05-01 18:19:31,20.117509765625,NA
"HOBO","HOBO","20793679_ch2",2026-05-01 18:20:31,20.203310546875,NA
"HOBO","HOBO","20793679_ch2",2026-05-01 18:21:31,20.203310546875,NA
"HOBO","HOBO","20793679_ch2",2026-05-01 18:22:31,20.2462109375,NA
"HOBO","HOBO","20793679_ch2",2026-05-01 18:23:31,20.2462109375,NA
"HOBO","HOBO","20793679_ch2",2026-05-01 18:24:31,20.33201171875,NA
"HOBO","HOBO","20793679_ch2",2026-05-01 18:25:31,20.4178125,NA
"HOBO","HOBO","20793679_ch2",2026-05-01 18:26:31,20.4178125,NA
"HOBO","HOBO","20793679_ch2",2026-05-01 18:27:31,20.50361328125,NA
"HOBO","HOBO","20793679_ch2",2026-05-01 18:28:31,20.460712890625,NA
"HOBO","HOBO","20793679_ch2",2026-05-01 18:29:31,20.50361328125,NA
"HOBO","HOBO","20793679_ch2",2026-05-01 18:30:31,20.546513671875,NA
"HOBO","HOBO","20793679_ch2",2026-05-01 18:31:31,20.5894140625,NA
"HOBO","HOBO","20793679_ch2",2026-05-01 18:32:31,20.632314453125,NA
"HOBO","HOBO","20793679_ch2",2026-05-01 18:33:31,20.632314453125,NA
"HOBO","HOBO","20793679_ch2",2026-05-01 18:34:31,20.718115234375,NA
"HOBO","HOBO","20793679_ch2",2026-05-01 18:35:31,20.67521484375,NA
"HOBO","HOBO","20793679_ch2",2026-05-01 18:36:31,20.718115234375,NA
"HOBO","HOBO","20793679_ch2",2026-05-01 18:37:31,20.803916015625,NA
"HOBO","HOBO","20793679_ch2",2026-05-01 18:38:31,20.761015625,NA
"HOBO","HOBO","20793679_ch2",2026-05-01 18:39:31,20.761015625,NA
"HOBO","HOBO","20793679_ch2",2026-05-01 18:40:31,20.803916015625,NA
"HOBO","HOBO","20793679_ch2",2026-05-01 18:41:31,20.889716796875,NA
"HOBO","HOBO","20793679_ch2",2026-05-01 18:42:31,20.975517578125,NA
"HOBO","HOBO","20793679_ch2",2026-05-01 18:43:31,21.01841796875,NA
"HOBO","HOBO","20793679_ch2",2026-05-01 18:44:31,21.10421875,NA
"HOBO","HOBO","20793679_ch2",2026-05-01 18:45:31,21.01841796875,NA
"HOBO","HOBO","20793679_ch2",2026-05-01 18:46:31,21.147119140625,NA
"HOBO","HOBO","20793679_ch2",2026-05-01 18:47:31,21.147119140625,NA
"HOBO","HOBO","20793679_ch2",2026-05-01 18:48:31,21.232919921875,NA
"HOBO","HOBO","20793679_ch2",2026-05-01 18:49:31,21.2758203125,NA
"HOBO","HOBO","20793679_ch2",2026-05-01 18:50:31,21.318720703125,NA
"HOBO","HOBO","20793679_ch2",2026-05-01 18:51:31,21.318720703125,NA
"HOBO","HOBO","20793679_ch2",2026-05-01 18:52:31,21.404521484375,NA
"HOBO","HOBO","20793679_ch2",2026-05-01 18:53:31,21.447421875,NA
"HOBO","HOBO","20793679_ch2",2026-05-01 18:54:31,21.490322265625,NA
"HOBO","HOBO","20793679_ch2",2026-05-01 18:55:31,21.53322265625,NA
"HOBO","HOBO","20793679_ch2",2026-05-01 18:56:31,21.661923828125,NA
"HOBO","HOBO","20793679_ch2",2026-05-01 18:57:31,21.70482421875,NA
"HOBO","HOBO","20793679_ch2",2026-05-01 18:58:31,21.833525390625,NA
"HOBO","HOBO","20793679_ch2",2026-05-01 18:59:31,21.833525390625,NA
"HOBO","HOBO","20793680_ch1",2026-05-01 15:32:50,23.59244140625,NA
"HOBO","HOBO","20793680_ch1",2026-05-01 15:33:50,23.84984375,NA
"HOBO","HOBO","20793680_ch1",2026-05-01 15:34:50,23.84984375,NA
"HOBO","HOBO","20793680_ch1",2026-05-01 15:35:50,23.84984375,NA
"HOBO","HOBO","20793680_ch1",2026-05-01 15:36:50,24.27884765625,NA
"HOBO","HOBO","20793680_ch1",2026-05-01 15:37:50,31.2287109375,NA
"HOBO","HOBO","20793680_ch1",2026-05-01 15:38:50,34.103037109375,NA
"HOBO","HOBO","20793680_ch1",2026-05-01 15:39:50,34.6607421875,NA
"HOBO","HOBO","20793680_ch1",2026-05-01 15:40:50,35.43294921875,NA
"HOBO","HOBO","20793680_ch1",2026-05-01 15:41:50,35.561650390625,NA
"HOBO","HOBO","20793680_ch1",2026-05-01 15:42:50,35.904853515625,NA
"HOBO","HOBO","20793680_ch1",2026-05-01 15:43:50,36.419658203125,NA
"HOBO","HOBO","20793680_ch1",2026-05-01 15:44:50,36.97736328125,NA
"HOBO","HOBO","20793680_ch1",2026-05-01 15:45:50,37.49216796875,NA
"HOBO","HOBO","20793680_ch1",2026-05-01 15:46:50,38.86498046875,NA
"HOBO","HOBO","20793680_ch1",2026-05-01 15:47:50,39.165283203125,NA
"HOBO","HOBO","20793680_ch1",2026-05-01 15:48:50,39.251083984375,NA
"HOBO","HOBO","20793680_ch1",2026-05-01 15:49:50,39.422685546875,NA
"HOBO","HOBO","20793680_ch1",2026-05-01 15:50:50,39.55138671875,NA
"HOBO","HOBO","20793680_ch1",2026-05-01 15:51:50,39.8087890625,NA
"HOBO","HOBO","20793680_ch1",2026-05-01 15:52:50,39.937490234375,NA
"HOBO","HOBO","20793680_ch1",2026-05-01 15:53:50,40.1519921875,NA
"HOBO","HOBO","20793680_ch1",2026-05-01 15:54:50,40.32359375,"hot"
"HOBO","HOBO","20793680_ch1",2026-05-01 15:55:50,40.452294921875,"hot"
"HOBO","HOBO","20793680_ch1",2026-05-01 15:56:50,40.538095703125,"hot"
"HOBO","HOBO","20793680_ch1",2026-05-01 15:57:50,40.623896484375,"hot"
"HOBO","HOBO","20793680_ch1",2026-05-01 15:58:50,40.709697265625,"hot"
"HOBO","HOBO","20793680_ch1",2026-05-01 15:59:50,40.666796875,"hot"
"HOBO","HOBO","20793680_ch1",2026-05-01 16:00:50,40.75259765625,"hot"
"HOBO","HOBO","20793680_ch1",2026-05-01 16:01:50,40.75259765625,"hot"
"HOBO","HOBO","20793680_ch1",2026-05-01 16:02:50,40.666796875,"hot"
"HOBO","HOBO","20793680_ch1",2026-05-01 16:03:50,40.623896484375,"hot"
"HOBO","HOBO","20793680_ch1",2026-05-01 16:04:50,40.538095703125,"hot"
"HOBO","HOBO","20793680_ch1",2026-05-01 16:05:50,40.4951953125,"hot"
"HOBO","HOBO","20793680_ch1",2026-05-01 16:06:50,40.4951953125,"hot"
"HOBO","HOBO","20793680_ch1",2026-05-01 16:07:50,40.40939453125,"hot"
"HOBO","HOBO","20793680_ch1",2026-05-01 16:08:50,40.32359375,"hot"
"HOBO","HOBO","20793680_ch1",2026-05-01 16:09:50,40.366494140625,"hot"
"HOBO","HOBO","20793680_ch1",2026-05-01 16:10:50,40.538095703125,"hot"
"HOBO","HOBO","20793680_ch1",2026-05-01 16:11:50,40.709697265625,"hot"
"HOBO","HOBO","20793680_ch1",2026-05-01 16:12:50,40.795498046875,"hot"
"HOBO","HOBO","20793680_ch1",2026-05-01 16:13:50,40.92419921875,NA
"HOBO","HOBO","20793680_ch1",2026-05-01 16:14:50,41.353203125,NA
"HOBO","HOBO","20793680_ch1",2026-05-01 16:15:50,41.739306640625,NA
"HOBO","HOBO","20793680_ch1",2026-05-01 16:16:50,41.78220703125,NA
"HOBO","HOBO","20793680_ch1",2026-05-01 16:17:50,41.653505859375,NA
"HOBO","HOBO","20793680_ch1",2026-05-01 16:18:50,41.567705078125,NA
"HOBO","HOBO","20793680_ch1",2026-05-01 16:19:50,41.5248046875,NA
"HOBO","HOBO","20793680_ch1",2026-05-01 16:20:50,41.353203125,NA
"HOBO","HOBO","20793680_ch1",2026-05-01 16:21:50,41.26740234375,NA
"HOBO","HOBO","20793680_ch1",2026-05-01 16:22:50,41.1816015625,NA
"HOBO","HOBO","20793680_ch1",2026-05-01 16:23:50,41.09580078125,NA
"HOBO","HOBO","20793680_ch1",2026-05-01 16:24:50,41.052900390625,NA
"HOBO","HOBO","20793680_ch1",2026-05-01 16:25:50,40.967099609375,NA
"HOBO","HOBO","20793680_ch1",2026-05-01 16:26:50,40.709697265625,NA
"HOBO","HOBO","20793680_ch1",2026-05-01 16:27:50,40.709697265625,NA
"HOBO","HOBO","20793680_ch1",2026-05-01 16:28:50,40.4951953125,NA
"HOBO","HOBO","20793680_ch1",2026-05-01 16:29:50,40.366494140625,NA
"HOBO","HOBO","20793680_ch1",2026-05-01 16:30:50,40.366494140625,NA
"HOBO","HOBO","20793680_ch1",2026-05-01 16:31:50,39.079482421875,NA
"HOBO","HOBO","20793680_ch1",2026-05-01 16:32:50,25.351357421875,NA
"HOBO","HOBO","20793680_ch1",2026-05-01 16:33:50,22.133828125,NA
"HOBO","HOBO","20793680_ch1",2026-05-01 16:34:50,20.546513671875,NA
"HOBO","HOBO","20793680_ch1",2026-05-01 16:35:50,19.774306640625,NA
"HOBO","HOBO","20793680_ch1",2026-05-01 16:36:50,19.5598046875,NA
"HOBO","HOBO","20793680_ch1",2026-05-01 16:37:50,19.47400390625,NA
"HOBO","HOBO","20793680_ch1",2026-05-01 16:38:50,19.516904296875,NA
"HOBO","HOBO","20793680_ch1",2026-05-01 16:39:50,19.388203125,NA
"HOBO","HOBO","20793680_ch1",2026-05-01 16:40:50,19.47400390625,NA
"HOBO","HOBO","20793680_ch1",2026-05-01 16:41:50,19.5598046875,NA
"HOBO","HOBO","20793680_ch1",2026-05-01 16:42:50,20.117509765625,NA
"HOBO","HOBO","20793680_ch1",2026-05-01 16:43:50,20.546513671875,NA
"HOBO","HOBO","20793680_ch1",2026-05-01 16:44:50,20.803916015625,NA
"HOBO","HOBO","20793680_ch1",2026-05-01 16:45:50,21.061318359375,NA
"HOBO","HOBO","20793680_ch1",2026-05-01 16:46:50,21.19001953125,NA
"HOBO","HOBO","20793680_ch1",2026-05-01 16:47:50,22.262529296875,NA
"HOBO","HOBO","20793680_ch1",2026-05-01 16:48:50,18.44439453125,NA
"HOBO","HOBO","20793680_ch1",2026-05-01 16:49:50,3.68666015625,NA
"HOBO","HOBO","20793680_ch1",2026-05-01 16:50:50,2.3996484375,NA
"HOBO","HOBO","20793680_ch1",2026-05-01 16:51:50,2.013544921875,NA
"HOBO","HOBO","20793680_ch1",2026-05-01 16:52:50,1.88484375,NA
"HOBO","HOBO","20793680_ch1",2026-05-01 16:53:50,1.756142578125,NA
"HOBO","HOBO","20793680_ch1",2026-05-01 16:54:50,1.412939453125,NA
"HOBO","HOBO","20793680_ch1",2026-05-01 16:55:50,1.241337890625,NA
"HOBO","HOBO","20793680_ch1",2026-05-01 16:56:50,1.155537109375,"ice"
"HOBO","HOBO","20793680_ch1",2026-05-01 16:57:50,1.069736328125,"ice"
"HOBO","HOBO","20793680_ch1",2026-05-01 16:58:50,0.983935546874996,"ice"
"HOBO","HOBO","20793680_ch1",2026-05-01 16:59:50,0.898134765624995,"ice"
"HOBO","HOBO","20793680_ch1",2026-05-01 17:00:50,0.898134765624995,"ice"
"HOBO","HOBO","20793680_ch1",2026-05-01 17:01:50,0.855234374999995,"ice"
"HOBO","HOBO","20793680_ch1",2026-05-01 17:02:50,0.855234374999995,"ice"
"HOBO","HOBO","20793680_ch1",2026-05-01 17:03:50,0.812333984375002,"ice"
"HOBO","HOBO","20793680_ch1",2026-05-01 17:04:50,0.769433593750001,"ice"
"HOBO","HOBO","20793680_ch1",2026-05-01 17:05:50,0.812333984375002,"ice"
"HOBO","HOBO","20793680_ch1",2026-05-01 17:06:50,0.855234374999995,"ice"
"HOBO","HOBO","20793680_ch1",2026-05-01 17:07:50,0.812333984375002,"ice"
"HOBO","HOBO","20793680_ch1",2026-05-01 17:08:50,0.812333984375002,"ice"
"HOBO","HOBO","20793680_ch1",2026-05-01 17:09:50,0.812333984375002,"ice"
"HOBO","HOBO","20793680_ch1",2026-05-01 17:10:50,0.812333984375002,"ice"
"HOBO","HOBO","20793680_ch1",2026-05-01 17:11:50,0.855234374999995,NA
"HOBO","HOBO","20793680_ch1",2026-05-01 17:12:50,0.769433593750001,NA
"HOBO","HOBO","20793680_ch1",2026-05-01 17:13:50,0.812333984375002,NA
"HOBO","HOBO","20793680_ch1",2026-05-01 17:14:50,1.498740234375,NA
"HOBO","HOBO","20793680_ch1",2026-05-01 17:15:50,7.161591796875,NA
"HOBO","HOBO","20793680_ch1",2026-05-01 17:16:50,9.478212890625,NA
"HOBO","HOBO","20793680_ch1",2026-05-01 17:17:50,11.022626953125,NA
"HOBO","HOBO","20793680_ch1",2026-05-01 17:18:50,12.052236328125,NA
"HOBO","HOBO","20793680_ch1",2026-05-01 17:19:50,13.081845703125,NA
"HOBO","HOBO","20793680_ch1",2026-05-01 17:20:50,13.854052734375,NA
"HOBO","HOBO","20793680_ch1",2026-05-01 17:21:50,14.4117578125,NA
"HOBO","HOBO","20793680_ch1",2026-05-01 17:22:50,14.9265625,NA
"HOBO","HOBO","20793680_ch1",2026-05-01 17:23:50,15.312666015625,NA
"HOBO","HOBO","20793680_ch1",2026-05-01 17:24:50,15.655869140625,NA
"HOBO","HOBO","20793680_ch1",2026-05-01 17:25:50,15.87037109375,NA
"HOBO","HOBO","20793680_ch1",2026-05-01 17:26:50,16.1277734375,NA
"HOBO","HOBO","20793680_ch1",2026-05-01 17:27:50,16.299375,NA
"HOBO","HOBO","20793680_ch1",2026-05-01 17:28:50,16.4709765625,NA
"HOBO","HOBO","20793680_ch1",2026-05-01 17:29:50,16.642578125,NA
"HOBO","HOBO","20793680_ch1",2026-05-01 17:30:50,16.72837890625,NA
"HOBO","HOBO","20793680_ch1",2026-05-01 17:31:50,16.89998046875,NA
"HOBO","HOBO","20793680_ch1",2026-05-01 17:32:50,16.98578125,NA
"HOBO","HOBO","20793680_ch1",2026-05-01 17:33:50,17.07158203125,NA
"HOBO","HOBO","20793680_ch1",2026-05-01 17:34:50,17.1573828125,NA
"HOBO","HOBO","20793680_ch1",2026-05-01 17:35:50,17.24318359375,NA
"HOBO","HOBO","20793680_ch1",2026-05-01 17:36:50,17.286083984375,NA
"HOBO","HOBO","20793680_ch1",2026-05-01 17:37:50,17.371884765625,NA
"HOBO","HOBO","20793680_ch1",2026-05-01 17:38:50,17.41478515625,NA
"HOBO","HOBO","20793680_ch1",2026-05-01 17:39:50,17.5005859375,NA
"HOBO","HOBO","20793680_ch1",2026-05-01 17:40:50,17.543486328125,NA
"HOBO","HOBO","20793680_ch1",2026-05-01 17:41:50,17.6721875,NA
"HOBO","HOBO","20793680_ch1",2026-05-01 17:42:50,17.715087890625,NA
"HOBO","HOBO","20793680_ch1",2026-05-01 17:43:50,17.75798828125,NA
"HOBO","HOBO","20793680_ch1",2026-05-01 17:44:50,17.886689453125,NA
"HOBO","HOBO","20793680_ch1",2026-05-01 17:45:50,17.886689453125,NA
"HOBO","HOBO","20793680_ch1",2026-05-01 17:46:50,17.972490234375,NA
"HOBO","HOBO","20793680_ch1",2026-05-01 17:47:50,18.015390625,NA
"HOBO","HOBO","20793680_ch1",2026-05-01 17:48:50,18.015390625,NA
"HOBO","HOBO","20793680_ch1",2026-05-01 17:49:50,18.058291015625,NA
"HOBO","HOBO","20793680_ch1",2026-05-01 17:50:50,18.144091796875,NA
"HOBO","HOBO","20793680_ch1",2026-05-01 17:51:50,18.144091796875,NA
"HOBO","HOBO","20793680_ch1",2026-05-01 17:52:50,18.1869921875,NA
"HOBO","HOBO","20793680_ch1",2026-05-01 17:53:50,18.27279296875,NA
"HOBO","HOBO","20793680_ch1",2026-05-01 17:54:50,18.315693359375,NA
"HOBO","HOBO","20793680_ch1",2026-05-01 17:55:50,18.35859375,NA
"HOBO","HOBO","20793680_ch1",2026-05-01 17:56:50,18.401494140625,NA
"HOBO","HOBO","20793680_ch1",2026-05-01 17:57:50,18.401494140625,NA
"HOBO","HOBO","20793680_ch1",2026-05-01 17:58:50,18.44439453125,NA
"HOBO","HOBO","20793680_ch1",2026-05-01 17:59:50,18.487294921875,NA
"HOBO","HOBO","20793680_ch1",2026-05-01 18:00:50,18.573095703125,NA
"HOBO","HOBO","20793680_ch1",2026-05-01 18:01:50,18.5301953125,NA
"HOBO","HOBO","20793680_ch1",2026-05-01 18:02:50,18.573095703125,NA
"HOBO","HOBO","20793680_ch1",2026-05-01 18:03:50,18.61599609375,NA
"HOBO","HOBO","20793680_ch1",2026-05-01 18:04:50,18.8733984375,NA
"HOBO","HOBO","20793680_ch1",2026-05-01 18:05:50,18.95919921875,NA
"HOBO","HOBO","20793680_ch1",2026-05-01 18:06:50,19.002099609375,NA
"HOBO","HOBO","20793680_ch1",2026-05-01 18:07:50,19.087900390625,NA
"HOBO","HOBO","20793680_ch1",2026-05-01 18:08:50,19.13080078125,NA
"HOBO","HOBO","20793680_ch1",2026-05-01 18:09:50,19.2166015625,NA
"HOBO","HOBO","20793680_ch1",2026-05-01 18:10:50,19.2166015625,NA
"HOBO","HOBO","20793680_ch1",2026-05-01 18:11:50,19.30240234375,NA
"HOBO","HOBO","20793680_ch1",2026-05-01 18:12:50,19.30240234375,NA
"HOBO","HOBO","20793680_ch1",2026-05-01 18:13:50,19.345302734375,NA
"HOBO","HOBO","20793680_ch1",2026-05-01 18:14:50,19.47400390625,NA
"HOBO","HOBO","20793680_ch1",2026-05-01 18:15:50,19.516904296875,NA
"HOBO","HOBO","20793680_ch1",2026-05-01 18:16:50,19.5598046875,NA
"HOBO","HOBO","20793680_ch1",2026-05-01 18:17:50,19.64560546875,NA
"HOBO","HOBO","20793680_ch1",2026-05-01 18:18:50,19.73140625,NA
"HOBO","HOBO","20793680_ch1",2026-05-01 18:19:50,19.774306640625,NA
"HOBO","HOBO","20793680_ch1",2026-05-01 18:20:50,19.860107421875,NA
"HOBO","HOBO","20793680_ch1",2026-05-01 18:21:50,19.860107421875,NA
"HOBO","HOBO","20793680_ch1",2026-05-01 18:22:50,19.9030078125,NA
"HOBO","HOBO","20793680_ch1",2026-05-01 18:23:50,19.98880859375,NA
"HOBO","HOBO","20793680_ch1",2026-05-01 18:24:50,20.074609375,NA
"HOBO","HOBO","20793680_ch1",2026-05-01 18:25:50,20.117509765625,NA
"HOBO","HOBO","20793680_ch1",2026-05-01 18:26:50,20.203310546875,NA
"HOBO","HOBO","20793680_ch1",2026-05-01 18:27:50,20.203310546875,NA
"HOBO","HOBO","20793680_ch1",2026-05-01 18:28:50,20.289111328125,NA
"HOBO","HOBO","20793680_ch1",2026-05-01 18:29:50,20.33201171875,NA
"HOBO","HOBO","20793680_ch1",2026-05-01 18:30:50,20.374912109375,NA
"HOBO","HOBO","20793680_ch1",2026-05-01 18:31:50,20.460712890625,NA
"HOBO","HOBO","20793680_ch1",2026-05-01 18:32:50,20.50361328125,NA
"HOBO","HOBO","20793680_ch1",2026-05-01 18:33:50,20.5894140625,NA
"HOBO","HOBO","20793680_ch1",2026-05-01 18:34:50,20.67521484375,NA
"HOBO","HOBO","20793680_ch1",2026-05-01 18:35:50,20.84681640625,NA
"HOBO","HOBO","20793680_ch1",2026-05-01 18:36:50,21.10421875,NA
"HOBO","HOBO","20793680_ch1",2026-05-01 18:37:50,21.576123046875,NA
"HOBO","HOBO","20793680_ch1",2026-05-01 18:38:50,21.87642578125,NA
"HOBO","HOBO","20793680_ch1",2026-05-01 18:39:50,22.005126953125,NA
"HOBO","HOBO","20793680_ch1",2026-05-01 18:40:50,22.090927734375,NA
"HOBO","HOBO","20793680_ch1",2026-05-01 18:41:50,22.176728515625,NA
"HOBO","HOBO","20793680_ch1",2026-05-01 18:42:50,22.262529296875,NA
"HOBO","HOBO","20793680_ch1",2026-05-01 18:43:50,22.262529296875,NA
"HOBO","HOBO","20793680_ch1",2026-05-01 18:44:50,22.348330078125,NA
"HOBO","HOBO","20793680_ch1",2026-05-01 18:45:50,22.3054296875,NA
"HOBO","HOBO","20793680_ch1",2026-05-01 18:46:50,22.348330078125,NA
"HOBO","HOBO","20793680_ch1",2026-05-01 18:47:50,22.39123046875,NA
"HOBO","HOBO","20793680_ch1",2026-05-01 18:48:50,22.39123046875,NA
"HOBO","HOBO","20793680_ch1",2026-05-01 18:49:50,22.434130859375,NA
"HOBO","HOBO","20793680_ch1",2026-05-01 18:50:50,22.39123046875,NA
"HOBO","HOBO","20793680_ch1",2026-05-01 18:51:50,22.348330078125,NA
"HOBO","HOBO","20793680_ch1",2026-05-01 18:52:50,22.348330078125,NA
"HOBO","HOBO","20793680_ch1",2026-05-01 18:53:50,22.434130859375,NA
"HOBO","HOBO","20793680_ch1",2026-05-01 18:54:50,22.434130859375,NA
"HOBO","HOBO","20793680_ch1",2026-05-01 18:55:50,22.39123046875,NA
"HOBO","HOBO","20793680_ch1",2026-05-01 18:56:50,22.434130859375,NA
"HOBO","HOBO","20793680_ch1",2026-05-01 18:57:50,22.434130859375,NA
"HOBO","HOBO","20793680_ch1",2026-05-01 18:58:50,22.434130859375,NA
"HOBO","HOBO","20793680_ch1",2026-05-01 18:59:50,22.434130859375,NA
"HOBO","HOBO","20793680_ch2",2026-05-01 15:32:50,23.6782421875,NA
"HOBO","HOBO","20793680_ch2",2026-05-01 15:33:50,23.84984375,NA
"HOBO","HOBO","20793680_ch2",2026-05-01 15:34:50,24.0214453125,NA
"HOBO","HOBO","20793680_ch2",2026-05-01 15:35:50,24.064345703125,NA
"HOBO","HOBO","20793680_ch2",2026-05-01 15:36:50,24.750751953125,NA
"HOBO","HOBO","20793680_ch2",2026-05-01 15:37:50,32.816025390625,NA
"HOBO","HOBO","20793680_ch2",2026-05-01 15:38:50,34.446240234375,NA
"HOBO","HOBO","20793680_ch2",2026-05-01 15:39:50,35.475849609375,NA
"HOBO","HOBO","20793680_ch2",2026-05-01 15:40:50,35.819052734375,NA
"HOBO","HOBO","20793680_ch2",2026-05-01 15:41:50,36.505458984375,NA
"HOBO","HOBO","20793680_ch2",2026-05-01 15:42:50,36.46255859375,NA
"HOBO","HOBO","20793680_ch2",2026-05-01 15:43:50,36.8915625,NA
"HOBO","HOBO","20793680_ch2",2026-05-01 15:44:50,37.4063671875,NA
"HOBO","HOBO","20793680_ch2",2026-05-01 15:45:50,37.7495703125,NA
"HOBO","HOBO","20793680_ch2",2026-05-01 15:46:50,38.822080078125,NA
"HOBO","HOBO","20793680_ch2",2026-05-01 15:47:50,39.165283203125,NA
"HOBO","HOBO","20793680_ch2",2026-05-01 15:48:50,39.37978515625,NA
"HOBO","HOBO","20793680_ch2",2026-05-01 15:49:50,39.55138671875,NA
"HOBO","HOBO","20793680_ch2",2026-05-01 15:50:50,39.680087890625,NA
"HOBO","HOBO","20793680_ch2",2026-05-01 15:51:50,39.937490234375,NA
"HOBO","HOBO","20793680_ch2",2026-05-01 15:52:50,40.23779296875,NA
"HOBO","HOBO","20793680_ch2",2026-05-01 15:53:50,40.366494140625,NA
"HOBO","HOBO","20793680_ch2",2026-05-01 15:54:50,40.58099609375,"hot"
"HOBO","HOBO","20793680_ch2",2026-05-01 15:55:50,40.709697265625,"hot"
"HOBO","HOBO","20793680_ch2",2026-05-01 15:56:50,40.75259765625,"hot"
"HOBO","HOBO","20793680_ch2",2026-05-01 15:57:50,40.75259765625,"hot"
"HOBO","HOBO","20793680_ch2",2026-05-01 15:58:50,40.881298828125,"hot"
"HOBO","HOBO","20793680_ch2",2026-05-01 15:59:50,40.92419921875,"hot"
"HOBO","HOBO","20793680_ch2",2026-05-01 16:00:50,40.92419921875,"hot"
"HOBO","HOBO","20793680_ch2",2026-05-01 16:01:50,40.967099609375,"hot"
"HOBO","HOBO","20793680_ch2",2026-05-01 16:02:50,40.881298828125,"hot"
"HOBO","HOBO","20793680_ch2",2026-05-01 16:03:50,40.795498046875,"hot"
"HOBO","HOBO","20793680_ch2",2026-05-01 16:04:50,40.75259765625,"hot"
"HOBO","HOBO","20793680_ch2",2026-05-01 16:05:50,40.666796875,"hot"
"HOBO","HOBO","20793680_ch2",2026-05-01 16:06:50,40.538095703125,"hot"
"HOBO","HOBO","20793680_ch2",2026-05-01 16:07:50,40.452294921875,"hot"
"HOBO","HOBO","20793680_ch2",2026-05-01 16:08:50,40.4951953125,"hot"
"HOBO","HOBO","20793680_ch2",2026-05-01 16:09:50,40.666796875,"hot"
"HOBO","HOBO","20793680_ch2",2026-05-01 16:10:50,40.8383984375,"hot"
"HOBO","HOBO","20793680_ch2",2026-05-01 16:11:50,41.052900390625,"hot"
"HOBO","HOBO","20793680_ch2",2026-05-01 16:12:50,41.138701171875,"hot"
"HOBO","HOBO","20793680_ch2",2026-05-01 16:13:50,41.224501953125,NA
"HOBO","HOBO","20793680_ch2",2026-05-01 16:14:50,41.5248046875,NA
"HOBO","HOBO","20793680_ch2",2026-05-01 16:15:50,41.739306640625,NA
"HOBO","HOBO","20793680_ch2",2026-05-01 16:16:50,41.910908203125,NA
"HOBO","HOBO","20793680_ch2",2026-05-01 16:17:50,41.8680078125,NA
"HOBO","HOBO","20793680_ch2",2026-05-01 16:18:50,41.825107421875,NA
"HOBO","HOBO","20793680_ch2",2026-05-01 16:19:50,41.739306640625,NA
"HOBO","HOBO","20793680_ch2",2026-05-01 16:20:50,41.69640625,NA
"HOBO","HOBO","20793680_ch2",2026-05-01 16:21:50,41.653505859375,NA
"HOBO","HOBO","20793680_ch2",2026-05-01 16:22:50,41.567705078125,NA
"HOBO","HOBO","20793680_ch2",2026-05-01 16:23:50,41.481904296875,NA
"HOBO","HOBO","20793680_ch2",2026-05-01 16:24:50,41.396103515625,NA
"HOBO","HOBO","20793680_ch2",2026-05-01 16:25:50,41.26740234375,NA
"HOBO","HOBO","20793680_ch2",2026-05-01 16:26:50,41.1816015625,NA
"HOBO","HOBO","20793680_ch2",2026-05-01 16:27:50,41.052900390625,NA
"HOBO","HOBO","20793680_ch2",2026-05-01 16:28:50,40.92419921875,NA
"HOBO","HOBO","20793680_ch2",2026-05-01 16:29:50,40.795498046875,NA
"HOBO","HOBO","20793680_ch2",2026-05-01 16:30:50,40.623896484375,NA
"HOBO","HOBO","20793680_ch2",2026-05-01 16:31:50,40.32359375,NA
"HOBO","HOBO","20793680_ch2",2026-05-01 16:32:50,27.4534765625,NA
"HOBO","HOBO","20793680_ch2",2026-05-01 16:33:50,22.6486328125,NA
"HOBO","HOBO","20793680_ch2",2026-05-01 16:34:50,20.632314453125,NA
"HOBO","HOBO","20793680_ch2",2026-05-01 16:35:50,20.117509765625,NA
"HOBO","HOBO","20793680_ch2",2026-05-01 16:36:50,20.4178125,NA
"HOBO","HOBO","20793680_ch2",2026-05-01 16:37:50,20.4178125,NA
"HOBO","HOBO","20793680_ch2",2026-05-01 16:38:50,20.84681640625,NA
"HOBO","HOBO","20793680_ch2",2026-05-01 16:39:50,21.36162109375,NA
"HOBO","HOBO","20793680_ch2",2026-05-01 16:40:50,21.661923828125,NA
"HOBO","HOBO","20793680_ch2",2026-05-01 16:41:50,21.790625,NA
"HOBO","HOBO","20793680_ch2",2026-05-01 16:42:50,22.133828125,NA
"HOBO","HOBO","20793680_ch2",2026-05-01 16:43:50,22.133828125,NA
"HOBO","HOBO","20793680_ch2",2026-05-01 16:44:50,22.21962890625,NA
"HOBO","HOBO","20793680_ch2",2026-05-01 16:45:50,22.262529296875,NA
"HOBO","HOBO","20793680_ch2",2026-05-01 16:46:50,22.519931640625,NA
"HOBO","HOBO","20793680_ch2",2026-05-01 16:47:50,23.377939453125,NA
"HOBO","HOBO","20793680_ch2",2026-05-01 16:48:50,8.019599609375,NA
"HOBO","HOBO","20793680_ch2",2026-05-01 16:49:50,3.25765625,NA
"HOBO","HOBO","20793680_ch2",2026-05-01 16:50:50,2.785751953125,NA
"HOBO","HOBO","20793680_ch2",2026-05-01 16:51:50,2.31384765625,NA
"HOBO","HOBO","20793680_ch2",2026-05-01 16:52:50,1.97064453125,NA
"HOBO","HOBO","20793680_ch2",2026-05-01 16:53:50,1.79904296875,NA
"HOBO","HOBO","20793680_ch2",2026-05-01 16:54:50,1.412939453125,NA
"HOBO","HOBO","20793680_ch2",2026-05-01 16:55:50,1.241337890625,NA
"HOBO","HOBO","20793680_ch2",2026-05-01 16:56:50,1.0268359375,"ice"
"HOBO","HOBO","20793680_ch2",2026-05-01 16:57:50,0.983935546874996,"ice"
"HOBO","HOBO","20793680_ch2",2026-05-01 16:58:50,0.983935546874996,"ice"
"HOBO","HOBO","20793680_ch2",2026-05-01 16:59:50,0.898134765624995,"ice"
"HOBO","HOBO","20793680_ch2",2026-05-01 17:00:50,0.812333984375002,"ice"
"HOBO","HOBO","20793680_ch2",2026-05-01 17:01:50,0.812333984375002,"ice"
"HOBO","HOBO","20793680_ch2",2026-05-01 17:02:50,0.769433593750001,"ice"
"HOBO","HOBO","20793680_ch2",2026-05-01 17:03:50,0.769433593750001,"ice"
"HOBO","HOBO","20793680_ch2",2026-05-01 17:04:50,0.726533203125001,"ice"
"HOBO","HOBO","20793680_ch2",2026-05-01 17:05:50,0.769433593750001,"ice"
"HOBO","HOBO","20793680_ch2",2026-05-01 17:06:50,0.726533203125001,"ice"
"HOBO","HOBO","20793680_ch2",2026-05-01 17:07:50,0.726533203125001,"ice"
"HOBO","HOBO","20793680_ch2",2026-05-01 17:08:50,0.726533203125001,"ice"
"HOBO","HOBO","20793680_ch2",2026-05-01 17:09:50,0.726533203125001,"ice"
"HOBO","HOBO","20793680_ch2",2026-05-01 17:10:50,0.726533203125001,"ice"
"HOBO","HOBO","20793680_ch2",2026-05-01 17:11:50,0.812333984375002,NA
"HOBO","HOBO","20793680_ch2",2026-05-01 17:12:50,0.769433593750001,NA
"HOBO","HOBO","20793680_ch2",2026-05-01 17:13:50,0.769433593750001,NA
"HOBO","HOBO","20793680_ch2",2026-05-01 17:14:50,1.0268359375,NA
"HOBO","HOBO","20793680_ch2",2026-05-01 17:15:50,6.131982421875,NA
"HOBO","HOBO","20793680_ch2",2026-05-01 17:16:50,8.5773046875,NA
"HOBO","HOBO","20793680_ch2",2026-05-01 17:17:50,10.250419921875,NA
"HOBO","HOBO","20793680_ch2",2026-05-01 17:18:50,11.6661328125,NA
"HOBO","HOBO","20793680_ch2",2026-05-01 17:19:50,12.78154296875,NA
"HOBO","HOBO","20793680_ch2",2026-05-01 17:20:50,13.63955078125,NA
"HOBO","HOBO","20793680_ch2",2026-05-01 17:21:50,14.32595703125,NA
"HOBO","HOBO","20793680_ch2",2026-05-01 17:22:50,14.84076171875,NA
"HOBO","HOBO","20793680_ch2",2026-05-01 17:23:50,15.484267578125,NA
"HOBO","HOBO","20793680_ch2",2026-05-01 17:24:50,16.170673828125,NA
"HOBO","HOBO","20793680_ch2",2026-05-01 17:25:50,16.599677734375,NA
"HOBO","HOBO","20793680_ch2",2026-05-01 17:26:50,16.942880859375,NA
"HOBO","HOBO","20793680_ch2",2026-05-01 17:27:50,17.200283203125,NA
"HOBO","HOBO","20793680_ch2",2026-05-01 17:28:50,17.457685546875,NA
"HOBO","HOBO","20793680_ch2",2026-05-01 17:29:50,17.715087890625,NA
"HOBO","HOBO","20793680_ch2",2026-05-01 17:30:50,17.92958984375,NA
"HOBO","HOBO","20793680_ch2",2026-05-01 17:31:50,18.058291015625,NA
"HOBO","HOBO","20793680_ch2",2026-05-01 17:32:50,18.27279296875,NA
"HOBO","HOBO","20793680_ch2",2026-05-01 17:33:50,18.401494140625,NA
"HOBO","HOBO","20793680_ch2",2026-05-01 17:34:50,18.5301953125,NA
"HOBO","HOBO","20793680_ch2",2026-05-01 17:35:50,18.61599609375,NA
"HOBO","HOBO","20793680_ch2",2026-05-01 17:36:50,18.701796875,NA
"HOBO","HOBO","20793680_ch2",2026-05-01 17:37:50,18.78759765625,NA
"HOBO","HOBO","20793680_ch2",2026-05-01 17:38:50,18.916298828125,NA
"HOBO","HOBO","20793680_ch2",2026-05-01 17:39:50,19.002099609375,NA
"HOBO","HOBO","20793680_ch2",2026-05-01 17:40:50,19.045,NA
"HOBO","HOBO","20793680_ch2",2026-05-01 17:41:50,19.045,NA
"HOBO","HOBO","20793680_ch2",2026-05-01 17:42:50,19.173701171875,NA
"HOBO","HOBO","20793680_ch2",2026-05-01 17:43:50,19.2166015625,NA
"HOBO","HOBO","20793680_ch2",2026-05-01 17:44:50,19.259501953125,NA
"HOBO","HOBO","20793680_ch2",2026-05-01 17:45:50,19.431103515625,NA
"HOBO","HOBO","20793680_ch2",2026-05-01 17:46:50,19.47400390625,NA
"HOBO","HOBO","20793680_ch2",2026-05-01 17:47:50,19.516904296875,NA
"HOBO","HOBO","20793680_ch2",2026-05-01 17:48:50,19.516904296875,NA
"HOBO","HOBO","20793680_ch2",2026-05-01 17:49:50,19.64560546875,NA
"HOBO","HOBO","20793680_ch2",2026-05-01 17:50:50,19.73140625,NA
"HOBO","HOBO","20793680_ch2",2026-05-01 17:51:50,19.73140625,NA
"HOBO","HOBO","20793680_ch2",2026-05-01 17:52:50,19.860107421875,NA
"HOBO","HOBO","20793680_ch2",2026-05-01 17:53:50,19.945908203125,NA
"HOBO","HOBO","20793680_ch2",2026-05-01 17:54:50,20.031708984375,NA
"HOBO","HOBO","20793680_ch2",2026-05-01 17:55:50,20.074609375,NA
"HOBO","HOBO","20793680_ch2",2026-05-01 17:56:50,20.117509765625,NA
"HOBO","HOBO","20793680_ch2",2026-05-01 17:57:50,20.16041015625,NA
"HOBO","HOBO","20793680_ch2",2026-05-01 17:58:50,20.16041015625,NA
"HOBO","HOBO","20793680_ch2",2026-05-01 17:59:50,20.2462109375,NA
"HOBO","HOBO","20793680_ch2",2026-05-01 18:00:50,20.289111328125,NA
"HOBO","HOBO","20793680_ch2",2026-05-01 18:01:50,20.289111328125,NA
"HOBO","HOBO","20793680_ch2",2026-05-01 18:02:50,20.374912109375,NA
"HOBO","HOBO","20793680_ch2",2026-05-01 18:03:50,20.33201171875,NA
"HOBO","HOBO","20793680_ch2",2026-05-01 18:04:50,20.374912109375,NA
"HOBO","HOBO","20793680_ch2",2026-05-01 18:05:50,20.460712890625,NA
"HOBO","HOBO","20793680_ch2",2026-05-01 18:06:50,20.50361328125,NA
"HOBO","HOBO","20793680_ch2",2026-05-01 18:07:50,20.460712890625,NA
"HOBO","HOBO","20793680_ch2",2026-05-01 18:08:50,20.50361328125,NA
"HOBO","HOBO","20793680_ch2",2026-05-01 18:09:50,20.460712890625,NA
"HOBO","HOBO","20793680_ch2",2026-05-01 18:10:50,20.546513671875,NA
"HOBO","HOBO","20793680_ch2",2026-05-01 18:11:50,20.5894140625,NA
"HOBO","HOBO","20793680_ch2",2026-05-01 18:12:50,20.632314453125,NA
"HOBO","HOBO","20793680_ch2",2026-05-01 18:13:50,20.67521484375,NA
"HOBO","HOBO","20793680_ch2",2026-05-01 18:14:50,20.67521484375,NA
"HOBO","HOBO","20793680_ch2",2026-05-01 18:15:50,20.803916015625,NA
"HOBO","HOBO","20793680_ch2",2026-05-01 18:16:50,20.9326171875,NA
"HOBO","HOBO","20793680_ch2",2026-05-01 18:17:50,21.10421875,NA
"HOBO","HOBO","20793680_ch2",2026-05-01 18:18:50,21.232919921875,NA
"HOBO","HOBO","20793680_ch2",2026-05-01 18:19:50,21.404521484375,NA
"HOBO","HOBO","20793680_ch2",2026-05-01 18:20:50,21.53322265625,NA
"HOBO","HOBO","20793680_ch2",2026-05-01 18:21:50,21.6190234375,NA
"HOBO","HOBO","20793680_ch2",2026-05-01 18:22:50,21.661923828125,NA
"HOBO","HOBO","20793680_ch2",2026-05-01 18:23:50,21.747724609375,NA
"HOBO","HOBO","20793680_ch2",2026-05-01 18:24:50,21.790625,NA
"HOBO","HOBO","20793680_ch2",2026-05-01 18:25:50,21.833525390625,NA
"HOBO","HOBO","20793680_ch2",2026-05-01 18:26:50,21.919326171875,NA
"HOBO","HOBO","20793680_ch2",2026-05-01 18:27:50,21.9622265625,NA
"HOBO","HOBO","20793680_ch2",2026-05-01 18:28:50,22.005126953125,NA
"HOBO","HOBO","20793680_ch2",2026-05-01 18:29:50,22.005126953125,NA
"HOBO","HOBO","20793680_ch2",2026-05-01 18:30:50,22.04802734375,NA
"HOBO","HOBO","20793680_ch2",2026-05-01 18:31:50,22.090927734375,NA
"HOBO","HOBO","20793680_ch2",2026-05-01 18:32:50,22.090927734375,NA
"HOBO","HOBO","20793680_ch2",2026-05-01 18:33:50,22.133828125,NA
"HOBO","HOBO","20793680_ch2",2026-05-01 18:34:50,22.176728515625,NA
"HOBO","HOBO","20793680_ch2",2026-05-01 18:35:50,22.133828125,NA
"HOBO","HOBO","20793680_ch2",2026-05-01 18:36:50,22.176728515625,NA
"HOBO","HOBO","20793680_ch2",2026-05-01 18:37:50,22.21962890625,NA
"HOBO","HOBO","20793680_ch2",2026-05-01 18:38:50,22.21962890625,NA
"HOBO","HOBO","20793680_ch2",2026-05-01 18:39:50,22.3054296875,NA
"HOBO","HOBO","20793680_ch2",2026-05-01 18:40:50,22.3054296875,NA
"HOBO","HOBO","20793680_ch2",2026-05-01 18:41:50,22.3054296875,NA
"HOBO","HOBO","20793680_ch2",2026-05-01 18:42:50,22.3054296875,NA
"HOBO","HOBO","20793680_ch2",2026-05-01 18:43:50,22.39123046875,NA
"HOBO","HOBO","20793680_ch2",2026-05-01 18:44:50,22.39123046875,NA
"HOBO","HOBO","20793680_ch2",2026-05-01 18:45:50,22.39123046875,NA
"HOBO","HOBO","20793680_ch2",2026-05-01 18:46:50,22.39123046875,NA
"HOBO","HOBO","20793680_ch2",2026-05-01 18:47:50,22.39123046875,NA
"HOBO","HOBO","20793680_ch2",2026-05-01 18:48:50,22.47703125,NA
"HOBO","HOBO","20793680_ch2",2026-05-01 18:49:50,22.47703125,NA
"HOBO","HOBO","20793680_ch2",2026-05-01 18:50:50,22.47703125,NA
"HOBO","HOBO","20793680_ch2",2026-05-01 18:51:50,22.434130859375,NA
"HOBO","HOBO","20793680_ch2",2026-05-01 18:52:50,22.47703125,NA
"HOBO","HOBO","20793680_ch2",2026-05-01 18:53:50,22.47703125,NA
"HOBO","HOBO","20793680_ch2",2026-05-01 18:54:50,22.47703125,NA
"HOBO","HOBO","20793680_ch2",2026-05-01 18:55:50,22.47703125,NA
"HOBO","HOBO","20793680_ch2",2026-05-01 18:56:50,22.47703125,NA
"HOBO","HOBO","20793680_ch2",2026-05-01 18:57:50,22.519931640625,NA
"HOBO","HOBO","20793680_ch2",2026-05-01 18:58:50,22.47703125,NA
"HOBO","HOBO","20793680_ch2",2026-05-01 18:59:50,22.47703125,NA
"HOBO","HOBO","20793684_ch1",2026-05-01 15:32:00,23.506640625,NA
"HOBO","HOBO","20793684_ch1",2026-05-01 15:33:00,23.6782421875,NA
"HOBO","HOBO","20793684_ch1",2026-05-01 15:34:00,23.76404296875,NA
"HOBO","HOBO","20793684_ch1",2026-05-01 15:35:00,23.806943359375,NA
"HOBO","HOBO","20793684_ch1",2026-05-01 15:36:00,23.76404296875,NA
"HOBO","HOBO","20793684_ch1",2026-05-01 15:37:00,23.806943359375,NA
"HOBO","HOBO","20793684_ch1",2026-05-01 15:38:00,23.806943359375,NA
"HOBO","HOBO","20793684_ch1",2026-05-01 15:39:00,27.71087890625,NA
"HOBO","HOBO","20793684_ch1",2026-05-01 15:40:00,34.703642578125,NA
"HOBO","HOBO","20793684_ch1",2026-05-01 15:41:00,35.647451171875,NA
"HOBO","HOBO","20793684_ch1",2026-05-01 15:42:00,37.277666015625,NA
"HOBO","HOBO","20793684_ch1",2026-05-01 15:43:00,40.194892578125,NA
"HOBO","HOBO","20793684_ch1",2026-05-01 15:44:00,39.980390625,NA
"HOBO","HOBO","20793684_ch1",2026-05-01 15:45:00,39.89458984375,NA
"HOBO","HOBO","20793684_ch1",2026-05-01 15:46:00,40.023291015625,NA
"HOBO","HOBO","20793684_ch1",2026-05-01 15:47:00,40.40939453125,NA
"HOBO","HOBO","20793684_ch1",2026-05-01 15:48:00,37.921171875,NA
"HOBO","HOBO","20793684_ch1",2026-05-01 15:49:00,39.55138671875,NA
"HOBO","HOBO","20793684_ch1",2026-05-01 15:50:00,40.538095703125,NA
"HOBO","HOBO","20793684_ch1",2026-05-01 15:51:00,40.92419921875,NA
"HOBO","HOBO","20793684_ch1",2026-05-01 15:52:00,41.1816015625,NA
"HOBO","HOBO","20793684_ch1",2026-05-01 15:53:00,41.353203125,NA
"HOBO","HOBO","20793684_ch1",2026-05-01 15:54:00,41.653505859375,"hot"
"HOBO","HOBO","20793684_ch1",2026-05-01 15:55:00,41.825107421875,"hot"
"HOBO","HOBO","20793684_ch1",2026-05-01 15:56:00,41.95380859375,"hot"
"HOBO","HOBO","20793684_ch1",2026-05-01 15:57:00,42.039609375,"hot"
"HOBO","HOBO","20793684_ch1",2026-05-01 15:58:00,42.168310546875,"hot"
"HOBO","HOBO","20793684_ch1",2026-05-01 15:59:00,42.2112109375,"hot"
"HOBO","HOBO","20793684_ch1",2026-05-01 16:00:00,42.254111328125,"hot"
"HOBO","HOBO","20793684_ch1",2026-05-01 16:01:00,42.12541015625,"hot"
"HOBO","HOBO","20793684_ch1",2026-05-01 16:02:00,42.12541015625,"hot"
"HOBO","HOBO","20793684_ch1",2026-05-01 16:03:00,42.082509765625,"hot"
"HOBO","HOBO","20793684_ch1",2026-05-01 16:04:00,42.039609375,"hot"
"HOBO","HOBO","20793684_ch1",2026-05-01 16:05:00,41.910908203125,"hot"
"HOBO","HOBO","20793684_ch1",2026-05-01 16:06:00,41.8680078125,"hot"
"HOBO","HOBO","20793684_ch1",2026-05-01 16:07:00,41.78220703125,"hot"
"HOBO","HOBO","20793684_ch1",2026-05-01 16:08:00,41.653505859375,"hot"
"HOBO","HOBO","20793684_ch1",2026-05-01 16:09:00,41.910908203125,"hot"
"HOBO","HOBO","20793684_ch1",2026-05-01 16:10:00,42.2112109375,"hot"
"HOBO","HOBO","20793684_ch1",2026-05-01 16:11:00,42.511513671875,"hot"
"HOBO","HOBO","20793684_ch1",2026-05-01 16:12:00,42.81181640625,"hot"
"HOBO","HOBO","20793684_ch1",2026-05-01 16:13:00,42.8976171875,"hot"
"HOBO","HOBO","20793684_ch1",2026-05-01 16:14:00,42.854716796875,NA
"HOBO","HOBO","20793684_ch1",2026-05-01 16:15:00,42.8976171875,NA
"HOBO","HOBO","20793684_ch1",2026-05-01 16:16:00,43.112119140625,NA
"HOBO","HOBO","20793684_ch1",2026-05-01 16:17:00,43.026318359375,NA
"HOBO","HOBO","20793684_ch1",2026-05-01 16:18:00,42.98341796875,NA
"HOBO","HOBO","20793684_ch1",2026-05-01 16:19:00,43.026318359375,NA
"HOBO","HOBO","20793684_ch1",2026-05-01 16:20:00,42.98341796875,NA
"HOBO","HOBO","20793684_ch1",2026-05-01 16:21:00,42.940517578125,NA
"HOBO","HOBO","20793684_ch1",2026-05-01 16:22:00,42.8976171875,NA
"HOBO","HOBO","20793684_ch1",2026-05-01 16:23:00,42.768916015625,NA
"HOBO","HOBO","20793684_ch1",2026-05-01 16:24:00,42.597314453125,NA
"HOBO","HOBO","20793684_ch1",2026-05-01 16:25:00,42.46861328125,NA
"HOBO","HOBO","20793684_ch1",2026-05-01 16:26:00,42.339912109375,NA
"HOBO","HOBO","20793684_ch1",2026-05-01 16:27:00,42.254111328125,NA
"HOBO","HOBO","20793684_ch1",2026-05-01 16:28:00,42.082509765625,NA
"HOBO","HOBO","20793684_ch1",2026-05-01 16:29:00,41.825107421875,NA
"HOBO","HOBO","20793684_ch1",2026-05-01 16:30:00,41.739306640625,NA
"HOBO","HOBO","20793684_ch1",2026-05-01 16:31:00,41.653505859375,NA
"HOBO","HOBO","20793684_ch1",2026-05-01 16:32:00,41.43900390625,NA
"HOBO","HOBO","20793684_ch1",2026-05-01 16:33:00,35.26134765625,NA
"HOBO","HOBO","20793684_ch1",2026-05-01 16:34:00,28.011181640625,NA
"HOBO","HOBO","20793684_ch1",2026-05-01 16:35:00,24.836552734375,NA
"HOBO","HOBO","20793684_ch1",2026-05-01 16:36:00,23.292138671875,NA
"HOBO","HOBO","20793684_ch1",2026-05-01 16:37:00,22.47703125,NA
"HOBO","HOBO","20793684_ch1",2026-05-01 16:38:00,22.005126953125,NA
"HOBO","HOBO","20793684_ch1",2026-05-01 16:39:00,21.70482421875,NA
"HOBO","HOBO","20793684_ch1",2026-05-01 16:40:00,21.833525390625,NA
"HOBO","HOBO","20793684_ch1",2026-05-01 16:41:00,21.9622265625,NA
"HOBO","HOBO","20793684_ch1",2026-05-01 16:42:00,22.04802734375,NA
"HOBO","HOBO","20793684_ch1",2026-05-01 16:43:00,22.090927734375,NA
"HOBO","HOBO","20793684_ch1",2026-05-01 16:44:00,22.262529296875,NA
"HOBO","HOBO","20793684_ch1",2026-05-01 16:45:00,22.3054296875,NA
"HOBO","HOBO","20793684_ch1",2026-05-01 16:46:00,22.47703125,NA
"HOBO","HOBO","20793684_ch1",2026-05-01 16:47:00,23.3350390625,NA
"HOBO","HOBO","20793684_ch1",2026-05-01 16:48:00,12.1809375,NA
"HOBO","HOBO","20793684_ch1",2026-05-01 16:49:00,7.5476953125,NA
"HOBO","HOBO","20793684_ch1",2026-05-01 16:50:00,3.85826171875,NA
"HOBO","HOBO","20793684_ch1",2026-05-01 16:51:00,1.88484375,NA
"HOBO","HOBO","20793684_ch1",2026-05-01 16:52:00,2.270947265625,NA
"HOBO","HOBO","20793684_ch1",2026-05-01 16:53:00,2.099345703125,NA
"HOBO","HOBO","20793684_ch1",2026-05-01 16:54:00,1.88484375,NA
"HOBO","HOBO","20793684_ch1",2026-05-01 16:55:00,1.841943359375,NA
"HOBO","HOBO","20793684_ch1",2026-05-01 16:56:00,1.155537109375,"ice"
"HOBO","HOBO","20793684_ch1",2026-05-01 16:57:00,1.069736328125,"ice"
"HOBO","HOBO","20793684_ch1",2026-05-01 16:58:00,1.0268359375,"ice"
"HOBO","HOBO","20793684_ch1",2026-05-01 16:59:00,0.898134765624995,"ice"
"HOBO","HOBO","20793684_ch1",2026-05-01 17:00:00,0.855234374999995,"ice"
"HOBO","HOBO","20793684_ch1",2026-05-01 17:01:00,0.898134765624995,"ice"
"HOBO","HOBO","20793684_ch1",2026-05-01 17:02:00,0.812333984375002,"ice"
"HOBO","HOBO","20793684_ch1",2026-05-01 17:03:00,0.812333984375002,"ice"
"HOBO","HOBO","20793684_ch1",2026-05-01 17:04:00,0.855234374999995,"ice"
"HOBO","HOBO","20793684_ch1",2026-05-01 17:05:00,0.812333984375002,"ice"
"HOBO","HOBO","20793684_ch1",2026-05-01 17:06:00,0.812333984375002,"ice"
"HOBO","HOBO","20793684_ch1",2026-05-01 17:07:00,0.812333984375002,"ice"
"HOBO","HOBO","20793684_ch1",2026-05-01 17:08:00,0.812333984375002,"ice"
"HOBO","HOBO","20793684_ch1",2026-05-01 17:09:00,0.769433593750001,"ice"
"HOBO","HOBO","20793684_ch1",2026-05-01 17:10:00,0.769433593750001,"ice"
"HOBO","HOBO","20793684_ch1",2026-05-01 17:11:00,0.812333984375002,"ice"
"HOBO","HOBO","20793684_ch1",2026-05-01 17:12:00,0.769433593750001,NA
"HOBO","HOBO","20793684_ch1",2026-05-01 17:13:00,0.726533203125001,NA
"HOBO","HOBO","20793684_ch1",2026-05-01 17:14:00,0.769433593750001,NA
"HOBO","HOBO","20793684_ch1",2026-05-01 17:15:00,0.812333984375002,NA
"HOBO","HOBO","20793684_ch1",2026-05-01 17:16:00,4.07276367187499,NA
"HOBO","HOBO","20793684_ch1",2026-05-01 17:17:00,6.21778320312499,NA
"HOBO","HOBO","20793684_ch1",2026-05-01 17:18:00,8.0625,NA
"HOBO","HOBO","20793684_ch1",2026-05-01 17:19:00,9.907216796875,NA
"HOBO","HOBO","20793684_ch1",2026-05-01 17:20:00,11.365830078125,NA
"HOBO","HOBO","20793684_ch1",2026-05-01 17:21:00,12.524140625,NA
"HOBO","HOBO","20793684_ch1",2026-05-01 17:22:00,13.46794921875,NA
"HOBO","HOBO","20793684_ch1",2026-05-01 17:23:00,14.197255859375,NA
"HOBO","HOBO","20793684_ch1",2026-05-01 17:24:00,14.84076171875,NA
"HOBO","HOBO","20793684_ch1",2026-05-01 17:25:00,15.398466796875,NA
"HOBO","HOBO","20793684_ch1",2026-05-01 17:26:00,15.87037109375,NA
"HOBO","HOBO","20793684_ch1",2026-05-01 17:27:00,16.299375,NA
"HOBO","HOBO","20793684_ch1",2026-05-01 17:28:00,16.55677734375,NA
"HOBO","HOBO","20793684_ch1",2026-05-01 17:29:00,17.028681640625,NA
"HOBO","HOBO","20793684_ch1",2026-05-01 17:30:00,17.371884765625,NA
"HOBO","HOBO","20793684_ch1",2026-05-01 17:31:00,17.75798828125,NA
"HOBO","HOBO","20793684_ch1",2026-05-01 17:32:00,17.972490234375,NA
"HOBO","HOBO","20793684_ch1",2026-05-01 17:33:00,18.10119140625,NA
"HOBO","HOBO","20793684_ch1",2026-05-01 17:34:00,18.27279296875,NA
"HOBO","HOBO","20793684_ch1",2026-05-01 17:35:00,18.35859375,NA
"HOBO","HOBO","20793684_ch1",2026-05-01 17:36:00,18.44439453125,NA
"HOBO","HOBO","20793684_ch1",2026-05-01 17:37:00,18.61599609375,NA
"HOBO","HOBO","20793684_ch1",2026-05-01 17:38:00,18.61599609375,NA
"HOBO","HOBO","20793684_ch1",2026-05-01 17:39:00,18.744697265625,NA
"HOBO","HOBO","20793684_ch1",2026-05-01 17:40:00,18.830498046875,NA
"HOBO","HOBO","20793684_ch1",2026-05-01 17:41:00,18.8733984375,NA
"HOBO","HOBO","20793684_ch1",2026-05-01 17:42:00,18.916298828125,NA
"HOBO","HOBO","20793684_ch1",2026-05-01 17:43:00,18.95919921875,NA
"HOBO","HOBO","20793684_ch1",2026-05-01 17:44:00,19.002099609375,NA
"HOBO","HOBO","20793684_ch1",2026-05-01 17:45:00,19.045,NA
"HOBO","HOBO","20793684_ch1",2026-05-01 17:46:00,19.045,NA
"HOBO","HOBO","20793684_ch1",2026-05-01 17:47:00,19.087900390625,NA
"HOBO","HOBO","20793684_ch1",2026-05-01 17:48:00,19.173701171875,NA
"HOBO","HOBO","20793684_ch1",2026-05-01 17:49:00,19.13080078125,NA
"HOBO","HOBO","20793684_ch1",2026-05-01 17:50:00,19.2166015625,NA
"HOBO","HOBO","20793684_ch1",2026-05-01 17:51:00,19.259501953125,NA
"HOBO","HOBO","20793684_ch1",2026-05-01 17:52:00,19.173701171875,NA
"HOBO","HOBO","20793684_ch1",2026-05-01 17:53:00,19.259501953125,NA
"HOBO","HOBO","20793684_ch1",2026-05-01 17:54:00,19.30240234375,NA
"HOBO","HOBO","20793684_ch1",2026-05-01 17:55:00,19.388203125,NA
"HOBO","HOBO","20793684_ch1",2026-05-01 17:56:00,19.345302734375,NA
"HOBO","HOBO","20793684_ch1",2026-05-01 17:57:00,19.345302734375,NA
"HOBO","HOBO","20793684_ch1",2026-05-01 17:58:00,19.388203125,NA
"HOBO","HOBO","20793684_ch1",2026-05-01 17:59:00,19.431103515625,NA
"HOBO","HOBO","20793684_ch1",2026-05-01 18:00:00,19.431103515625,NA
"HOBO","HOBO","20793684_ch1",2026-05-01 18:01:00,19.431103515625,NA
"HOBO","HOBO","20793684_ch1",2026-05-01 18:02:00,19.47400390625,NA
"HOBO","HOBO","20793684_ch1",2026-05-01 18:03:00,19.431103515625,NA
"HOBO","HOBO","20793684_ch1",2026-05-01 18:04:00,19.431103515625,NA
"HOBO","HOBO","20793684_ch1",2026-05-01 18:05:00,19.431103515625,NA
"HOBO","HOBO","20793684_ch1",2026-05-01 18:06:00,19.47400390625,NA
"HOBO","HOBO","20793684_ch1",2026-05-01 18:07:00,19.516904296875,NA
"HOBO","HOBO","20793684_ch1",2026-05-01 18:08:00,19.5598046875,NA
"HOBO","HOBO","20793684_ch1",2026-05-01 18:09:00,19.47400390625,NA
"HOBO","HOBO","20793684_ch1",2026-05-01 18:10:00,19.47400390625,NA
"HOBO","HOBO","20793684_ch1",2026-05-01 18:11:00,19.516904296875,NA
"HOBO","HOBO","20793684_ch1",2026-05-01 18:12:00,19.516904296875,NA
"HOBO","HOBO","20793684_ch1",2026-05-01 18:13:00,19.516904296875,NA
"HOBO","HOBO","20793684_ch1",2026-05-01 18:14:00,19.516904296875,NA
"HOBO","HOBO","20793684_ch1",2026-05-01 18:15:00,19.516904296875,NA
"HOBO","HOBO","20793684_ch1",2026-05-01 18:16:00,19.64560546875,NA
"HOBO","HOBO","20793684_ch1",2026-05-01 18:17:00,19.688505859375,NA
"HOBO","HOBO","20793684_ch1",2026-05-01 18:18:00,19.688505859375,NA
"HOBO","HOBO","20793684_ch1",2026-05-01 18:19:00,19.774306640625,NA
"HOBO","HOBO","20793684_ch1",2026-05-01 18:20:00,19.73140625,NA
"HOBO","HOBO","20793684_ch1",2026-05-01 18:21:00,19.81720703125,NA
"HOBO","HOBO","20793684_ch1",2026-05-01 18:22:00,19.9030078125,NA
"HOBO","HOBO","20793684_ch1",2026-05-01 18:23:00,19.9030078125,NA
"HOBO","HOBO","20793684_ch1",2026-05-01 18:24:00,19.945908203125,NA
"HOBO","HOBO","20793684_ch1",2026-05-01 18:25:00,20.031708984375,NA
"HOBO","HOBO","20793684_ch1",2026-05-01 18:26:00,20.074609375,NA
"HOBO","HOBO","20793684_ch1",2026-05-01 18:27:00,20.16041015625,NA
"HOBO","HOBO","20793684_ch1",2026-05-01 18:28:00,20.203310546875,NA
"HOBO","HOBO","20793684_ch1",2026-05-01 18:29:00,20.2462109375,NA
"HOBO","HOBO","20793684_ch1",2026-05-01 18:30:00,20.289111328125,NA
"HOBO","HOBO","20793684_ch1",2026-05-01 18:31:00,20.289111328125,NA
"HOBO","HOBO","20793684_ch1",2026-05-01 18:32:00,20.33201171875,NA
"HOBO","HOBO","20793684_ch1",2026-05-01 18:33:00,20.374912109375,NA
"HOBO","HOBO","20793684_ch1",2026-05-01 18:34:00,20.33201171875,NA
"HOBO","HOBO","20793684_ch1",2026-05-01 18:35:00,20.460712890625,NA
"HOBO","HOBO","20793684_ch1",2026-05-01 18:36:00,20.546513671875,NA
"HOBO","HOBO","20793684_ch1",2026-05-01 18:37:00,20.50361328125,NA
"HOBO","HOBO","20793684_ch1",2026-05-01 18:38:00,20.5894140625,NA
"HOBO","HOBO","20793684_ch1",2026-05-01 18:39:00,20.546513671875,NA
"HOBO","HOBO","20793684_ch1",2026-05-01 18:40:00,20.5894140625,NA
"HOBO","HOBO","20793684_ch1",2026-05-01 18:41:00,20.632314453125,NA
"HOBO","HOBO","20793684_ch1",2026-05-01 18:42:00,20.67521484375,NA
"HOBO","HOBO","20793684_ch1",2026-05-01 18:43:00,20.718115234375,NA
"HOBO","HOBO","20793684_ch1",2026-05-01 18:44:00,20.761015625,NA
"HOBO","HOBO","20793684_ch1",2026-05-01 18:45:00,20.803916015625,NA
"HOBO","HOBO","20793684_ch1",2026-05-01 18:46:00,20.803916015625,NA
"HOBO","HOBO","20793684_ch1",2026-05-01 18:47:00,20.889716796875,NA
"HOBO","HOBO","20793684_ch1",2026-05-01 18:48:00,20.9326171875,NA
"HOBO","HOBO","20793684_ch1",2026-05-01 18:49:00,20.9326171875,NA
"HOBO","HOBO","20793684_ch1",2026-05-01 18:50:00,21.01841796875,NA
"HOBO","HOBO","20793684_ch1",2026-05-01 18:51:00,21.147119140625,NA
"HOBO","HOBO","20793684_ch1",2026-05-01 18:52:00,21.147119140625,NA
"HOBO","HOBO","20793684_ch1",2026-05-01 18:53:00,21.232919921875,NA
"HOBO","HOBO","20793684_ch1",2026-05-01 18:54:00,21.2758203125,NA
"HOBO","HOBO","20793684_ch1",2026-05-01 18:55:00,21.318720703125,NA
"HOBO","HOBO","20793684_ch1",2026-05-01 18:56:00,21.447421875,NA
"HOBO","HOBO","20793684_ch1",2026-05-01 18:57:00,21.53322265625,NA
"HOBO","HOBO","20793684_ch1",2026-05-01 18:58:00,21.747724609375,NA
"HOBO","HOBO","20793684_ch1",2026-05-01 18:59:00,22.005126953125,NA
"HOBO","HOBO","20793684_ch1",2026-05-01 19:00:00,21.9622265625,NA
"HOBO","HOBO","20793684_ch2",2026-05-01 15:32:00,23.6782421875,NA
"HOBO","HOBO","20793684_ch2",2026-05-01 15:33:00,23.76404296875,NA
"HOBO","HOBO","20793684_ch2",2026-05-01 15:34:00,23.806943359375,NA
"HOBO","HOBO","20793684_ch2",2026-05-01 15:35:00,23.76404296875,NA
"HOBO","HOBO","20793684_ch2",2026-05-01 15:36:00,23.806943359375,NA
"HOBO","HOBO","20793684_ch2",2026-05-01 15:37:00,23.806943359375,NA
"HOBO","HOBO","20793684_ch2",2026-05-01 15:38:00,27.71087890625,NA
"HOBO","HOBO","20793684_ch2",2026-05-01 15:39:00,34.703642578125,NA
"HOBO","HOBO","20793684_ch2",2026-05-01 15:40:00,35.647451171875,NA
"HOBO","HOBO","20793684_ch2",2026-05-01 15:41:00,37.277666015625,NA
"HOBO","HOBO","20793684_ch2",2026-05-01 15:42:00,40.194892578125,NA
"HOBO","HOBO","20793684_ch2",2026-05-01 15:43:00,40.280693359375,NA
"HOBO","HOBO","20793684_ch2",2026-05-01 15:44:00,39.89458984375,NA
"HOBO","HOBO","20793684_ch2",2026-05-01 15:45:00,40.023291015625,NA
"HOBO","HOBO","20793684_ch2",2026-05-01 15:46:00,40.40939453125,NA
"HOBO","HOBO","20793684_ch2",2026-05-01 15:47:00,37.921171875,NA
"HOBO","HOBO","20793684_ch2",2026-05-01 15:48:00,39.55138671875,NA
"HOBO","HOBO","20793684_ch2",2026-05-01 15:49:00,40.538095703125,NA
"HOBO","HOBO","20793684_ch2",2026-05-01 15:50:00,40.92419921875,NA
"HOBO","HOBO","20793684_ch2",2026-05-01 15:51:00,41.1816015625,NA
"HOBO","HOBO","20793684_ch2",2026-05-01 15:52:00,41.353203125,NA
"HOBO","HOBO","20793684_ch2",2026-05-01 15:53:00,41.653505859375,NA
"HOBO","HOBO","20793684_ch2",2026-05-01 15:54:00,41.825107421875,"hot"
"HOBO","HOBO","20793684_ch2",2026-05-01 15:55:00,41.95380859375,"hot"
"HOBO","HOBO","20793684_ch2",2026-05-01 15:56:00,42.039609375,"hot"
"HOBO","HOBO","20793684_ch2",2026-05-01 15:57:00,42.168310546875,"hot"
"HOBO","HOBO","20793684_ch2",2026-05-01 15:58:00,42.254111328125,"hot"
"HOBO","HOBO","20793684_ch2",2026-05-01 15:59:00,42.254111328125,"hot"
"HOBO","HOBO","20793684_ch2",2026-05-01 16:00:00,42.12541015625,"hot"
"HOBO","HOBO","20793684_ch2",2026-05-01 16:01:00,42.12541015625,"hot"
"HOBO","HOBO","20793684_ch2",2026-05-01 16:02:00,42.082509765625,"hot"
"HOBO","HOBO","20793684_ch2",2026-05-01 16:03:00,42.039609375,"hot"
"HOBO","HOBO","20793684_ch2",2026-05-01 16:04:00,41.910908203125,"hot"
"HOBO","HOBO","20793684_ch2",2026-05-01 16:05:00,41.8680078125,"hot"
"HOBO","HOBO","20793684_ch2",2026-05-01 16:06:00,41.78220703125,"hot"
"HOBO","HOBO","20793684_ch2",2026-05-01 16:07:00,41.653505859375,"hot"
"HOBO","HOBO","20793684_ch2",2026-05-01 16:08:00,41.910908203125,"hot"
"HOBO","HOBO","20793684_ch2",2026-05-01 16:09:00,42.2112109375,"hot"
"HOBO","HOBO","20793684_ch2",2026-05-01 16:10:00,42.511513671875,"hot"
"HOBO","HOBO","20793684_ch2",2026-05-01 16:11:00,42.81181640625,"hot"
"HOBO","HOBO","20793684_ch2",2026-05-01 16:12:00,42.8976171875,"hot"
"HOBO","HOBO","20793684_ch2",2026-05-01 16:13:00,42.854716796875,"hot"
"HOBO","HOBO","20793684_ch2",2026-05-01 16:14:00,42.8976171875,NA
"HOBO","HOBO","20793684_ch2",2026-05-01 16:15:00,43.112119140625,NA
"HOBO","HOBO","20793684_ch2",2026-05-01 16:16:00,43.026318359375,NA
"HOBO","HOBO","20793684_ch2",2026-05-01 16:17:00,42.98341796875,NA
"HOBO","HOBO","20793684_ch2",2026-05-01 16:18:00,43.026318359375,NA
"HOBO","HOBO","20793684_ch2",2026-05-01 16:19:00,42.98341796875,NA
"HOBO","HOBO","20793684_ch2",2026-05-01 16:20:00,42.940517578125,NA
"HOBO","HOBO","20793684_ch2",2026-05-01 16:21:00,42.8976171875,NA
"HOBO","HOBO","20793684_ch2",2026-05-01 16:22:00,42.768916015625,NA
"HOBO","HOBO","20793684_ch2",2026-05-01 16:23:00,42.597314453125,NA
"HOBO","HOBO","20793684_ch2",2026-05-01 16:24:00,42.46861328125,NA
"HOBO","HOBO","20793684_ch2",2026-05-01 16:25:00,42.339912109375,NA
"HOBO","HOBO","20793684_ch2",2026-05-01 16:26:00,42.254111328125,NA
"HOBO","HOBO","20793684_ch2",2026-05-01 16:27:00,42.082509765625,NA
"HOBO","HOBO","20793684_ch2",2026-05-01 16:28:00,41.910908203125,NA
"HOBO","HOBO","20793684_ch2",2026-05-01 16:29:00,41.739306640625,NA
"HOBO","HOBO","20793684_ch2",2026-05-01 16:30:00,41.653505859375,NA
"HOBO","HOBO","20793684_ch2",2026-05-01 16:31:00,41.43900390625,NA
"HOBO","HOBO","20793684_ch2",2026-05-01 16:32:00,35.26134765625,NA
"HOBO","HOBO","20793684_ch2",2026-05-01 16:33:00,28.011181640625,NA
"HOBO","HOBO","20793684_ch2",2026-05-01 16:34:00,24.836552734375,NA
"HOBO","HOBO","20793684_ch2",2026-05-01 16:35:00,23.292138671875,NA
"HOBO","HOBO","20793684_ch2",2026-05-01 16:36:00,22.47703125,NA
"HOBO","HOBO","20793684_ch2",2026-05-01 16:37:00,22.005126953125,NA
"HOBO","HOBO","20793684_ch2",2026-05-01 16:38:00,21.70482421875,NA
"HOBO","HOBO","20793684_ch2",2026-05-01 16:39:00,21.833525390625,NA
"HOBO","HOBO","20793684_ch2",2026-05-01 16:40:00,21.9622265625,NA
"HOBO","HOBO","20793684_ch2",2026-05-01 16:41:00,22.04802734375,NA
"HOBO","HOBO","20793684_ch2",2026-05-01 16:42:00,22.090927734375,NA
"HOBO","HOBO","20793684_ch2",2026-05-01 16:43:00,22.176728515625,NA
"HOBO","HOBO","20793684_ch2",2026-05-01 16:44:00,22.3054296875,NA
"HOBO","HOBO","20793684_ch2",2026-05-01 16:45:00,22.47703125,NA
"HOBO","HOBO","20793684_ch2",2026-05-01 16:46:00,23.3350390625,NA
"HOBO","HOBO","20793684_ch2",2026-05-01 16:47:00,12.1809375,NA
"HOBO","HOBO","20793684_ch2",2026-05-01 16:48:00,7.5476953125,NA
"HOBO","HOBO","20793684_ch2",2026-05-01 16:49:00,3.85826171875,NA
"HOBO","HOBO","20793684_ch2",2026-05-01 16:50:00,1.88484375,NA
"HOBO","HOBO","20793684_ch2",2026-05-01 16:51:00,2.270947265625,NA
"HOBO","HOBO","20793684_ch2",2026-05-01 16:52:00,2.099345703125,NA
"HOBO","HOBO","20793684_ch2",2026-05-01 16:53:00,1.88484375,NA
"HOBO","HOBO","20793684_ch2",2026-05-01 16:54:00,1.841943359375,NA
"HOBO","HOBO","20793684_ch2",2026-05-01 16:55:00,1.155537109375,NA
"HOBO","HOBO","20793684_ch2",2026-05-01 16:56:00,1.069736328125,"ice"
"HOBO","HOBO","20793684_ch2",2026-05-01 16:57:00,1.0268359375,"ice"
"HOBO","HOBO","20793684_ch2",2026-05-01 16:58:00,0.941035156249995,"ice"
"HOBO","HOBO","20793684_ch2",2026-05-01 16:59:00,0.855234374999995,"ice"
"HOBO","HOBO","20793684_ch2",2026-05-01 17:00:00,0.898134765624995,"ice"
"HOBO","HOBO","20793684_ch2",2026-05-01 17:01:00,0.812333984375002,"ice"
"HOBO","HOBO","20793684_ch2",2026-05-01 17:02:00,0.812333984375002,"ice"
"HOBO","HOBO","20793684_ch2",2026-05-01 17:03:00,0.855234374999995,"ice"
"HOBO","HOBO","20793684_ch2",2026-05-01 17:04:00,0.812333984375002,"ice"
"HOBO","HOBO","20793684_ch2",2026-05-01 17:05:00,0.812333984375002,"ice"
"HOBO","HOBO","20793684_ch2",2026-05-01 17:06:00,0.812333984375002,"ice"
"HOBO","HOBO","20793684_ch2",2026-05-01 17:07:00,0.812333984375002,"ice"
"HOBO","HOBO","20793684_ch2",2026-05-01 17:08:00,0.769433593750001,"ice"
"HOBO","HOBO","20793684_ch2",2026-05-01 17:09:00,0.769433593750001,"ice"
"HOBO","HOBO","20793684_ch2",2026-05-01 17:10:00,0.812333984375002,"ice"
"HOBO","HOBO","20793684_ch2",2026-05-01 17:11:00,0.769433593750001,"ice"
"HOBO","HOBO","20793684_ch2",2026-05-01 17:12:00,0.726533203125001,NA
"HOBO","HOBO","20793684_ch2",2026-05-01 17:13:00,0.769433593750001,NA
"HOBO","HOBO","20793684_ch2",2026-05-01 17:14:00,0.812333984375002,NA
"HOBO","HOBO","20793684_ch2",2026-05-01 17:15:00,4.07276367187499,NA
"HOBO","HOBO","20793684_ch2",2026-05-01 17:16:00,6.21778320312499,NA
"HOBO","HOBO","20793684_ch2",2026-05-01 17:17:00,8.0625,NA
"HOBO","HOBO","20793684_ch2",2026-05-01 17:18:00,9.907216796875,NA
"HOBO","HOBO","20793684_ch2",2026-05-01 17:19:00,11.365830078125,NA
"HOBO","HOBO","20793684_ch2",2026-05-01 17:20:00,12.524140625,NA
"HOBO","HOBO","20793684_ch2",2026-05-01 17:21:00,13.46794921875,NA
"HOBO","HOBO","20793684_ch2",2026-05-01 17:22:00,14.197255859375,NA
"HOBO","HOBO","20793684_ch2",2026-05-01 17:23:00,14.84076171875,NA
"HOBO","HOBO","20793684_ch2",2026-05-01 17:24:00,15.398466796875,NA
"HOBO","HOBO","20793684_ch2",2026-05-01 17:25:00,15.87037109375,NA
"HOBO","HOBO","20793684_ch2",2026-05-01 17:26:00,16.299375,NA
"HOBO","HOBO","20793684_ch2",2026-05-01 17:27:00,16.55677734375,NA
"HOBO","HOBO","20793684_ch2",2026-05-01 17:28:00,16.89998046875,NA
"HOBO","HOBO","20793684_ch2",2026-05-01 17:29:00,17.371884765625,NA
"HOBO","HOBO","20793684_ch2",2026-05-01 17:30:00,17.75798828125,NA
"HOBO","HOBO","20793684_ch2",2026-05-01 17:31:00,17.972490234375,NA
"HOBO","HOBO","20793684_ch2",2026-05-01 17:32:00,18.10119140625,NA
"HOBO","HOBO","20793684_ch2",2026-05-01 17:33:00,18.27279296875,NA
"HOBO","HOBO","20793684_ch2",2026-05-01 17:34:00,18.35859375,NA
"HOBO","HOBO","20793684_ch2",2026-05-01 17:35:00,18.44439453125,NA
"HOBO","HOBO","20793684_ch2",2026-05-01 17:36:00,18.61599609375,NA
"HOBO","HOBO","20793684_ch2",2026-05-01 17:37:00,18.61599609375,NA
"HOBO","HOBO","20793684_ch2",2026-05-01 17:38:00,18.744697265625,NA
"HOBO","HOBO","20793684_ch2",2026-05-01 17:39:00,18.830498046875,NA
"HOBO","HOBO","20793684_ch2",2026-05-01 17:40:00,18.8733984375,NA
"HOBO","HOBO","20793684_ch2",2026-05-01 17:41:00,18.916298828125,NA
"HOBO","HOBO","20793684_ch2",2026-05-01 17:42:00,18.95919921875,NA
"HOBO","HOBO","20793684_ch2",2026-05-01 17:43:00,19.045,NA
"HOBO","HOBO","20793684_ch2",2026-05-01 17:44:00,19.045,NA
"HOBO","HOBO","20793684_ch2",2026-05-01 17:45:00,19.045,NA
"HOBO","HOBO","20793684_ch2",2026-05-01 17:46:00,19.087900390625,NA
"HOBO","HOBO","20793684_ch2",2026-05-01 17:47:00,19.173701171875,NA
"HOBO","HOBO","20793684_ch2",2026-05-01 17:48:00,19.13080078125,NA
"HOBO","HOBO","20793684_ch2",2026-05-01 17:49:00,19.2166015625,NA
"HOBO","HOBO","20793684_ch2",2026-05-01 17:50:00,19.259501953125,NA
"HOBO","HOBO","20793684_ch2",2026-05-01 17:51:00,19.173701171875,NA
"HOBO","HOBO","20793684_ch2",2026-05-01 17:52:00,19.259501953125,NA
"HOBO","HOBO","20793684_ch2",2026-05-01 17:53:00,19.30240234375,NA
"HOBO","HOBO","20793684_ch2",2026-05-01 17:54:00,19.388203125,NA
"HOBO","HOBO","20793684_ch2",2026-05-01 17:55:00,19.345302734375,NA
"HOBO","HOBO","20793684_ch2",2026-05-01 17:56:00,19.345302734375,NA
"HOBO","HOBO","20793684_ch2",2026-05-01 17:57:00,19.388203125,NA
"HOBO","HOBO","20793684_ch2",2026-05-01 17:58:00,19.431103515625,NA
"HOBO","HOBO","20793684_ch2",2026-05-01 17:59:00,19.431103515625,NA
"HOBO","HOBO","20793684_ch2",2026-05-01 18:00:00,19.431103515625,NA
"HOBO","HOBO","20793684_ch2",2026-05-01 18:01:00,19.47400390625,NA
"HOBO","HOBO","20793684_ch2",2026-05-01 18:02:00,19.431103515625,NA
"HOBO","HOBO","20793684_ch2",2026-05-01 18:03:00,19.431103515625,NA
"HOBO","HOBO","20793684_ch2",2026-05-01 18:04:00,19.431103515625,NA
"HOBO","HOBO","20793684_ch2",2026-05-01 18:05:00,19.47400390625,NA
"HOBO","HOBO","20793684_ch2",2026-05-01 18:06:00,19.516904296875,NA
"HOBO","HOBO","20793684_ch2",2026-05-01 18:07:00,19.5598046875,NA
"HOBO","HOBO","20793684_ch2",2026-05-01 18:08:00,19.47400390625,NA
"HOBO","HOBO","20793684_ch2",2026-05-01 18:09:00,19.47400390625,NA
"HOBO","HOBO","20793684_ch2",2026-05-01 18:10:00,19.516904296875,NA
"HOBO","HOBO","20793684_ch2",2026-05-01 18:11:00,19.516904296875,NA
"HOBO","HOBO","20793684_ch2",2026-05-01 18:12:00,19.516904296875,NA
"HOBO","HOBO","20793684_ch2",2026-05-01 18:13:00,19.516904296875,NA
"HOBO","HOBO","20793684_ch2",2026-05-01 18:14:00,19.516904296875,NA
"HOBO","HOBO","20793684_ch2",2026-05-01 18:15:00,19.64560546875,NA
"HOBO","HOBO","20793684_ch2",2026-05-01 18:16:00,19.688505859375,NA
"HOBO","HOBO","20793684_ch2",2026-05-01 18:17:00,19.688505859375,NA
"HOBO","HOBO","20793684_ch2",2026-05-01 18:18:00,19.774306640625,NA
"HOBO","HOBO","20793684_ch2",2026-05-01 18:19:00,19.73140625,NA
"HOBO","HOBO","20793684_ch2",2026-05-01 18:20:00,19.81720703125,NA
"HOBO","HOBO","20793684_ch2",2026-05-01 18:21:00,19.9030078125,NA
"HOBO","HOBO","20793684_ch2",2026-05-01 18:22:00,19.9030078125,NA
"HOBO","HOBO","20793684_ch2",2026-05-01 18:23:00,19.945908203125,NA
"HOBO","HOBO","20793684_ch2",2026-05-01 18:24:00,20.031708984375,NA
"HOBO","HOBO","20793684_ch2",2026-05-01 18:25:00,20.074609375,NA
"HOBO","HOBO","20793684_ch2",2026-05-01 18:26:00,20.16041015625,NA
"HOBO","HOBO","20793684_ch2",2026-05-01 18:27:00,20.203310546875,NA
"HOBO","HOBO","20793684_ch2",2026-05-01 18:28:00,20.203310546875,NA
"HOBO","HOBO","20793684_ch2",2026-05-01 18:29:00,20.289111328125,NA
"HOBO","HOBO","20793684_ch2",2026-05-01 18:30:00,20.289111328125,NA
"HOBO","HOBO","20793684_ch2",2026-05-01 18:31:00,20.33201171875,NA
"HOBO","HOBO","20793684_ch2",2026-05-01 18:32:00,20.374912109375,NA
"HOBO","HOBO","20793684_ch2",2026-05-01 18:33:00,20.33201171875,NA
"HOBO","HOBO","20793684_ch2",2026-05-01 18:34:00,20.460712890625,NA
"HOBO","HOBO","20793684_ch2",2026-05-01 18:35:00,20.546513671875,NA
"HOBO","HOBO","20793684_ch2",2026-05-01 18:36:00,20.50361328125,NA
"HOBO","HOBO","20793684_ch2",2026-05-01 18:37:00,20.5894140625,NA
"HOBO","HOBO","20793684_ch2",2026-05-01 18:38:00,20.546513671875,NA
"HOBO","HOBO","20793684_ch2",2026-05-01 18:39:00,20.5894140625,NA
"HOBO","HOBO","20793684_ch2",2026-05-01 18:40:00,20.632314453125,NA
"HOBO","HOBO","20793684_ch2",2026-05-01 18:41:00,20.67521484375,NA
"HOBO","HOBO","20793684_ch2",2026-05-01 18:42:00,20.718115234375,NA
"HOBO","HOBO","20793684_ch2",2026-05-01 18:43:00,20.761015625,NA
"HOBO","HOBO","20793684_ch2",2026-05-01 18:44:00,20.803916015625,NA
"HOBO","HOBO","20793684_ch2",2026-05-01 18:45:00,20.803916015625,NA
"HOBO","HOBO","20793684_ch2",2026-05-01 18:46:00,20.889716796875,NA
"HOBO","HOBO","20793684_ch2",2026-05-01 18:47:00,20.9326171875,NA
"HOBO","HOBO","20793684_ch2",2026-05-01 18:48:00,20.9326171875,NA
"HOBO","HOBO","20793684_ch2",2026-05-01 18:49:00,21.01841796875,NA
"HOBO","HOBO","20793684_ch2",2026-05-01 18:50:00,21.147119140625,NA
"HOBO","HOBO","20793684_ch2",2026-05-01 18:51:00,21.147119140625,NA
"HOBO","HOBO","20793684_ch2",2026-05-01 18:52:00,21.232919921875,NA
"HOBO","HOBO","20793684_ch2",2026-05-01 18:53:00,21.2758203125,NA
"HOBO","HOBO","20793684_ch2",2026-05-01 18:54:00,21.318720703125,NA
"HOBO","HOBO","20793684_ch2",2026-05-01 18:55:00,21.447421875,NA
"HOBO","HOBO","20793684_ch2",2026-05-01 18:56:00,21.53322265625,NA
"HOBO","HOBO","20793684_ch2",2026-05-01 18:57:00,21.747724609375,NA
"HOBO","HOBO","20793684_ch2",2026-05-01 18:58:00,21.919326171875,NA
"HOBO","HOBO","20793684_ch2",2026-05-01 18:59:00,21.9622265625,NA
"HOBO","HOBO","20793684_ch2",2026-05-01 19:00:00,22.04802734375,NA
"HOBO","HOBO","20793690_ch1",2026-05-01 15:33:11,24.27884765625,NA
"HOBO","HOBO","20793690_ch1",2026-05-01 15:34:11,24.27884765625,NA
"HOBO","HOBO","20793690_ch1",2026-05-01 15:35:11,24.193046875,NA
"HOBO","HOBO","20793690_ch1",2026-05-01 15:36:11,24.0214453125,NA
"HOBO","HOBO","20793690_ch1",2026-05-01 15:37:11,27.53927734375,NA
"HOBO","HOBO","20793690_ch1",2026-05-01 15:38:11,30.585205078125,NA
"HOBO","HOBO","20793690_ch1",2026-05-01 15:39:11,32.901826171875,NA
"HOBO","HOBO","20793690_ch1",2026-05-01 15:40:11,33.845634765625,NA
"HOBO","HOBO","20793690_ch1",2026-05-01 15:41:11,34.961044921875,NA
"HOBO","HOBO","20793690_ch1",2026-05-01 15:42:11,36.46255859375,NA
"HOBO","HOBO","20793690_ch1",2026-05-01 15:43:11,36.934462890625,NA
"HOBO","HOBO","20793690_ch1",2026-05-01 15:44:11,37.363466796875,NA
"HOBO","HOBO","20793690_ch1",2026-05-01 15:45:11,37.7495703125,NA
"HOBO","HOBO","20793690_ch1",2026-05-01 15:46:11,38.17857421875,NA
"HOBO","HOBO","20793690_ch1",2026-05-01 15:47:11,37.191865234375,NA
"HOBO","HOBO","20793690_ch1",2026-05-01 15:48:11,38.049873046875,NA
"HOBO","HOBO","20793690_ch1",2026-05-01 15:49:11,38.650478515625,NA
"HOBO","HOBO","20793690_ch1",2026-05-01 15:50:11,39.03658203125,NA
"HOBO","HOBO","20793690_ch1",2026-05-01 15:51:11,39.37978515625,NA
"HOBO","HOBO","20793690_ch1",2026-05-01 15:52:11,39.680087890625,NA
"HOBO","HOBO","20793690_ch1",2026-05-01 15:53:11,39.980390625,NA
"HOBO","HOBO","20793690_ch1",2026-05-01 15:54:11,40.1519921875,"hot"
"HOBO","HOBO","20793690_ch1",2026-05-01 15:55:11,40.366494140625,"hot"
"HOBO","HOBO","20793690_ch1",2026-05-01 15:56:11,40.4951953125,"hot"
"HOBO","HOBO","20793690_ch1",2026-05-01 15:57:11,40.881298828125,"hot"
"HOBO","HOBO","20793690_ch1",2026-05-01 15:58:11,40.92419921875,"hot"
"HOBO","HOBO","20793690_ch1",2026-05-01 15:59:11,40.92419921875,"hot"
"HOBO","HOBO","20793690_ch1",2026-05-01 16:00:11,40.92419921875,"hot"
"HOBO","HOBO","20793690_ch1",2026-05-01 16:01:11,40.92419921875,"hot"
"HOBO","HOBO","20793690_ch1",2026-05-01 16:02:11,40.881298828125,"hot"
"HOBO","HOBO","20793690_ch1",2026-05-01 16:03:11,40.795498046875,"hot"
"HOBO","HOBO","20793690_ch1",2026-05-01 16:04:11,40.666796875,"hot"
"HOBO","HOBO","20793690_ch1",2026-05-01 16:05:11,40.666796875,"hot"
"HOBO","HOBO","20793690_ch1",2026-05-01 16:06:11,40.623896484375,"hot"
"HOBO","HOBO","20793690_ch1",2026-05-01 16:07:11,40.4951953125,"hot"
"HOBO","HOBO","20793690_ch1",2026-05-01 16:08:11,40.666796875,"hot"
"HOBO","HOBO","20793690_ch1",2026-05-01 16:09:11,41.09580078125,"hot"
"HOBO","HOBO","20793690_ch1",2026-05-01 16:10:11,41.138701171875,"hot"
"HOBO","HOBO","20793690_ch1",2026-05-01 16:11:11,41.26740234375,"hot"
"HOBO","HOBO","20793690_ch1",2026-05-01 16:12:11,41.224501953125,"hot"
"HOBO","HOBO","20793690_ch1",2026-05-01 16:13:11,41.26740234375,NA
"HOBO","HOBO","20793690_ch1",2026-05-01 16:14:11,41.310302734375,NA
"HOBO","HOBO","20793690_ch1",2026-05-01 16:15:11,41.567705078125,NA
"HOBO","HOBO","20793690_ch1",2026-05-01 16:16:11,41.61060546875,NA
"HOBO","HOBO","20793690_ch1",2026-05-01 16:17:11,41.481904296875,NA
"HOBO","HOBO","20793690_ch1",2026-05-01 16:18:11,41.5248046875,NA
"HOBO","HOBO","20793690_ch1",2026-05-01 16:19:11,41.481904296875,NA
"HOBO","HOBO","20793690_ch1",2026-05-01 16:20:11,41.43900390625,NA
"HOBO","HOBO","20793690_ch1",2026-05-01 16:21:11,41.396103515625,NA
"HOBO","HOBO","20793690_ch1",2026-05-01 16:22:11,41.353203125,NA
"HOBO","HOBO","20793690_ch1",2026-05-01 16:23:11,41.26740234375,NA
"HOBO","HOBO","20793690_ch1",2026-05-01 16:24:11,41.224501953125,NA
"HOBO","HOBO","20793690_ch1",2026-05-01 16:25:11,41.138701171875,NA
"HOBO","HOBO","20793690_ch1",2026-05-01 16:26:11,40.967099609375,NA
"HOBO","HOBO","20793690_ch1",2026-05-01 16:27:11,40.8383984375,NA
"HOBO","HOBO","20793690_ch1",2026-05-01 16:28:11,40.709697265625,NA
"HOBO","HOBO","20793690_ch1",2026-05-01 16:29:11,40.58099609375,NA
"HOBO","HOBO","20793690_ch1",2026-05-01 16:30:11,40.4951953125,NA
"HOBO","HOBO","20793690_ch1",2026-05-01 16:31:11,40.109091796875,NA
"HOBO","HOBO","20793690_ch1",2026-05-01 16:32:11,28.6546875,NA
"HOBO","HOBO","20793690_ch1",2026-05-01 16:33:11,26.938671875,NA
"HOBO","HOBO","20793690_ch1",2026-05-01 16:34:11,26.037763671875,NA
"HOBO","HOBO","20793690_ch1",2026-05-01 16:35:11,25.437158203125,NA
"HOBO","HOBO","20793690_ch1",2026-05-01 16:36:11,24.879453125,NA
"HOBO","HOBO","20793690_ch1",2026-05-01 16:37:11,24.407548828125,NA
"HOBO","HOBO","20793690_ch1",2026-05-01 16:38:11,24.064345703125,NA
"HOBO","HOBO","20793690_ch1",2026-05-01 16:39:11,23.721142578125,NA
"HOBO","HOBO","20793690_ch1",2026-05-01 16:40:11,23.506640625,NA
"HOBO","HOBO","20793690_ch1",2026-05-01 16:41:11,23.377939453125,NA
"HOBO","HOBO","20793690_ch1",2026-05-01 16:42:11,23.292138671875,NA
"HOBO","HOBO","20793690_ch1",2026-05-01 16:43:11,23.120537109375,NA
"HOBO","HOBO","20793690_ch1",2026-05-01 16:44:11,23.07763671875,NA
"HOBO","HOBO","20793690_ch1",2026-05-01 16:45:11,22.863134765625,NA
"HOBO","HOBO","20793690_ch1",2026-05-01 16:46:11,23.6782421875,NA
"HOBO","HOBO","20793690_ch1",2026-05-01 16:47:11,9.86431640625,NA
"HOBO","HOBO","20793690_ch1",2026-05-01 16:48:11,7.11869140625,NA
"HOBO","HOBO","20793690_ch1",2026-05-01 16:49:11,3.472158203125,NA
"HOBO","HOBO","20793690_ch1",2026-05-01 16:50:11,1.670341796875,NA
"HOBO","HOBO","20793690_ch1",2026-05-01 16:51:11,2.013544921875,NA
"HOBO","HOBO","20793690_ch1",2026-05-01 16:52:11,1.79904296875,NA
"HOBO","HOBO","20793690_ch1",2026-05-01 16:53:11,1.62744140625,NA
"HOBO","HOBO","20793690_ch1",2026-05-01 16:54:11,1.541640625,NA
"HOBO","HOBO","20793690_ch1",2026-05-01 16:55:11,0.683632812500001,NA
"HOBO","HOBO","20793690_ch1",2026-05-01 16:56:11,0.554931640625,"ice"
"HOBO","HOBO","20793690_ch1",2026-05-01 16:57:11,0.51203125,"ice"
"HOBO","HOBO","20793690_ch1",2026-05-01 16:58:11,0.469130859374999,"ice"
"HOBO","HOBO","20793690_ch1",2026-05-01 16:59:11,0.469130859374999,"ice"
"HOBO","HOBO","20793690_ch1",2026-05-01 17:00:11,0.51203125,"ice"
"HOBO","HOBO","20793690_ch1",2026-05-01 17:01:11,0.426230468749999,"ice"
"HOBO","HOBO","20793690_ch1",2026-05-01 17:02:11,0.469130859374999,"ice"
"HOBO","HOBO","20793690_ch1",2026-05-01 17:03:11,0.469130859374999,"ice"
"HOBO","HOBO","20793690_ch1",2026-05-01 17:04:11,0.469130859374999,"ice"
"HOBO","HOBO","20793690_ch1",2026-05-01 17:05:11,0.469130859374999,"ice"
"HOBO","HOBO","20793690_ch1",2026-05-01 17:06:11,0.469130859374999,"ice"
"HOBO","HOBO","20793690_ch1",2026-05-01 17:07:11,0.426230468749999,"ice"
"HOBO","HOBO","20793690_ch1",2026-05-01 17:08:11,0.469130859374999,"ice"
"HOBO","HOBO","20793690_ch1",2026-05-01 17:09:11,0.469130859374999,"ice"
"HOBO","HOBO","20793690_ch1",2026-05-01 17:10:11,0.469130859374999,"ice"
"HOBO","HOBO","20793690_ch1",2026-05-01 17:11:11,0.469130859374999,NA
"HOBO","HOBO","20793690_ch1",2026-05-01 17:12:11,0.469130859374999,NA
"HOBO","HOBO","20793690_ch1",2026-05-01 17:13:11,0.469130859374999,NA
"HOBO","HOBO","20793690_ch1",2026-05-01 17:14:11,0.51203125,NA
"HOBO","HOBO","20793690_ch1",2026-05-01 17:15:11,5.316875,NA
"HOBO","HOBO","20793690_ch1",2026-05-01 17:16:11,8.405703125,NA
"HOBO","HOBO","20793690_ch1",2026-05-01 17:17:11,10.507822265625,NA
"HOBO","HOBO","20793690_ch1",2026-05-01 17:18:11,12.0093359375,NA
"HOBO","HOBO","20793690_ch1",2026-05-01 17:19:11,13.29634765625,NA
"HOBO","HOBO","20793690_ch1",2026-05-01 17:20:11,14.197255859375,NA
"HOBO","HOBO","20793690_ch1",2026-05-01 17:21:11,14.9265625,NA
"HOBO","HOBO","20793690_ch1",2026-05-01 17:22:11,15.570068359375,NA
"HOBO","HOBO","20793690_ch1",2026-05-01 17:23:11,16.04197265625,NA
"HOBO","HOBO","20793690_ch1",2026-05-01 17:24:11,16.428076171875,NA
"HOBO","HOBO","20793690_ch1",2026-05-01 17:25:11,16.72837890625,NA
"HOBO","HOBO","20793690_ch1",2026-05-01 17:26:11,17.07158203125,NA
"HOBO","HOBO","20793690_ch1",2026-05-01 17:27:11,17.200283203125,NA
"HOBO","HOBO","20793690_ch1",2026-05-01 17:28:11,17.328984375,NA
"HOBO","HOBO","20793690_ch1",2026-05-01 17:29:11,17.58638671875,NA
"HOBO","HOBO","20793690_ch1",2026-05-01 17:30:11,17.75798828125,NA
"HOBO","HOBO","20793690_ch1",2026-05-01 17:31:11,17.886689453125,NA
"HOBO","HOBO","20793690_ch1",2026-05-01 17:32:11,17.972490234375,NA
"HOBO","HOBO","20793690_ch1",2026-05-01 17:33:11,18.10119140625,NA
"HOBO","HOBO","20793690_ch1",2026-05-01 17:34:11,18.1869921875,NA
"HOBO","HOBO","20793690_ch1",2026-05-01 17:35:11,18.315693359375,NA
"HOBO","HOBO","20793690_ch1",2026-05-01 17:36:11,18.487294921875,NA
"HOBO","HOBO","20793690_ch1",2026-05-01 17:37:11,18.701796875,NA
"HOBO","HOBO","20793690_ch1",2026-05-01 17:38:11,18.8733984375,NA
"HOBO","HOBO","20793690_ch1",2026-05-01 17:39:11,18.95919921875,NA
"HOBO","HOBO","20793690_ch1",2026-05-01 17:40:11,19.087900390625,NA
"HOBO","HOBO","20793690_ch1",2026-05-01 17:41:11,19.13080078125,NA
"HOBO","HOBO","20793690_ch1",2026-05-01 17:42:11,19.2166015625,NA
"HOBO","HOBO","20793690_ch1",2026-05-01 17:43:11,19.259501953125,NA
"HOBO","HOBO","20793690_ch1",2026-05-01 17:44:11,19.30240234375,NA
"HOBO","HOBO","20793690_ch1",2026-05-01 17:45:11,19.30240234375,NA
"HOBO","HOBO","20793690_ch1",2026-05-01 17:46:11,19.431103515625,NA
"HOBO","HOBO","20793690_ch1",2026-05-01 17:47:11,19.47400390625,NA
"HOBO","HOBO","20793690_ch1",2026-05-01 17:48:11,19.47400390625,NA
"HOBO","HOBO","20793690_ch1",2026-05-01 17:49:11,19.516904296875,NA
"HOBO","HOBO","20793690_ch1",2026-05-01 17:50:11,19.5598046875,NA
"HOBO","HOBO","20793690_ch1",2026-05-01 17:51:11,19.5598046875,NA
"HOBO","HOBO","20793690_ch1",2026-05-01 17:52:11,19.5598046875,NA
"HOBO","HOBO","20793690_ch1",2026-05-01 17:53:11,19.602705078125,NA
"HOBO","HOBO","20793690_ch1",2026-05-01 17:54:11,19.688505859375,NA
"HOBO","HOBO","20793690_ch1",2026-05-01 17:55:11,19.688505859375,NA
"HOBO","HOBO","20793690_ch1",2026-05-01 17:56:11,19.73140625,NA
"HOBO","HOBO","20793690_ch1",2026-05-01 17:57:11,19.73140625,NA
"HOBO","HOBO","20793690_ch1",2026-05-01 17:58:11,19.774306640625,NA
"HOBO","HOBO","20793690_ch1",2026-05-01 17:59:11,19.81720703125,NA
"HOBO","HOBO","20793690_ch1",2026-05-01 18:00:11,19.81720703125,NA
"HOBO","HOBO","20793690_ch1",2026-05-01 18:01:11,19.98880859375,NA
"HOBO","HOBO","20793690_ch1",2026-05-01 18:02:11,20.074609375,NA
"HOBO","HOBO","20793690_ch1",2026-05-01 18:03:11,20.117509765625,NA
"HOBO","HOBO","20793690_ch1",2026-05-01 18:04:11,20.203310546875,NA
"HOBO","HOBO","20793690_ch1",2026-05-01 18:05:11,20.289111328125,NA
"HOBO","HOBO","20793690_ch1",2026-05-01 18:06:11,20.33201171875,NA
"HOBO","HOBO","20793690_ch1",2026-05-01 18:07:11,20.374912109375,NA
"HOBO","HOBO","20793690_ch1",2026-05-01 18:08:11,20.460712890625,NA
"HOBO","HOBO","20793690_ch1",2026-05-01 18:09:11,20.546513671875,NA
"HOBO","HOBO","20793690_ch1",2026-05-01 18:10:11,20.546513671875,NA
"HOBO","HOBO","20793690_ch1",2026-05-01 18:11:11,20.67521484375,NA
"HOBO","HOBO","20793690_ch1",2026-05-01 18:12:11,20.761015625,NA
"HOBO","HOBO","20793690_ch1",2026-05-01 18:13:11,20.84681640625,NA
"HOBO","HOBO","20793690_ch1",2026-05-01 18:14:11,21.19001953125,NA
"HOBO","HOBO","20793690_ch1",2026-05-01 18:15:11,21.447421875,NA
"HOBO","HOBO","20793690_ch1",2026-05-01 18:16:11,21.6190234375,NA
"HOBO","HOBO","20793690_ch1",2026-05-01 18:17:11,21.747724609375,NA
"HOBO","HOBO","20793690_ch1",2026-05-01 18:18:11,21.833525390625,NA
"HOBO","HOBO","20793690_ch1",2026-05-01 18:19:11,21.87642578125,NA
"HOBO","HOBO","20793690_ch1",2026-05-01 18:20:11,21.919326171875,NA
"HOBO","HOBO","20793690_ch1",2026-05-01 18:21:11,21.919326171875,NA
"HOBO","HOBO","20793690_ch1",2026-05-01 18:22:11,22.005126953125,NA
"HOBO","HOBO","20793690_ch1",2026-05-01 18:23:11,22.005126953125,NA
"HOBO","HOBO","20793690_ch1",2026-05-01 18:24:11,22.005126953125,NA
"HOBO","HOBO","20793690_ch1",2026-05-01 18:25:11,22.005126953125,NA
"HOBO","HOBO","20793690_ch1",2026-05-01 18:26:11,22.04802734375,NA
"HOBO","HOBO","20793690_ch1",2026-05-01 18:27:11,22.005126953125,NA
"HOBO","HOBO","20793690_ch1",2026-05-01 18:28:11,22.090927734375,NA
"HOBO","HOBO","20793690_ch1",2026-05-01 18:29:11,22.133828125,NA
"HOBO","HOBO","20793690_ch1",2026-05-01 18:30:11,22.04802734375,NA
"HOBO","HOBO","20793690_ch1",2026-05-01 18:31:11,22.133828125,NA
"HOBO","HOBO","20793690_ch1",2026-05-01 18:32:11,22.090927734375,NA
"HOBO","HOBO","20793690_ch1",2026-05-01 18:33:11,22.090927734375,NA
"HOBO","HOBO","20793690_ch1",2026-05-01 18:34:11,22.090927734375,NA
"HOBO","HOBO","20793690_ch1",2026-05-01 18:35:11,22.133828125,NA
"HOBO","HOBO","20793690_ch1",2026-05-01 18:36:11,22.133828125,NA
"HOBO","HOBO","20793690_ch1",2026-05-01 18:37:11,22.133828125,NA
"HOBO","HOBO","20793690_ch1",2026-05-01 18:38:11,22.133828125,NA
"HOBO","HOBO","20793690_ch1",2026-05-01 18:39:11,22.133828125,NA
"HOBO","HOBO","20793690_ch1",2026-05-01 18:40:11,22.176728515625,NA
"HOBO","HOBO","20793690_ch1",2026-05-01 18:41:11,22.133828125,NA
"HOBO","HOBO","20793690_ch1",2026-05-01 18:42:11,22.090927734375,NA
"HOBO","HOBO","20793690_ch1",2026-05-01 18:43:11,22.176728515625,NA
"HOBO","HOBO","20793690_ch1",2026-05-01 18:44:11,22.133828125,NA
"HOBO","HOBO","20793690_ch1",2026-05-01 18:45:11,22.21962890625,NA
"HOBO","HOBO","20793690_ch1",2026-05-01 18:46:11,22.176728515625,NA
"HOBO","HOBO","20793690_ch1",2026-05-01 18:47:11,22.21962890625,NA
"HOBO","HOBO","20793690_ch1",2026-05-01 18:48:11,22.21962890625,NA
"HOBO","HOBO","20793690_ch1",2026-05-01 18:49:11,22.21962890625,NA
"HOBO","HOBO","20793690_ch1",2026-05-01 18:50:11,22.21962890625,NA
"HOBO","HOBO","20793690_ch1",2026-05-01 18:51:11,22.21962890625,NA
"HOBO","HOBO","20793690_ch1",2026-05-01 18:52:11,22.21962890625,NA
"HOBO","HOBO","20793690_ch1",2026-05-01 18:53:11,22.21962890625,NA
"HOBO","HOBO","20793690_ch1",2026-05-01 18:54:11,22.21962890625,NA
"HOBO","HOBO","20793690_ch1",2026-05-01 18:55:11,22.262529296875,NA
"HOBO","HOBO","20793690_ch1",2026-05-01 18:56:11,22.262529296875,NA
"HOBO","HOBO","20793690_ch1",2026-05-01 18:57:11,22.3054296875,NA
"HOBO","HOBO","20793690_ch1",2026-05-01 18:58:11,22.3054296875,NA
"HOBO","HOBO","20793690_ch1",2026-05-01 18:59:11,22.262529296875,NA
"HOBO","HOBO","20793690_ch2",2026-05-01 15:33:11,24.150146484375,NA
"HOBO","HOBO","20793690_ch2",2026-05-01 15:34:11,24.193046875,NA
"HOBO","HOBO","20793690_ch2",2026-05-01 15:35:11,24.193046875,NA
"HOBO","HOBO","20793690_ch2",2026-05-01 15:36:11,24.10724609375,NA
"HOBO","HOBO","20793690_ch2",2026-05-01 15:37:11,27.410576171875,NA
"HOBO","HOBO","20793690_ch2",2026-05-01 15:38:11,31.271611328125,NA
"HOBO","HOBO","20793690_ch2",2026-05-01 15:39:11,32.9447265625,NA
"HOBO","HOBO","20793690_ch2",2026-05-01 15:40:11,34.06013671875,NA
"HOBO","HOBO","20793690_ch2",2026-05-01 15:41:11,34.789443359375,NA
"HOBO","HOBO","20793690_ch2",2026-05-01 15:42:11,35.046845703125,NA
"HOBO","HOBO","20793690_ch2",2026-05-01 15:43:11,35.26134765625,NA
"HOBO","HOBO","20793690_ch2",2026-05-01 15:44:11,35.51875,NA
"HOBO","HOBO","20793690_ch2",2026-05-01 15:45:11,35.861953125,NA
"HOBO","HOBO","20793690_ch2",2026-05-01 15:46:11,36.248056640625,NA
"HOBO","HOBO","20793690_ch2",2026-05-01 15:47:11,36.762861328125,NA
"HOBO","HOBO","20793690_ch2",2026-05-01 15:48:11,37.14896484375,NA
"HOBO","HOBO","20793690_ch2",2026-05-01 15:49:11,37.49216796875,NA
"HOBO","HOBO","20793690_ch2",2026-05-01 15:50:11,37.792470703125,NA
"HOBO","HOBO","20793690_ch2",2026-05-01 15:51:11,38.135673828125,NA
"HOBO","HOBO","20793690_ch2",2026-05-01 15:52:11,38.478876953125,NA
"HOBO","HOBO","20793690_ch2",2026-05-01 15:53:11,38.736279296875,NA
"HOBO","HOBO","20793690_ch2",2026-05-01 15:54:11,38.993681640625,"hot"
"HOBO","HOBO","20793690_ch2",2026-05-01 15:55:11,39.594287109375,"hot"
"HOBO","HOBO","20793690_ch2",2026-05-01 15:56:11,39.765888671875,"hot"
"HOBO","HOBO","20793690_ch2",2026-05-01 15:57:11,40.023291015625,"hot"
"HOBO","HOBO","20793690_ch2",2026-05-01 15:58:11,40.23779296875,"hot"
"HOBO","HOBO","20793690_ch2",2026-05-01 15:59:11,40.194892578125,"hot"
"HOBO","HOBO","20793690_ch2",2026-05-01 16:00:11,40.1519921875,"hot"
"HOBO","HOBO","20793690_ch2",2026-05-01 16:01:11,40.1519921875,"hot"
"HOBO","HOBO","20793690_ch2",2026-05-01 16:02:11,40.06619140625,"hot"
"HOBO","HOBO","20793690_ch2",2026-05-01 16:03:11,40.023291015625,"hot"
"HOBO","HOBO","20793690_ch2",2026-05-01 16:04:11,39.937490234375,"hot"
"HOBO","HOBO","20793690_ch2",2026-05-01 16:05:11,39.89458984375,"hot"
"HOBO","HOBO","20793690_ch2",2026-05-01 16:06:11,39.8087890625,"hot"
"HOBO","HOBO","20793690_ch2",2026-05-01 16:07:11,39.680087890625,"hot"
"HOBO","HOBO","20793690_ch2",2026-05-01 16:08:11,39.680087890625,"hot"
"HOBO","HOBO","20793690_ch2",2026-05-01 16:09:11,39.8087890625,"hot"
"HOBO","HOBO","20793690_ch2",2026-05-01 16:10:11,39.89458984375,"hot"
"HOBO","HOBO","20793690_ch2",2026-05-01 16:11:11,39.980390625,"hot"
"HOBO","HOBO","20793690_ch2",2026-05-01 16:12:11,40.06619140625,"hot"
"HOBO","HOBO","20793690_ch2",2026-05-01 16:13:11,40.06619140625,NA
"HOBO","HOBO","20793690_ch2",2026-05-01 16:14:11,40.32359375,NA
"HOBO","HOBO","20793690_ch2",2026-05-01 16:15:11,40.8383984375,NA
"HOBO","HOBO","20793690_ch2",2026-05-01 16:16:11,40.92419921875,NA
"HOBO","HOBO","20793690_ch2",2026-05-01 16:17:11,40.8383984375,NA
"HOBO","HOBO","20793690_ch2",2026-05-01 16:18:11,40.881298828125,NA
"HOBO","HOBO","20793690_ch2",2026-05-01 16:19:11,40.8383984375,NA
"HOBO","HOBO","20793690_ch2",2026-05-01 16:20:11,40.795498046875,NA
"HOBO","HOBO","20793690_ch2",2026-05-01 16:21:11,40.75259765625,NA
"HOBO","HOBO","20793690_ch2",2026-05-01 16:22:11,40.709697265625,NA
"HOBO","HOBO","20793690_ch2",2026-05-01 16:23:11,40.623896484375,NA
"HOBO","HOBO","20793690_ch2",2026-05-01 16:24:11,40.538095703125,NA
"HOBO","HOBO","20793690_ch2",2026-05-01 16:25:11,40.366494140625,NA
"HOBO","HOBO","20793690_ch2",2026-05-01 16:26:11,40.32359375,NA
"HOBO","HOBO","20793690_ch2",2026-05-01 16:27:11,40.194892578125,NA
"HOBO","HOBO","20793690_ch2",2026-05-01 16:28:11,40.023291015625,NA
"HOBO","HOBO","20793690_ch2",2026-05-01 16:29:11,39.937490234375,NA
"HOBO","HOBO","20793690_ch2",2026-05-01 16:30:11,39.8087890625,NA
"HOBO","HOBO","20793690_ch2",2026-05-01 16:31:11,39.4655859375,NA
"HOBO","HOBO","20793690_ch2",2026-05-01 16:32:11,31.31451171875,NA
"HOBO","HOBO","20793690_ch2",2026-05-01 16:33:11,28.997890625,NA
"HOBO","HOBO","20793690_ch2",2026-05-01 16:34:11,27.4534765625,NA
"HOBO","HOBO","20793690_ch2",2026-05-01 16:35:11,26.380966796875,NA
"HOBO","HOBO","20793690_ch2",2026-05-01 16:36:11,25.522958984375,NA
"HOBO","HOBO","20793690_ch2",2026-05-01 16:37:11,24.79365234375,NA
"HOBO","HOBO","20793690_ch2",2026-05-01 16:38:11,24.27884765625,NA
"HOBO","HOBO","20793690_ch2",2026-05-01 16:39:11,23.806943359375,NA
"HOBO","HOBO","20793690_ch2",2026-05-01 16:40:11,23.59244140625,NA
"HOBO","HOBO","20793690_ch2",2026-05-01 16:41:11,23.3350390625,NA
"HOBO","HOBO","20793690_ch2",2026-05-01 16:42:11,23.1634375,NA
"HOBO","HOBO","20793690_ch2",2026-05-01 16:43:11,23.07763671875,NA
"HOBO","HOBO","20793690_ch2",2026-05-01 16:44:11,23.07763671875,NA
"HOBO","HOBO","20793690_ch2",2026-05-01 16:45:11,22.90603515625,NA
"HOBO","HOBO","20793690_ch2",2026-05-01 16:46:11,24.0214453125,NA
"HOBO","HOBO","20793690_ch2",2026-05-01 16:47:11,11.837734375,NA
"HOBO","HOBO","20793690_ch2",2026-05-01 16:48:11,8.66310546875,NA
"HOBO","HOBO","20793690_ch2",2026-05-01 16:49:11,3.00025390624999,NA
"HOBO","HOBO","20793690_ch2",2026-05-01 16:50:11,1.841943359375,NA
"HOBO","HOBO","20793690_ch2",2026-05-01 16:51:11,2.0564453125,NA
"HOBO","HOBO","20793690_ch2",2026-05-01 16:52:11,1.670341796875,NA
"HOBO","HOBO","20793690_ch2",2026-05-01 16:53:11,1.584541015625,NA
"HOBO","HOBO","20793690_ch2",2026-05-01 16:54:11,1.498740234375,NA
"HOBO","HOBO","20793690_ch2",2026-05-01 16:55:11,0.983935546874996,NA
"HOBO","HOBO","20793690_ch2",2026-05-01 16:56:11,0.812333984375002,"ice"
"HOBO","HOBO","20793690_ch2",2026-05-01 16:57:11,0.726533203125001,"ice"
"HOBO","HOBO","20793690_ch2",2026-05-01 16:58:11,0.640732421875001,"ice"
"HOBO","HOBO","20793690_ch2",2026-05-01 16:59:11,0.59783203125,"ice"
"HOBO","HOBO","20793690_ch2",2026-05-01 17:00:11,0.640732421875001,"ice"
"HOBO","HOBO","20793690_ch2",2026-05-01 17:01:11,0.59783203125,"ice"
"HOBO","HOBO","20793690_ch2",2026-05-01 17:02:11,0.59783203125,"ice"
"HOBO","HOBO","20793690_ch2",2026-05-01 17:03:11,0.554931640625,"ice"
"HOBO","HOBO","20793690_ch2",2026-05-01 17:04:11,0.554931640625,"ice"
"HOBO","HOBO","20793690_ch2",2026-05-01 17:05:11,0.554931640625,"ice"
"HOBO","HOBO","20793690_ch2",2026-05-01 17:06:11,0.554931640625,"ice"
"HOBO","HOBO","20793690_ch2",2026-05-01 17:07:11,0.554931640625,"ice"
"HOBO","HOBO","20793690_ch2",2026-05-01 17:08:11,0.554931640625,"ice"
"HOBO","HOBO","20793690_ch2",2026-05-01 17:09:11,0.554931640625,"ice"
"HOBO","HOBO","20793690_ch2",2026-05-01 17:10:11,0.51203125,"ice"
"HOBO","HOBO","20793690_ch2",2026-05-01 17:11:11,0.554931640625,NA
"HOBO","HOBO","20793690_ch2",2026-05-01 17:12:11,0.554931640625,NA
"HOBO","HOBO","20793690_ch2",2026-05-01 17:13:11,0.554931640625,NA
"HOBO","HOBO","20793690_ch2",2026-05-01 17:14:11,0.554931640625,NA
"HOBO","HOBO","20793690_ch2",2026-05-01 17:15:11,5.617177734375,NA
"HOBO","HOBO","20793690_ch2",2026-05-01 17:16:11,7.247392578125,NA
"HOBO","HOBO","20793690_ch2",2026-05-01 17:17:11,8.9205078125,NA
"HOBO","HOBO","20793690_ch2",2026-05-01 17:18:11,10.37912109375,NA
"HOBO","HOBO","20793690_ch2",2026-05-01 17:19:11,11.6661328125,NA
"HOBO","HOBO","20793690_ch2",2026-05-01 17:20:11,12.6957421875,NA
"HOBO","HOBO","20793690_ch2",2026-05-01 17:21:11,13.63955078125,NA
"HOBO","HOBO","20793690_ch2",2026-05-01 17:22:11,14.4117578125,NA
"HOBO","HOBO","20793690_ch2",2026-05-01 17:23:11,15.01236328125,NA
"HOBO","HOBO","20793690_ch2",2026-05-01 17:24:11,15.570068359375,NA
"HOBO","HOBO","20793690_ch2",2026-05-01 17:25:11,16.1277734375,NA
"HOBO","HOBO","20793690_ch2",2026-05-01 17:26:11,16.513876953125,NA
"HOBO","HOBO","20793690_ch2",2026-05-01 17:27:11,16.857080078125,NA
"HOBO","HOBO","20793690_ch2",2026-05-01 17:28:11,17.1573828125,NA
"HOBO","HOBO","20793690_ch2",2026-05-01 17:29:11,17.457685546875,NA
"HOBO","HOBO","20793690_ch2",2026-05-01 17:30:11,17.715087890625,NA
"HOBO","HOBO","20793690_ch2",2026-05-01 17:31:11,17.92958984375,NA
"HOBO","HOBO","20793690_ch2",2026-05-01 17:32:11,18.058291015625,NA
"HOBO","HOBO","20793690_ch2",2026-05-01 17:33:11,18.27279296875,NA
"HOBO","HOBO","20793690_ch2",2026-05-01 17:34:11,18.35859375,NA
"HOBO","HOBO","20793690_ch2",2026-05-01 17:35:11,18.487294921875,NA
"HOBO","HOBO","20793690_ch2",2026-05-01 17:36:11,18.658896484375,NA
"HOBO","HOBO","20793690_ch2",2026-05-01 17:37:11,18.701796875,NA
"HOBO","HOBO","20793690_ch2",2026-05-01 17:38:11,18.744697265625,NA
"HOBO","HOBO","20793690_ch2",2026-05-01 17:39:11,18.78759765625,NA
"HOBO","HOBO","20793690_ch2",2026-05-01 17:40:11,18.916298828125,NA
"HOBO","HOBO","20793690_ch2",2026-05-01 17:41:11,18.95919921875,NA
"HOBO","HOBO","20793690_ch2",2026-05-01 17:42:11,19.045,NA
"HOBO","HOBO","20793690_ch2",2026-05-01 17:43:11,19.045,NA
"HOBO","HOBO","20793690_ch2",2026-05-01 17:44:11,19.002099609375,NA
"HOBO","HOBO","20793690_ch2",2026-05-01 17:45:11,19.087900390625,NA
"HOBO","HOBO","20793690_ch2",2026-05-01 17:46:11,19.173701171875,NA
"HOBO","HOBO","20793690_ch2",2026-05-01 17:47:11,19.173701171875,NA
"HOBO","HOBO","20793690_ch2",2026-05-01 17:48:11,19.259501953125,NA
"HOBO","HOBO","20793690_ch2",2026-05-01 17:49:11,19.345302734375,NA
"HOBO","HOBO","20793690_ch2",2026-05-01 17:50:11,19.30240234375,NA
"HOBO","HOBO","20793690_ch2",2026-05-01 17:51:11,19.345302734375,NA
"HOBO","HOBO","20793690_ch2",2026-05-01 17:52:11,19.431103515625,NA
"HOBO","HOBO","20793690_ch2",2026-05-01 17:53:11,19.47400390625,NA
"HOBO","HOBO","20793690_ch2",2026-05-01 17:54:11,19.47400390625,NA
"HOBO","HOBO","20793690_ch2",2026-05-01 17:55:11,19.5598046875,NA
"HOBO","HOBO","20793690_ch2",2026-05-01 17:56:11,19.516904296875,NA
"HOBO","HOBO","20793690_ch2",2026-05-01 17:57:11,19.5598046875,NA
"HOBO","HOBO","20793690_ch2",2026-05-01 17:58:11,19.64560546875,NA
"HOBO","HOBO","20793690_ch2",2026-05-01 17:59:11,19.688505859375,NA
"HOBO","HOBO","20793690_ch2",2026-05-01 18:00:11,19.688505859375,NA
"HOBO","HOBO","20793690_ch2",2026-05-01 18:01:11,19.602705078125,NA
"HOBO","HOBO","20793690_ch2",2026-05-01 18:02:11,19.602705078125,NA
"HOBO","HOBO","20793690_ch2",2026-05-01 18:03:11,19.602705078125,NA
"HOBO","HOBO","20793690_ch2",2026-05-01 18:04:11,19.688505859375,NA
"HOBO","HOBO","20793690_ch2",2026-05-01 18:05:11,19.688505859375,NA
"HOBO","HOBO","20793690_ch2",2026-05-01 18:06:11,19.73140625,NA
"HOBO","HOBO","20793690_ch2",2026-05-01 18:07:11,19.73140625,NA
"HOBO","HOBO","20793690_ch2",2026-05-01 18:08:11,19.73140625,NA
"HOBO","HOBO","20793690_ch2",2026-05-01 18:09:11,19.73140625,NA
"HOBO","HOBO","20793690_ch2",2026-05-01 18:10:11,19.73140625,NA
"HOBO","HOBO","20793690_ch2",2026-05-01 18:11:11,19.73140625,NA
"HOBO","HOBO","20793690_ch2",2026-05-01 18:12:11,19.860107421875,NA
"HOBO","HOBO","20793690_ch2",2026-05-01 18:13:11,19.945908203125,NA
"HOBO","HOBO","20793690_ch2",2026-05-01 18:14:11,19.98880859375,NA
"HOBO","HOBO","20793690_ch2",2026-05-01 18:15:11,20.031708984375,NA
"HOBO","HOBO","20793690_ch2",2026-05-01 18:16:11,20.117509765625,NA
"HOBO","HOBO","20793690_ch2",2026-05-01 18:17:11,20.074609375,NA
"HOBO","HOBO","20793690_ch2",2026-05-01 18:18:11,20.16041015625,NA
"HOBO","HOBO","20793690_ch2",2026-05-01 18:19:11,20.203310546875,NA
"HOBO","HOBO","20793690_ch2",2026-05-01 18:20:11,20.2462109375,NA
"HOBO","HOBO","20793690_ch2",2026-05-01 18:21:11,20.289111328125,NA
"HOBO","HOBO","20793690_ch2",2026-05-01 18:22:11,20.289111328125,NA
"HOBO","HOBO","20793690_ch2",2026-05-01 18:23:11,20.33201171875,NA
"HOBO","HOBO","20793690_ch2",2026-05-01 18:24:11,20.4178125,NA
"HOBO","HOBO","20793690_ch2",2026-05-01 18:25:11,20.50361328125,NA
"HOBO","HOBO","20793690_ch2",2026-05-01 18:26:11,20.50361328125,NA
"HOBO","HOBO","20793690_ch2",2026-05-01 18:27:11,20.546513671875,NA
"HOBO","HOBO","20793690_ch2",2026-05-01 18:28:11,20.50361328125,NA
"HOBO","HOBO","20793690_ch2",2026-05-01 18:29:11,20.5894140625,NA
"HOBO","HOBO","20793690_ch2",2026-05-01 18:30:11,20.5894140625,NA
"HOBO","HOBO","20793690_ch2",2026-05-01 18:31:11,20.718115234375,NA
"HOBO","HOBO","20793690_ch2",2026-05-01 18:32:11,20.803916015625,NA
"HOBO","HOBO","20793690_ch2",2026-05-01 18:33:11,20.84681640625,NA
"HOBO","HOBO","20793690_ch2",2026-05-01 18:34:11,20.9326171875,NA
"HOBO","HOBO","20793690_ch2",2026-05-01 18:35:11,20.9326171875,NA
"HOBO","HOBO","20793690_ch2",2026-05-01 18:36:11,21.01841796875,NA
"HOBO","HOBO","20793690_ch2",2026-05-01 18:37:11,21.10421875,NA
"HOBO","HOBO","20793690_ch2",2026-05-01 18:38:11,21.10421875,NA
"HOBO","HOBO","20793690_ch2",2026-05-01 18:39:11,21.147119140625,NA
"HOBO","HOBO","20793690_ch2",2026-05-01 18:40:11,21.147119140625,NA
"HOBO","HOBO","20793690_ch2",2026-05-01 18:41:11,21.19001953125,NA
"HOBO","HOBO","20793690_ch2",2026-05-01 18:42:11,21.232919921875,NA
"HOBO","HOBO","20793690_ch2",2026-05-01 18:43:11,21.232919921875,NA
"HOBO","HOBO","20793690_ch2",2026-05-01 18:44:11,21.2758203125,NA
"HOBO","HOBO","20793690_ch2",2026-05-01 18:45:11,21.232919921875,NA
"HOBO","HOBO","20793690_ch2",2026-05-01 18:46:11,21.2758203125,NA
"HOBO","HOBO","20793690_ch2",2026-05-01 18:47:11,21.318720703125,NA
"HOBO","HOBO","20793690_ch2",2026-05-01 18:48:11,21.318720703125,NA
"HOBO","HOBO","20793690_ch2",2026-05-01 18:49:11,21.36162109375,NA
"HOBO","HOBO","20793690_ch2",2026-05-01 18:50:11,21.36162109375,NA
"HOBO","HOBO","20793690_ch2",2026-05-01 18:51:11,21.36162109375,NA
"HOBO","HOBO","20793690_ch2",2026-05-01 18:52:11,21.447421875,NA
"HOBO","HOBO","20793690_ch2",2026-05-01 18:53:11,21.447421875,NA
"HOBO","HOBO","20793690_ch2",2026-05-01 18:54:11,21.490322265625,NA
"HOBO","HOBO","20793690_ch2",2026-05-01 18:55:11,21.490322265625,NA
"HOBO","HOBO","20793690_ch2",2026-05-01 18:56:11,21.490322265625,NA
"HOBO","HOBO","20793690_ch2",2026-05-01 18:57:11,21.53322265625,NA
"HOBO","HOBO","20793690_ch2",2026-05-01 18:58:11,21.576123046875,NA
"HOBO","HOBO","20793690_ch2",2026-05-01 18:59:11,21.576123046875,NA
"HOBO","HOBO","20793692_ch1",2026-05-01 15:33:57,24.7078515625,NA
"HOBO","HOBO","20793692_ch1",2026-05-01 15:34:57,24.45044921875,NA
"HOBO","HOBO","20793692_ch1",2026-05-01 15:35:57,24.235947265625,NA
"HOBO","HOBO","20793692_ch1",2026-05-01 15:36:57,25.0510546875,NA
"HOBO","HOBO","20793692_ch1",2026-05-01 15:37:57,29.684296875,NA
"HOBO","HOBO","20793692_ch1",2026-05-01 15:38:57,30.413603515625,NA
"HOBO","HOBO","20793692_ch1",2026-05-01 15:39:57,32.301220703125,NA
"HOBO","HOBO","20793692_ch1",2026-05-01 15:40:57,33.45953125,NA
"HOBO","HOBO","20793692_ch1",2026-05-01 15:41:57,34.274638671875,NA
"HOBO","HOBO","20793692_ch1",2026-05-01 15:42:57,34.703642578125,NA
"HOBO","HOBO","20793692_ch1",2026-05-01 15:43:57,35.51875,NA
"HOBO","HOBO","20793692_ch1",2026-05-01 15:44:57,36.162255859375,NA
"HOBO","HOBO","20793692_ch1",2026-05-01 15:45:57,36.591259765625,NA
"HOBO","HOBO","20793692_ch1",2026-05-01 15:46:57,38.52177734375,NA
"HOBO","HOBO","20793692_ch1",2026-05-01 15:47:57,38.307275390625,NA
"HOBO","HOBO","20793692_ch1",2026-05-01 15:48:57,38.35017578125,NA
"HOBO","HOBO","20793692_ch1",2026-05-01 15:49:57,38.52177734375,NA
"HOBO","HOBO","20793692_ch1",2026-05-01 15:50:57,38.7791796875,NA
"HOBO","HOBO","20793692_ch1",2026-05-01 15:51:57,39.1223828125,NA
"HOBO","HOBO","20793692_ch1",2026-05-01 15:52:57,39.336884765625,NA
"HOBO","HOBO","20793692_ch1",2026-05-01 15:53:57,39.55138671875,NA
"HOBO","HOBO","20793692_ch1",2026-05-01 15:54:57,39.765888671875,"hot"
"HOBO","HOBO","20793692_ch1",2026-05-01 15:55:57,39.937490234375,"hot"
"HOBO","HOBO","20793692_ch1",2026-05-01 15:56:57,40.23779296875,"hot"
"HOBO","HOBO","20793692_ch1",2026-05-01 15:57:57,40.40939453125,"hot"
"HOBO","HOBO","20793692_ch1",2026-05-01 15:58:57,40.40939453125,"hot"
"HOBO","HOBO","20793692_ch1",2026-05-01 15:59:57,40.40939453125,"hot"
"HOBO","HOBO","20793692_ch1",2026-05-01 16:00:57,40.40939453125,"hot"
"HOBO","HOBO","20793692_ch1",2026-05-01 16:01:57,40.452294921875,"hot"
"HOBO","HOBO","20793692_ch1",2026-05-01 16:02:57,40.40939453125,"hot"
"HOBO","HOBO","20793692_ch1",2026-05-01 16:03:57,40.40939453125,"hot"
"HOBO","HOBO","20793692_ch1",2026-05-01 16:04:57,40.366494140625,"hot"
"HOBO","HOBO","20793692_ch1",2026-05-01 16:05:57,40.32359375,"hot"
"HOBO","HOBO","20793692_ch1",2026-05-01 16:06:57,40.23779296875,"hot"
"HOBO","HOBO","20793692_ch1",2026-05-01 16:07:57,40.194892578125,"hot"
"HOBO","HOBO","20793692_ch1",2026-05-01 16:08:57,40.194892578125,"hot"
"HOBO","HOBO","20793692_ch1",2026-05-01 16:09:57,40.194892578125,"hot"
"HOBO","HOBO","20793692_ch1",2026-05-01 16:10:57,40.366494140625,"hot"
"HOBO","HOBO","20793692_ch1",2026-05-01 16:11:57,40.538095703125,"hot"
"HOBO","HOBO","20793692_ch1",2026-05-01 16:12:57,40.666796875,"hot"
"HOBO","HOBO","20793692_ch1",2026-05-01 16:13:57,40.795498046875,NA
"HOBO","HOBO","20793692_ch1",2026-05-01 16:14:57,41.310302734375,NA
"HOBO","HOBO","20793692_ch1",2026-05-01 16:15:57,41.396103515625,NA
"HOBO","HOBO","20793692_ch1",2026-05-01 16:16:57,41.26740234375,NA
"HOBO","HOBO","20793692_ch1",2026-05-01 16:17:57,41.310302734375,NA
"HOBO","HOBO","20793692_ch1",2026-05-01 16:18:57,41.1816015625,NA
"HOBO","HOBO","20793692_ch1",2026-05-01 16:19:57,41.138701171875,NA
"HOBO","HOBO","20793692_ch1",2026-05-01 16:20:57,41.052900390625,NA
"HOBO","HOBO","20793692_ch1",2026-05-01 16:21:57,40.967099609375,NA
"HOBO","HOBO","20793692_ch1",2026-05-01 16:22:57,40.8383984375,NA
"HOBO","HOBO","20793692_ch1",2026-05-01 16:23:57,40.795498046875,NA
"HOBO","HOBO","20793692_ch1",2026-05-01 16:24:57,40.75259765625,NA
"HOBO","HOBO","20793692_ch1",2026-05-01 16:25:57,40.58099609375,NA
"HOBO","HOBO","20793692_ch1",2026-05-01 16:26:57,40.452294921875,NA
"HOBO","HOBO","20793692_ch1",2026-05-01 16:27:57,40.452294921875,NA
"HOBO","HOBO","20793692_ch1",2026-05-01 16:28:57,40.280693359375,NA
"HOBO","HOBO","20793692_ch1",2026-05-01 16:29:57,40.1519921875,NA
"HOBO","HOBO","20793692_ch1",2026-05-01 16:30:57,40.06619140625,NA
"HOBO","HOBO","20793692_ch1",2026-05-01 16:31:57,37.83537109375,NA
"HOBO","HOBO","20793692_ch1",2026-05-01 16:32:57,29.684296875,NA
"HOBO","HOBO","20793692_ch1",2026-05-01 16:33:57,26.4238671875,NA
"HOBO","HOBO","20793692_ch1",2026-05-01 16:34:57,24.62205078125,NA
"HOBO","HOBO","20793692_ch1",2026-05-01 16:35:57,23.635341796875,NA
"HOBO","HOBO","20793692_ch1",2026-05-01 16:36:57,22.73443359375,NA
"HOBO","HOBO","20793692_ch1",2026-05-01 16:37:57,22.262529296875,NA
"HOBO","HOBO","20793692_ch1",2026-05-01 16:38:57,21.9622265625,NA
"HOBO","HOBO","20793692_ch1",2026-05-01 16:39:57,21.833525390625,NA
"HOBO","HOBO","20793692_ch1",2026-05-01 16:40:57,21.790625,NA
"HOBO","HOBO","20793692_ch1",2026-05-01 16:41:57,21.833525390625,NA
"HOBO","HOBO","20793692_ch1",2026-05-01 16:42:57,22.090927734375,NA
"HOBO","HOBO","20793692_ch1",2026-05-01 16:43:57,22.39123046875,NA
"HOBO","HOBO","20793692_ch1",2026-05-01 16:44:57,22.519931640625,NA
"HOBO","HOBO","20793692_ch1",2026-05-01 16:45:57,22.56283203125,NA
"HOBO","HOBO","20793692_ch1",2026-05-01 16:46:57,22.691533203125,NA
"HOBO","HOBO","20793692_ch1",2026-05-01 16:47:57,23.120537109375,NA
"HOBO","HOBO","20793692_ch1",2026-05-01 16:48:57,12.86734375,NA
"HOBO","HOBO","20793692_ch1",2026-05-01 16:49:57,3.9440625,NA
"HOBO","HOBO","20793692_ch1",2026-05-01 16:50:57,1.7132421875,NA
"HOBO","HOBO","20793692_ch1",2026-05-01 16:51:57,0.726533203125001,NA
"HOBO","HOBO","20793692_ch1",2026-05-01 16:52:57,0.59783203125,NA
"HOBO","HOBO","20793692_ch1",2026-05-01 16:53:57,0.51203125,NA
"HOBO","HOBO","20793692_ch1",2026-05-01 16:54:57,0.426230468749999,NA
"HOBO","HOBO","20793692_ch1",2026-05-01 16:55:57,0.254628906249998,NA
"HOBO","HOBO","20793692_ch1",2026-05-01 16:56:57,0.254628906249998,"ice"
"HOBO","HOBO","20793692_ch1",2026-05-01 16:57:57,0.254628906249998,"ice"
"HOBO","HOBO","20793692_ch1",2026-05-01 16:58:57,0.254628906249998,"ice"
"HOBO","HOBO","20793692_ch1",2026-05-01 16:59:57,0.254628906249998,"ice"
"HOBO","HOBO","20793692_ch1",2026-05-01 17:00:57,0.211728515624998,"ice"
"HOBO","HOBO","20793692_ch1",2026-05-01 17:01:57,0.254628906249998,"ice"
"HOBO","HOBO","20793692_ch1",2026-05-01 17:02:57,0.254628906249998,"ice"
"HOBO","HOBO","20793692_ch1",2026-05-01 17:03:57,0.254628906249998,"ice"
"HOBO","HOBO","20793692_ch1",2026-05-01 17:04:57,0.297529296874998,"ice"
"HOBO","HOBO","20793692_ch1",2026-05-01 17:05:57,0.211728515624998,"ice"
"HOBO","HOBO","20793692_ch1",2026-05-01 17:06:57,0.297529296874998,"ice"
"HOBO","HOBO","20793692_ch1",2026-05-01 17:07:57,0.254628906249998,"ice"
"HOBO","HOBO","20793692_ch1",2026-05-01 17:08:57,0.254628906249998,"ice"
"HOBO","HOBO","20793692_ch1",2026-05-01 17:09:57,0.254628906249998,"ice"
"HOBO","HOBO","20793692_ch1",2026-05-01 17:10:57,0.297529296874998,"ice"
"HOBO","HOBO","20793692_ch1",2026-05-01 17:11:57,0.254628906249998,NA
"HOBO","HOBO","20793692_ch1",2026-05-01 17:12:57,0.211728515624998,NA
"HOBO","HOBO","20793692_ch1",2026-05-01 17:13:57,0.254628906249998,NA
"HOBO","HOBO","20793692_ch1",2026-05-01 17:14:57,4.20146484375,NA
"HOBO","HOBO","20793692_ch1",2026-05-01 17:15:57,9.43531249999999,NA
"HOBO","HOBO","20793692_ch1",2026-05-01 17:16:57,12.09513671875,NA
"HOBO","HOBO","20793692_ch1",2026-05-01 17:17:57,13.854052734375,NA
"HOBO","HOBO","20793692_ch1",2026-05-01 17:18:57,15.055263671875,NA
"HOBO","HOBO","20793692_ch1",2026-05-01 17:19:57,15.913271484375,NA
"HOBO","HOBO","20793692_ch1",2026-05-01 17:20:57,16.55677734375,NA
"HOBO","HOBO","20793692_ch1",2026-05-01 17:21:57,17.028681640625,NA
"HOBO","HOBO","20793692_ch1",2026-05-01 17:22:57,17.328984375,NA
"HOBO","HOBO","20793692_ch1",2026-05-01 17:23:57,17.6721875,NA
"HOBO","HOBO","20793692_ch1",2026-05-01 17:24:57,17.92958984375,NA
"HOBO","HOBO","20793692_ch1",2026-05-01 17:25:57,18.27279296875,NA
"HOBO","HOBO","20793692_ch1",2026-05-01 17:26:57,18.487294921875,NA
"HOBO","HOBO","20793692_ch1",2026-05-01 17:27:57,18.744697265625,NA
"HOBO","HOBO","20793692_ch1",2026-05-01 17:28:57,19.13080078125,NA
"HOBO","HOBO","20793692_ch1",2026-05-01 17:29:57,19.345302734375,NA
"HOBO","HOBO","20793692_ch1",2026-05-01 17:30:57,19.5598046875,NA
"HOBO","HOBO","20793692_ch1",2026-05-01 17:31:57,19.860107421875,NA
"HOBO","HOBO","20793692_ch1",2026-05-01 17:32:57,20.074609375,NA
"HOBO","HOBO","20793692_ch1",2026-05-01 17:33:57,20.203310546875,NA
"HOBO","HOBO","20793692_ch1",2026-05-01 17:34:57,20.374912109375,NA
"HOBO","HOBO","20793692_ch1",2026-05-01 17:35:57,20.460712890625,NA
"HOBO","HOBO","20793692_ch1",2026-05-01 17:36:57,20.546513671875,NA
"HOBO","HOBO","20793692_ch1",2026-05-01 17:37:57,20.632314453125,NA
"HOBO","HOBO","20793692_ch1",2026-05-01 17:38:57,20.718115234375,NA
"HOBO","HOBO","20793692_ch1",2026-05-01 17:39:57,20.975517578125,NA
"HOBO","HOBO","20793692_ch1",2026-05-01 17:40:57,21.2758203125,NA
"HOBO","HOBO","20793692_ch1",2026-05-01 17:41:57,21.490322265625,NA
"HOBO","HOBO","20793692_ch1",2026-05-01 17:42:57,21.70482421875,NA
"HOBO","HOBO","20793692_ch1",2026-05-01 17:43:57,21.9622265625,NA
"HOBO","HOBO","20793692_ch1",2026-05-01 17:44:57,22.176728515625,NA
"HOBO","HOBO","20793692_ch1",2026-05-01 17:45:57,22.348330078125,NA
"HOBO","HOBO","20793692_ch1",2026-05-01 17:46:57,22.519931640625,NA
"HOBO","HOBO","20793692_ch1",2026-05-01 17:47:57,22.605732421875,NA
"HOBO","HOBO","20793692_ch1",2026-05-01 17:48:57,22.691533203125,NA
"HOBO","HOBO","20793692_ch1",2026-05-01 17:49:57,22.777333984375,NA
"HOBO","HOBO","20793692_ch1",2026-05-01 17:50:57,22.820234375,NA
"HOBO","HOBO","20793692_ch1",2026-05-01 17:51:57,22.820234375,NA
"HOBO","HOBO","20793692_ch1",2026-05-01 17:52:57,22.863134765625,NA
"HOBO","HOBO","20793692_ch1",2026-05-01 17:53:57,22.90603515625,NA
"HOBO","HOBO","20793692_ch1",2026-05-01 17:54:57,22.863134765625,NA
"HOBO","HOBO","20793692_ch1",2026-05-01 17:55:57,22.863134765625,NA
"HOBO","HOBO","20793692_ch1",2026-05-01 17:56:57,22.863134765625,NA
"HOBO","HOBO","20793692_ch1",2026-05-01 17:57:57,22.948935546875,NA
"HOBO","HOBO","20793692_ch1",2026-05-01 17:58:57,22.90603515625,NA
"HOBO","HOBO","20793692_ch1",2026-05-01 17:59:57,22.863134765625,NA
"HOBO","HOBO","20793692_ch1",2026-05-01 18:00:57,22.863134765625,NA
"HOBO","HOBO","20793692_ch1",2026-05-01 18:01:57,22.820234375,NA
"HOBO","HOBO","20793692_ch1",2026-05-01 18:02:57,22.73443359375,NA
"HOBO","HOBO","20793692_ch1",2026-05-01 18:03:57,22.691533203125,NA
"HOBO","HOBO","20793692_ch1",2026-05-01 18:04:57,22.6486328125,NA
"HOBO","HOBO","20793692_ch1",2026-05-01 18:05:57,22.605732421875,NA
"HOBO","HOBO","20793692_ch1",2026-05-01 18:06:57,22.605732421875,NA
"HOBO","HOBO","20793692_ch1",2026-05-01 18:07:57,22.56283203125,NA
"HOBO","HOBO","20793692_ch1",2026-05-01 18:08:57,22.519931640625,NA
"HOBO","HOBO","20793692_ch1",2026-05-01 18:09:57,22.519931640625,NA
"HOBO","HOBO","20793692_ch1",2026-05-01 18:10:57,22.519931640625,NA
"HOBO","HOBO","20793692_ch1",2026-05-01 18:11:57,22.47703125,NA
"HOBO","HOBO","20793692_ch1",2026-05-01 18:12:57,22.47703125,NA
"HOBO","HOBO","20793692_ch1",2026-05-01 18:13:57,22.47703125,NA
"HOBO","HOBO","20793692_ch1",2026-05-01 18:14:57,22.47703125,NA
"HOBO","HOBO","20793692_ch1",2026-05-01 18:15:57,22.47703125,NA
"HOBO","HOBO","20793692_ch1",2026-05-01 18:16:57,22.47703125,NA
"HOBO","HOBO","20793692_ch1",2026-05-01 18:17:57,22.47703125,NA
"HOBO","HOBO","20793692_ch1",2026-05-01 18:18:57,22.519931640625,NA
"HOBO","HOBO","20793692_ch1",2026-05-01 18:19:57,22.47703125,NA
"HOBO","HOBO","20793692_ch1",2026-05-01 18:20:57,22.47703125,NA
"HOBO","HOBO","20793692_ch1",2026-05-01 18:21:57,22.47703125,NA
"HOBO","HOBO","20793692_ch1",2026-05-01 18:22:57,22.47703125,NA
"HOBO","HOBO","20793692_ch1",2026-05-01 18:23:57,22.47703125,NA
"HOBO","HOBO","20793692_ch1",2026-05-01 18:24:57,22.47703125,NA
"HOBO","HOBO","20793692_ch1",2026-05-01 18:25:57,22.47703125,NA
"HOBO","HOBO","20793692_ch1",2026-05-01 18:26:57,22.519931640625,NA
"HOBO","HOBO","20793692_ch1",2026-05-01 18:27:57,22.519931640625,NA
"HOBO","HOBO","20793692_ch1",2026-05-01 18:28:57,22.519931640625,NA
"HOBO","HOBO","20793692_ch1",2026-05-01 18:29:57,22.47703125,NA
"HOBO","HOBO","20793692_ch1",2026-05-01 18:30:57,22.519931640625,NA
"HOBO","HOBO","20793692_ch1",2026-05-01 18:31:57,22.47703125,NA
"HOBO","HOBO","20793692_ch1",2026-05-01 18:32:57,22.47703125,NA
"HOBO","HOBO","20793692_ch1",2026-05-01 18:33:57,22.434130859375,NA
"HOBO","HOBO","20793692_ch1",2026-05-01 18:34:57,22.47703125,NA
"HOBO","HOBO","20793692_ch1",2026-05-01 18:35:57,22.47703125,NA
"HOBO","HOBO","20793692_ch1",2026-05-01 18:36:57,22.47703125,NA
"HOBO","HOBO","20793692_ch1",2026-05-01 18:37:57,22.47703125,NA
"HOBO","HOBO","20793692_ch1",2026-05-01 18:38:57,22.47703125,NA
"HOBO","HOBO","20793692_ch1",2026-05-01 18:39:57,22.47703125,NA
"HOBO","HOBO","20793692_ch1",2026-05-01 18:40:57,22.434130859375,NA
"HOBO","HOBO","20793692_ch1",2026-05-01 18:41:57,22.434130859375,NA
"HOBO","HOBO","20793692_ch1",2026-05-01 18:42:57,22.434130859375,NA
"HOBO","HOBO","20793692_ch1",2026-05-01 18:43:57,22.47703125,NA
"HOBO","HOBO","20793692_ch1",2026-05-01 18:44:57,22.519931640625,NA
"HOBO","HOBO","20793692_ch1",2026-05-01 18:45:57,22.519931640625,NA
"HOBO","HOBO","20793692_ch1",2026-05-01 18:46:57,22.519931640625,NA
"HOBO","HOBO","20793692_ch1",2026-05-01 18:47:57,22.47703125,NA
"HOBO","HOBO","20793692_ch1",2026-05-01 18:48:57,22.47703125,NA
"HOBO","HOBO","20793692_ch1",2026-05-01 18:49:57,22.47703125,NA
"HOBO","HOBO","20793692_ch1",2026-05-01 18:50:57,22.47703125,NA
"HOBO","HOBO","20793692_ch1",2026-05-01 18:51:57,22.47703125,NA
"HOBO","HOBO","20793692_ch1",2026-05-01 18:52:57,22.47703125,NA
"HOBO","HOBO","20793692_ch1",2026-05-01 18:53:57,22.434130859375,NA
"HOBO","HOBO","20793692_ch1",2026-05-01 18:54:57,22.434130859375,NA
"HOBO","HOBO","20793692_ch1",2026-05-01 18:55:57,22.39123046875,NA
"HOBO","HOBO","20793692_ch1",2026-05-01 18:56:57,22.47703125,NA
"HOBO","HOBO","20793692_ch1",2026-05-01 18:57:57,22.434130859375,NA
"HOBO","HOBO","20793692_ch1",2026-05-01 18:58:57,22.39123046875,NA
"HOBO","HOBO","20793692_ch1",2026-05-01 18:59:57,22.47703125,NA
"HOBO","HOBO","20793692_ch2",2026-05-01 15:33:57,25.522958984375,NA
"HOBO","HOBO","20793692_ch2",2026-05-01 15:34:57,25.179755859375,NA
"HOBO","HOBO","20793692_ch2",2026-05-01 15:35:57,24.79365234375,NA
"HOBO","HOBO","20793692_ch2",2026-05-01 15:36:57,25.565859375,NA
"HOBO","HOBO","20793692_ch2",2026-05-01 15:37:57,29.5126953125,NA
"HOBO","HOBO","20793692_ch2",2026-05-01 15:38:57,34.789443359375,NA
"HOBO","HOBO","20793692_ch2",2026-05-01 15:39:57,37.66376953125,NA
"HOBO","HOBO","20793692_ch2",2026-05-01 15:40:57,36.80576171875,NA
"HOBO","HOBO","20793692_ch2",2026-05-01 15:41:57,36.20515625,NA
"HOBO","HOBO","20793692_ch2",2026-05-01 15:42:57,37.706669921875,NA
"HOBO","HOBO","20793692_ch2",2026-05-01 15:43:57,38.307275390625,NA
"HOBO","HOBO","20793692_ch2",2026-05-01 15:44:57,38.478876953125,NA
"HOBO","HOBO","20793692_ch2",2026-05-01 15:45:57,38.650478515625,NA
"HOBO","HOBO","20793692_ch2",2026-05-01 15:46:57,38.736279296875,NA
"HOBO","HOBO","20793692_ch2",2026-05-01 15:47:57,39.293984375,NA
"HOBO","HOBO","20793692_ch2",2026-05-01 15:48:57,39.937490234375,NA
"HOBO","HOBO","20793692_ch2",2026-05-01 15:49:57,39.937490234375,NA
"HOBO","HOBO","20793692_ch2",2026-05-01 15:50:57,40.109091796875,NA
"HOBO","HOBO","20793692_ch2",2026-05-01 15:51:57,40.4951953125,NA
"HOBO","HOBO","20793692_ch2",2026-05-01 15:52:57,40.75259765625,NA
"HOBO","HOBO","20793692_ch2",2026-05-01 15:53:57,41.1816015625,NA
"HOBO","HOBO","20793692_ch2",2026-05-01 15:54:57,41.481904296875,"hot"
"HOBO","HOBO","20793692_ch2",2026-05-01 15:55:57,41.653505859375,"hot"
"HOBO","HOBO","20793692_ch2",2026-05-01 15:56:57,41.653505859375,"hot"
"HOBO","HOBO","20793692_ch2",2026-05-01 15:57:57,41.653505859375,"hot"
"HOBO","HOBO","20793692_ch2",2026-05-01 15:58:57,41.78220703125,"hot"
"HOBO","HOBO","20793692_ch2",2026-05-01 15:59:57,41.825107421875,"hot"
"HOBO","HOBO","20793692_ch2",2026-05-01 16:00:57,41.78220703125,"hot"
"HOBO","HOBO","20793692_ch2",2026-05-01 16:01:57,41.69640625,"hot"
"HOBO","HOBO","20793692_ch2",2026-05-01 16:02:57,41.69640625,"hot"
"HOBO","HOBO","20793692_ch2",2026-05-01 16:03:57,41.653505859375,"hot"
"HOBO","HOBO","20793692_ch2",2026-05-01 16:04:57,41.567705078125,"hot"
"HOBO","HOBO","20793692_ch2",2026-05-01 16:05:57,41.5248046875,"hot"
"HOBO","HOBO","20793692_ch2",2026-05-01 16:06:57,41.43900390625,"hot"
"HOBO","HOBO","20793692_ch2",2026-05-01 16:07:57,41.61060546875,"hot"
"HOBO","HOBO","20793692_ch2",2026-05-01 16:08:57,42.339912109375,"hot"
"HOBO","HOBO","20793692_ch2",2026-05-01 16:09:57,42.98341796875,"hot"
"HOBO","HOBO","20793692_ch2",2026-05-01 16:10:57,43.283720703125,"hot"
"HOBO","HOBO","20793692_ch2",2026-05-01 16:11:57,43.283720703125,"hot"
"HOBO","HOBO","20793692_ch2",2026-05-01 16:12:57,43.283720703125,"hot"
"HOBO","HOBO","20793692_ch2",2026-05-01 16:13:57,43.197919921875,NA
"HOBO","HOBO","20793692_ch2",2026-05-01 16:14:57,42.2112109375,NA
"HOBO","HOBO","20793692_ch2",2026-05-01 16:15:57,41.739306640625,NA
"HOBO","HOBO","20793692_ch2",2026-05-01 16:16:57,41.61060546875,NA
"HOBO","HOBO","20793692_ch2",2026-05-01 16:17:57,41.5248046875,NA
"HOBO","HOBO","20793692_ch2",2026-05-01 16:18:57,41.5248046875,NA
"HOBO","HOBO","20793692_ch2",2026-05-01 16:19:57,41.43900390625,NA
"HOBO","HOBO","20793692_ch2",2026-05-01 16:20:57,41.396103515625,NA
"HOBO","HOBO","20793692_ch2",2026-05-01 16:21:57,41.310302734375,NA
"HOBO","HOBO","20793692_ch2",2026-05-01 16:22:57,41.1816015625,NA
"HOBO","HOBO","20793692_ch2",2026-05-01 16:23:57,41.01,NA
"HOBO","HOBO","20793692_ch2",2026-05-01 16:24:57,40.967099609375,NA
"HOBO","HOBO","20793692_ch2",2026-05-01 16:25:57,40.881298828125,NA
"HOBO","HOBO","20793692_ch2",2026-05-01 16:26:57,40.709697265625,NA
"HOBO","HOBO","20793692_ch2",2026-05-01 16:27:57,40.666796875,NA
"HOBO","HOBO","20793692_ch2",2026-05-01 16:28:57,40.538095703125,NA
"HOBO","HOBO","20793692_ch2",2026-05-01 16:29:57,40.40939453125,NA
"HOBO","HOBO","20793692_ch2",2026-05-01 16:30:57,40.280693359375,NA
"HOBO","HOBO","20793692_ch2",2026-05-01 16:31:57,36.80576171875,NA
"HOBO","HOBO","20793692_ch2",2026-05-01 16:32:57,26.252265625,NA
"HOBO","HOBO","20793692_ch2",2026-05-01 16:33:57,23.42083984375,NA
"HOBO","HOBO","20793692_ch2",2026-05-01 16:34:57,21.833525390625,NA
"HOBO","HOBO","20793692_ch2",2026-05-01 16:35:57,21.01841796875,NA
"HOBO","HOBO","20793692_ch2",2026-05-01 16:36:57,20.718115234375,NA
"HOBO","HOBO","20793692_ch2",2026-05-01 16:37:57,20.632314453125,NA
"HOBO","HOBO","20793692_ch2",2026-05-01 16:38:57,20.5894140625,NA
"HOBO","HOBO","20793692_ch2",2026-05-01 16:39:57,20.632314453125,NA
"HOBO","HOBO","20793692_ch2",2026-05-01 16:40:57,20.718115234375,NA
"HOBO","HOBO","20793692_ch2",2026-05-01 16:41:57,20.761015625,NA
"HOBO","HOBO","20793692_ch2",2026-05-01 16:42:57,21.318720703125,NA
"HOBO","HOBO","20793692_ch2",2026-05-01 16:43:57,21.447421875,NA
"HOBO","HOBO","20793692_ch2",2026-05-01 16:44:57,21.53322265625,NA
"HOBO","HOBO","20793692_ch2",2026-05-01 16:45:57,21.53322265625,NA
"HOBO","HOBO","20793692_ch2",2026-05-01 16:46:57,21.70482421875,NA
"HOBO","HOBO","20793692_ch2",2026-05-01 16:47:57,22.133828125,NA
"HOBO","HOBO","20793692_ch2",2026-05-01 16:48:57,4.501767578125,NA
"HOBO","HOBO","20793692_ch2",2026-05-01 16:49:57,2.7428515625,NA
"HOBO","HOBO","20793692_ch2",2026-05-01 16:50:57,2.614150390625,NA
"HOBO","HOBO","20793692_ch2",2026-05-01 16:51:57,2.228046875,NA
"HOBO","HOBO","20793692_ch2",2026-05-01 16:52:57,2.013544921875,NA
"HOBO","HOBO","20793692_ch2",2026-05-01 16:53:57,1.88484375,NA
"HOBO","HOBO","20793692_ch2",2026-05-01 16:54:57,1.45583984375,NA
"HOBO","HOBO","20793692_ch2",2026-05-01 16:55:57,1.327138671875,NA
"HOBO","HOBO","20793692_ch2",2026-05-01 16:56:57,1.1984375,"ice"
"HOBO","HOBO","20793692_ch2",2026-05-01 16:57:57,1.069736328125,"ice"
"HOBO","HOBO","20793692_ch2",2026-05-01 16:58:57,0.941035156249995,"ice"
"HOBO","HOBO","20793692_ch2",2026-05-01 16:59:57,0.898134765624995,"ice"
"HOBO","HOBO","20793692_ch2",2026-05-01 17:00:57,0.855234374999995,"ice"
"HOBO","HOBO","20793692_ch2",2026-05-01 17:01:57,0.812333984375002,"ice"
"HOBO","HOBO","20793692_ch2",2026-05-01 17:02:57,0.769433593750001,"ice"
"HOBO","HOBO","20793692_ch2",2026-05-01 17:03:57,0.812333984375002,"ice"
"HOBO","HOBO","20793692_ch2",2026-05-01 17:04:57,0.769433593750001,"ice"
"HOBO","HOBO","20793692_ch2",2026-05-01 17:05:57,0.769433593750001,"ice"
"HOBO","HOBO","20793692_ch2",2026-05-01 17:06:57,0.812333984375002,"ice"
"HOBO","HOBO","20793692_ch2",2026-05-01 17:07:57,0.769433593750001,"ice"
"HOBO","HOBO","20793692_ch2",2026-05-01 17:08:57,0.812333984375002,"ice"
"HOBO","HOBO","20793692_ch2",2026-05-01 17:09:57,0.769433593750001,"ice"
"HOBO","HOBO","20793692_ch2",2026-05-01 17:10:57,0.812333984375002,"ice"
"HOBO","HOBO","20793692_ch2",2026-05-01 17:11:57,0.769433593750001,NA
"HOBO","HOBO","20793692_ch2",2026-05-01 17:12:57,0.812333984375002,NA
"HOBO","HOBO","20793692_ch2",2026-05-01 17:13:57,0.812333984375002,NA
"HOBO","HOBO","20793692_ch2",2026-05-01 17:14:57,3.25765625,NA
"HOBO","HOBO","20793692_ch2",2026-05-01 17:15:57,8.2341015625,NA
"HOBO","HOBO","20793692_ch2",2026-05-01 17:16:57,10.765224609375,NA
"HOBO","HOBO","20793692_ch2",2026-05-01 17:17:57,12.3525390625,NA
"HOBO","HOBO","20793692_ch2",2026-05-01 17:18:57,13.3821484375,NA
"HOBO","HOBO","20793692_ch2",2026-05-01 17:19:57,14.15435546875,NA
"HOBO","HOBO","20793692_ch2",2026-05-01 17:20:57,14.797861328125,NA
"HOBO","HOBO","20793692_ch2",2026-05-01 17:21:57,15.226865234375,NA
"HOBO","HOBO","20793692_ch2",2026-05-01 17:22:57,15.69876953125,NA
"HOBO","HOBO","20793692_ch2",2026-05-01 17:23:57,16.1277734375,NA
"HOBO","HOBO","20793692_ch2",2026-05-01 17:24:57,16.428076171875,NA
"HOBO","HOBO","20793692_ch2",2026-05-01 17:25:57,16.642578125,NA
"HOBO","HOBO","20793692_ch2",2026-05-01 17:26:57,16.89998046875,NA
"HOBO","HOBO","20793692_ch2",2026-05-01 17:27:57,17.1573828125,NA
"HOBO","HOBO","20793692_ch2",2026-05-01 17:28:57,17.328984375,NA
"HOBO","HOBO","20793692_ch2",2026-05-01 17:29:57,17.5005859375,NA
"HOBO","HOBO","20793692_ch2",2026-05-01 17:30:57,17.715087890625,NA
"HOBO","HOBO","20793692_ch2",2026-05-01 17:31:57,17.886689453125,NA
"HOBO","HOBO","20793692_ch2",2026-05-01 17:32:57,18.015390625,NA
"HOBO","HOBO","20793692_ch2",2026-05-01 17:33:57,18.144091796875,NA
"HOBO","HOBO","20793692_ch2",2026-05-01 17:34:57,18.229892578125,NA
"HOBO","HOBO","20793692_ch2",2026-05-01 17:35:57,18.315693359375,NA
"HOBO","HOBO","20793692_ch2",2026-05-01 17:36:57,18.44439453125,NA
"HOBO","HOBO","20793692_ch2",2026-05-01 17:37:57,18.487294921875,NA
"HOBO","HOBO","20793692_ch2",2026-05-01 17:38:57,18.5301953125,NA
"HOBO","HOBO","20793692_ch2",2026-05-01 17:39:57,18.658896484375,NA
"HOBO","HOBO","20793692_ch2",2026-05-01 17:40:57,18.744697265625,NA
"HOBO","HOBO","20793692_ch2",2026-05-01 17:41:57,18.830498046875,NA
"HOBO","HOBO","20793692_ch2",2026-05-01 17:42:57,18.916298828125,NA
"HOBO","HOBO","20793692_ch2",2026-05-01 17:43:57,18.95919921875,NA
"HOBO","HOBO","20793692_ch2",2026-05-01 17:44:57,19.002099609375,NA
"HOBO","HOBO","20793692_ch2",2026-05-01 17:45:57,19.045,NA
"HOBO","HOBO","20793692_ch2",2026-05-01 17:46:57,19.13080078125,NA
"HOBO","HOBO","20793692_ch2",2026-05-01 17:47:57,19.2166015625,NA
"HOBO","HOBO","20793692_ch2",2026-05-01 17:48:57,19.30240234375,NA
"HOBO","HOBO","20793692_ch2",2026-05-01 17:49:57,19.345302734375,NA
"HOBO","HOBO","20793692_ch2",2026-05-01 17:50:57,19.388203125,NA
"HOBO","HOBO","20793692_ch2",2026-05-01 17:51:57,19.431103515625,NA
"HOBO","HOBO","20793692_ch2",2026-05-01 17:52:57,19.47400390625,NA
"HOBO","HOBO","20793692_ch2",2026-05-01 17:53:57,19.516904296875,NA
"HOBO","HOBO","20793692_ch2",2026-05-01 17:54:57,19.5598046875,NA
"HOBO","HOBO","20793692_ch2",2026-05-01 17:55:57,19.64560546875,NA
"HOBO","HOBO","20793692_ch2",2026-05-01 17:56:57,19.688505859375,NA
"HOBO","HOBO","20793692_ch2",2026-05-01 17:57:57,19.688505859375,NA
"HOBO","HOBO","20793692_ch2",2026-05-01 17:58:57,19.81720703125,NA
"HOBO","HOBO","20793692_ch2",2026-05-01 17:59:57,19.774306640625,NA
"HOBO","HOBO","20793692_ch2",2026-05-01 18:00:57,19.81720703125,NA
"HOBO","HOBO","20793692_ch2",2026-05-01 18:01:57,19.81720703125,NA
"HOBO","HOBO","20793692_ch2",2026-05-01 18:02:57,19.73140625,NA
"HOBO","HOBO","20793692_ch2",2026-05-01 18:03:57,19.73140625,NA
"HOBO","HOBO","20793692_ch2",2026-05-01 18:04:57,19.688505859375,NA
"HOBO","HOBO","20793692_ch2",2026-05-01 18:05:57,19.73140625,NA
"HOBO","HOBO","20793692_ch2",2026-05-01 18:06:57,19.688505859375,NA
"HOBO","HOBO","20793692_ch2",2026-05-01 18:07:57,19.73140625,NA
"HOBO","HOBO","20793692_ch2",2026-05-01 18:08:57,19.73140625,NA
"HOBO","HOBO","20793692_ch2",2026-05-01 18:09:57,19.73140625,NA
"HOBO","HOBO","20793692_ch2",2026-05-01 18:10:57,19.81720703125,NA
"HOBO","HOBO","20793692_ch2",2026-05-01 18:11:57,19.860107421875,NA
"HOBO","HOBO","20793692_ch2",2026-05-01 18:12:57,19.860107421875,NA
"HOBO","HOBO","20793692_ch2",2026-05-01 18:13:57,19.9030078125,NA
"HOBO","HOBO","20793692_ch2",2026-05-01 18:14:57,19.945908203125,NA
"HOBO","HOBO","20793692_ch2",2026-05-01 18:15:57,20.031708984375,NA
"HOBO","HOBO","20793692_ch2",2026-05-01 18:16:57,19.98880859375,NA
"HOBO","HOBO","20793692_ch2",2026-05-01 18:17:57,20.031708984375,NA
"HOBO","HOBO","20793692_ch2",2026-05-01 18:18:57,20.031708984375,NA
"HOBO","HOBO","20793692_ch2",2026-05-01 18:19:57,20.074609375,NA
"HOBO","HOBO","20793692_ch2",2026-05-01 18:20:57,20.16041015625,NA
"HOBO","HOBO","20793692_ch2",2026-05-01 18:21:57,20.203310546875,NA
"HOBO","HOBO","20793692_ch2",2026-05-01 18:22:57,20.2462109375,NA
"HOBO","HOBO","20793692_ch2",2026-05-01 18:23:57,20.33201171875,NA
"HOBO","HOBO","20793692_ch2",2026-05-01 18:24:57,20.460712890625,NA
"HOBO","HOBO","20793692_ch2",2026-05-01 18:25:57,20.546513671875,NA
"HOBO","HOBO","20793692_ch2",2026-05-01 18:26:57,20.546513671875,NA
"HOBO","HOBO","20793692_ch2",2026-05-01 18:27:57,20.67521484375,NA
"HOBO","HOBO","20793692_ch2",2026-05-01 18:28:57,20.718115234375,NA
"HOBO","HOBO","20793692_ch2",2026-05-01 18:29:57,20.803916015625,NA
"HOBO","HOBO","20793692_ch2",2026-05-01 18:30:57,20.889716796875,NA
"HOBO","HOBO","20793692_ch2",2026-05-01 18:31:57,20.9326171875,NA
"HOBO","HOBO","20793692_ch2",2026-05-01 18:32:57,21.01841796875,NA
"HOBO","HOBO","20793692_ch2",2026-05-01 18:33:57,21.061318359375,NA
"HOBO","HOBO","20793692_ch2",2026-05-01 18:34:57,21.10421875,NA
"HOBO","HOBO","20793692_ch2",2026-05-01 18:35:57,21.147119140625,NA
"HOBO","HOBO","20793692_ch2",2026-05-01 18:36:57,21.232919921875,NA
"HOBO","HOBO","20793692_ch2",2026-05-01 18:37:57,21.232919921875,NA
"HOBO","HOBO","20793692_ch2",2026-05-01 18:38:57,21.232919921875,NA
"HOBO","HOBO","20793692_ch2",2026-05-01 18:39:57,21.318720703125,NA
"HOBO","HOBO","20793692_ch2",2026-05-01 18:40:57,21.36162109375,NA
"HOBO","HOBO","20793692_ch2",2026-05-01 18:41:57,21.447421875,NA
"HOBO","HOBO","20793692_ch2",2026-05-01 18:42:57,21.53322265625,NA
"HOBO","HOBO","20793692_ch2",2026-05-01 18:43:57,21.53322265625,NA
"HOBO","HOBO","20793692_ch2",2026-05-01 18:44:57,21.576123046875,NA
"HOBO","HOBO","20793692_ch2",2026-05-01 18:45:57,21.576123046875,NA
"HOBO","HOBO","20793692_ch2",2026-05-01 18:46:57,21.661923828125,NA
"HOBO","HOBO","20793692_ch2",2026-05-01 18:47:57,21.661923828125,NA
"HOBO","HOBO","20793692_ch2",2026-05-01 18:48:57,21.70482421875,NA
"HOBO","HOBO","20793692_ch2",2026-05-01 18:49:57,21.661923828125,NA
"HOBO","HOBO","20793692_ch2",2026-05-01 18:50:57,21.747724609375,NA
"HOBO","HOBO","20793692_ch2",2026-05-01 18:51:57,21.70482421875,NA
"HOBO","HOBO","20793692_ch2",2026-05-01 18:52:57,21.747724609375,NA
"HOBO","HOBO","20793692_ch2",2026-05-01 18:53:57,21.790625,NA
"HOBO","HOBO","20793692_ch2",2026-05-01 18:54:57,21.833525390625,NA
"HOBO","HOBO","20793692_ch2",2026-05-01 18:55:57,21.87642578125,NA
"HOBO","HOBO","20793692_ch2",2026-05-01 18:56:57,21.919326171875,NA
"HOBO","HOBO","20793692_ch2",2026-05-01 18:57:57,21.9622265625,NA
"HOBO","HOBO","20793692_ch2",2026-05-01 18:58:57,22.005126953125,NA
"HOBO","HOBO","20793692_ch2",2026-05-01 18:59:57,22.090927734375,NA
"HOBO","HOBO","20793692_ch1",2026-05-01 15:33:57,24.7078515625,NA
"HOBO","HOBO","20793692_ch1",2026-05-01 15:34:57,24.45044921875,NA
"HOBO","HOBO","20793692_ch1",2026-05-01 15:35:57,24.235947265625,NA
"HOBO","HOBO","20793692_ch1",2026-05-01 15:36:57,25.0510546875,NA
"HOBO","HOBO","20793692_ch1",2026-05-01 15:37:57,29.684296875,NA
"HOBO","HOBO","20793692_ch1",2026-05-01 15:38:57,30.413603515625,NA
"HOBO","HOBO","20793692_ch1",2026-05-01 15:39:57,32.301220703125,NA
"HOBO","HOBO","20793692_ch1",2026-05-01 15:40:57,33.45953125,NA
"HOBO","HOBO","20793692_ch1",2026-05-01 15:41:57,34.274638671875,NA
"HOBO","HOBO","20793692_ch1",2026-05-01 15:42:57,34.703642578125,NA
"HOBO","HOBO","20793692_ch1",2026-05-01 15:43:57,35.51875,NA
"HOBO","HOBO","20793692_ch1",2026-05-01 15:44:57,36.162255859375,NA
"HOBO","HOBO","20793692_ch1",2026-05-01 15:45:57,36.591259765625,NA
"HOBO","HOBO","20793692_ch1",2026-05-01 15:46:57,38.52177734375,NA
"HOBO","HOBO","20793692_ch1",2026-05-01 15:47:57,38.307275390625,NA
"HOBO","HOBO","20793692_ch1",2026-05-01 15:48:57,38.35017578125,NA
"HOBO","HOBO","20793692_ch1",2026-05-01 15:49:57,38.52177734375,NA
"HOBO","HOBO","20793692_ch1",2026-05-01 15:50:57,38.7791796875,NA
"HOBO","HOBO","20793692_ch1",2026-05-01 15:51:57,39.1223828125,NA
"HOBO","HOBO","20793692_ch1",2026-05-01 15:52:57,39.336884765625,NA
"HOBO","HOBO","20793692_ch1",2026-05-01 15:53:57,39.55138671875,NA
"HOBO","HOBO","20793692_ch1",2026-05-01 15:54:57,39.765888671875,"hot"
"HOBO","HOBO","20793692_ch1",2026-05-01 15:55:57,39.937490234375,"hot"
"HOBO","HOBO","20793692_ch1",2026-05-01 15:56:57,40.23779296875,"hot"
"HOBO","HOBO","20793692_ch1",2026-05-01 15:57:57,40.40939453125,"hot"
"HOBO","HOBO","20793692_ch1",2026-05-01 15:58:57,40.40939453125,"hot"
"HOBO","HOBO","20793692_ch1",2026-05-01 15:59:57,40.40939453125,"hot"
"HOBO","HOBO","20793692_ch1",2026-05-01 16:00:57,40.40939453125,"hot"
"HOBO","HOBO","20793692_ch1",2026-05-01 16:01:57,40.452294921875,"hot"
"HOBO","HOBO","20793692_ch1",2026-05-01 16:02:57,40.40939453125,"hot"
"HOBO","HOBO","20793692_ch1",2026-05-01 16:03:57,40.40939453125,"hot"
"HOBO","HOBO","20793692_ch1",2026-05-01 16:04:57,40.366494140625,"hot"
"HOBO","HOBO","20793692_ch1",2026-05-01 16:05:57,40.32359375,"hot"
"HOBO","HOBO","20793692_ch1",2026-05-01 16:06:57,40.23779296875,"hot"
"HOBO","HOBO","20793692_ch1",2026-05-01 16:07:57,40.194892578125,"hot"
"HOBO","HOBO","20793692_ch1",2026-05-01 16:08:57,40.194892578125,"hot"
"HOBO","HOBO","20793692_ch1",2026-05-01 16:09:57,40.194892578125,"hot"
"HOBO","HOBO","20793692_ch1",2026-05-01 16:10:57,40.366494140625,"hot"
"HOBO","HOBO","20793692_ch1",2026-05-01 16:11:57,40.538095703125,"hot"
"HOBO","HOBO","20793692_ch1",2026-05-01 16:12:57,40.666796875,"hot"
"HOBO","HOBO","20793692_ch1",2026-05-01 16:13:57,40.795498046875,NA
"HOBO","HOBO","20793692_ch1",2026-05-01 16:14:57,41.310302734375,NA
"HOBO","HOBO","20793692_ch1",2026-05-01 16:15:57,41.396103515625,NA
"HOBO","HOBO","20793692_ch1",2026-05-01 16:16:57,41.26740234375,NA
"HOBO","HOBO","20793692_ch1",2026-05-01 16:17:57,41.310302734375,NA
"HOBO","HOBO","20793692_ch1",2026-05-01 16:18:57,41.1816015625,NA
"HOBO","HOBO","20793692_ch1",2026-05-01 16:19:57,41.138701171875,NA
"HOBO","HOBO","20793692_ch1",2026-05-01 16:20:57,41.052900390625,NA
"HOBO","HOBO","20793692_ch1",2026-05-01 16:21:57,40.967099609375,NA
"HOBO","HOBO","20793692_ch1",2026-05-01 16:22:57,40.8383984375,NA
"HOBO","HOBO","20793692_ch1",2026-05-01 16:23:57,40.795498046875,NA
"HOBO","HOBO","20793692_ch1",2026-05-01 16:24:57,40.75259765625,NA
"HOBO","HOBO","20793692_ch1",2026-05-01 16:25:57,40.58099609375,NA
"HOBO","HOBO","20793692_ch1",2026-05-01 16:26:57,40.452294921875,NA
"HOBO","HOBO","20793692_ch1",2026-05-01 16:27:57,40.452294921875,NA
"HOBO","HOBO","20793692_ch1",2026-05-01 16:28:57,40.280693359375,NA
"HOBO","HOBO","20793692_ch1",2026-05-01 16:29:57,40.1519921875,NA
"HOBO","HOBO","20793692_ch1",2026-05-01 16:30:57,40.06619140625,NA
"HOBO","HOBO","20793692_ch1",2026-05-01 16:31:57,37.83537109375,NA
"HOBO","HOBO","20793692_ch1",2026-05-01 16:32:57,29.684296875,NA
"HOBO","HOBO","20793692_ch1",2026-05-01 16:33:57,26.4238671875,NA
"HOBO","HOBO","20793692_ch1",2026-05-01 16:34:57,24.62205078125,NA
"HOBO","HOBO","20793692_ch1",2026-05-01 16:35:57,23.635341796875,NA
"HOBO","HOBO","20793692_ch1",2026-05-01 16:36:57,22.73443359375,NA
"HOBO","HOBO","20793692_ch1",2026-05-01 16:37:57,22.262529296875,NA
"HOBO","HOBO","20793692_ch1",2026-05-01 16:38:57,21.9622265625,NA
"HOBO","HOBO","20793692_ch1",2026-05-01 16:39:57,21.833525390625,NA
"HOBO","HOBO","20793692_ch1",2026-05-01 16:40:57,21.790625,NA
"HOBO","HOBO","20793692_ch1",2026-05-01 16:41:57,21.833525390625,NA
"HOBO","HOBO","20793692_ch1",2026-05-01 16:42:57,22.090927734375,NA
"HOBO","HOBO","20793692_ch1",2026-05-01 16:43:57,22.39123046875,NA
"HOBO","HOBO","20793692_ch1",2026-05-01 16:44:57,22.519931640625,NA
"HOBO","HOBO","20793692_ch1",2026-05-01 16:45:57,22.56283203125,NA
"HOBO","HOBO","20793692_ch1",2026-05-01 16:46:57,22.691533203125,NA
"HOBO","HOBO","20793692_ch1",2026-05-01 16:47:57,23.120537109375,NA
"HOBO","HOBO","20793692_ch1",2026-05-01 16:48:57,12.86734375,NA
"HOBO","HOBO","20793692_ch1",2026-05-01 16:49:57,3.9440625,NA
"HOBO","HOBO","20793692_ch1",2026-05-01 16:50:57,1.7132421875,NA
"HOBO","HOBO","20793692_ch1",2026-05-01 16:51:57,0.726533203125001,NA
"HOBO","HOBO","20793692_ch1",2026-05-01 16:52:57,0.59783203125,NA
"HOBO","HOBO","20793692_ch1",2026-05-01 16:53:57,0.51203125,NA
"HOBO","HOBO","20793692_ch1",2026-05-01 16:54:57,0.426230468749999,NA
"HOBO","HOBO","20793692_ch1",2026-05-01 16:55:57,0.254628906249998,NA
"HOBO","HOBO","20793692_ch1",2026-05-01 16:56:57,0.254628906249998,"ice"
"HOBO","HOBO","20793692_ch1",2026-05-01 16:57:57,0.254628906249998,"ice"
"HOBO","HOBO","20793692_ch1",2026-05-01 16:58:57,0.254628906249998,"ice"
"HOBO","HOBO","20793692_ch1",2026-05-01 16:59:57,0.254628906249998,"ice"
"HOBO","HOBO","20793692_ch1",2026-05-01 17:00:57,0.211728515624998,"ice"
"HOBO","HOBO","20793692_ch1",2026-05-01 17:01:57,0.254628906249998,"ice"
"HOBO","HOBO","20793692_ch1",2026-05-01 17:02:57,0.254628906249998,"ice"
"HOBO","HOBO","20793692_ch1",2026-05-01 17:03:57,0.254628906249998,"ice"
"HOBO","HOBO","20793692_ch1",2026-05-01 17:04:57,0.297529296874998,"ice"
"HOBO","HOBO","20793692_ch1",2026-05-01 17:05:57,0.211728515624998,"ice"
"HOBO","HOBO","20793692_ch1",2026-05-01 17:06:57,0.297529296874998,"ice"
"HOBO","HOBO","20793692_ch1",2026-05-01 17:07:57,0.254628906249998,"ice"
"HOBO","HOBO","20793692_ch1",2026-05-01 17:08:57,0.254628906249998,"ice"
"HOBO","HOBO","20793692_ch1",2026-05-01 17:09:57,0.254628906249998,"ice"
"HOBO","HOBO","20793692_ch1",2026-05-01 17:10:57,0.297529296874998,"ice"
"HOBO","HOBO","20793692_ch1",2026-05-01 17:11:57,0.254628906249998,NA
"HOBO","HOBO","20793692_ch1",2026-05-01 17:12:57,0.211728515624998,NA
"HOBO","HOBO","20793692_ch1",2026-05-01 17:13:57,0.254628906249998,NA
"HOBO","HOBO","20793692_ch1",2026-05-01 17:14:57,4.20146484375,NA
"HOBO","HOBO","20793692_ch1",2026-05-01 17:15:57,9.43531249999999,NA
"HOBO","HOBO","20793692_ch1",2026-05-01 17:16:57,12.09513671875,NA
"HOBO","HOBO","20793692_ch1",2026-05-01 17:17:57,13.854052734375,NA
"HOBO","HOBO","20793692_ch1",2026-05-01 17:18:57,15.055263671875,NA
"HOBO","HOBO","20793692_ch1",2026-05-01 17:19:57,15.913271484375,NA
"HOBO","HOBO","20793692_ch1",2026-05-01 17:20:57,16.55677734375,NA
"HOBO","HOBO","20793692_ch1",2026-05-01 17:21:57,17.028681640625,NA
"HOBO","HOBO","20793692_ch1",2026-05-01 17:22:57,17.328984375,NA
"HOBO","HOBO","20793692_ch1",2026-05-01 17:23:57,17.6721875,NA
"HOBO","HOBO","20793692_ch1",2026-05-01 17:24:57,17.92958984375,NA
"HOBO","HOBO","20793692_ch1",2026-05-01 17:25:57,18.27279296875,NA
"HOBO","HOBO","20793692_ch1",2026-05-01 17:26:57,18.487294921875,NA
"HOBO","HOBO","20793692_ch1",2026-05-01 17:27:57,18.744697265625,NA
"HOBO","HOBO","20793692_ch1",2026-05-01 17:28:57,19.13080078125,NA
"HOBO","HOBO","20793692_ch1",2026-05-01 17:29:57,19.345302734375,NA
"HOBO","HOBO","20793692_ch1",2026-05-01 17:30:57,19.5598046875,NA
"HOBO","HOBO","20793692_ch1",2026-05-01 17:31:57,19.860107421875,NA
"HOBO","HOBO","20793692_ch1",2026-05-01 17:32:57,20.074609375,NA
"HOBO","HOBO","20793692_ch1",2026-05-01 17:33:57,20.203310546875,NA
"HOBO","HOBO","20793692_ch1",2026-05-01 17:34:57,20.374912109375,NA
"HOBO","HOBO","20793692_ch1",2026-05-01 17:35:57,20.460712890625,NA
"HOBO","HOBO","20793692_ch1",2026-05-01 17:36:57,20.546513671875,NA
"HOBO","HOBO","20793692_ch1",2026-05-01 17:37:57,20.632314453125,NA
"HOBO","HOBO","20793692_ch1",2026-05-01 17:38:57,20.718115234375,NA
"HOBO","HOBO","20793692_ch1",2026-05-01 17:39:57,20.975517578125,NA
"HOBO","HOBO","20793692_ch1",2026-05-01 17:40:57,21.2758203125,NA
"HOBO","HOBO","20793692_ch1",2026-05-01 17:41:57,21.490322265625,NA
"HOBO","HOBO","20793692_ch1",2026-05-01 17:42:57,21.70482421875,NA
"HOBO","HOBO","20793692_ch1",2026-05-01 17:43:57,21.9622265625,NA
"HOBO","HOBO","20793692_ch1",2026-05-01 17:44:57,22.176728515625,NA
"HOBO","HOBO","20793692_ch1",2026-05-01 17:45:57,22.348330078125,NA
"HOBO","HOBO","20793692_ch1",2026-05-01 17:46:57,22.519931640625,NA
"HOBO","HOBO","20793692_ch1",2026-05-01 17:47:57,22.605732421875,NA
"HOBO","HOBO","20793692_ch1",2026-05-01 17:48:57,22.691533203125,NA
"HOBO","HOBO","20793692_ch1",2026-05-01 17:49:57,22.777333984375,NA
"HOBO","HOBO","20793692_ch1",2026-05-01 17:50:57,22.820234375,NA
"HOBO","HOBO","20793692_ch1",2026-05-01 17:51:57,22.820234375,NA
"HOBO","HOBO","20793692_ch1",2026-05-01 17:52:57,22.863134765625,NA
"HOBO","HOBO","20793692_ch1",2026-05-01 17:53:57,22.90603515625,NA
"HOBO","HOBO","20793692_ch1",2026-05-01 17:54:57,22.863134765625,NA
"HOBO","HOBO","20793692_ch1",2026-05-01 17:55:57,22.863134765625,NA
"HOBO","HOBO","20793692_ch1",2026-05-01 17:56:57,22.863134765625,NA
"HOBO","HOBO","20793692_ch1",2026-05-01 17:57:57,22.948935546875,NA
"HOBO","HOBO","20793692_ch1",2026-05-01 17:58:57,22.90603515625,NA
"HOBO","HOBO","20793692_ch1",2026-05-01 17:59:57,22.863134765625,NA
"HOBO","HOBO","20793692_ch1",2026-05-01 18:00:57,22.863134765625,NA
"HOBO","HOBO","20793692_ch1",2026-05-01 18:01:57,22.820234375,NA
"HOBO","HOBO","20793692_ch1",2026-05-01 18:02:57,22.73443359375,NA
"HOBO","HOBO","20793692_ch1",2026-05-01 18:03:57,22.691533203125,NA
"HOBO","HOBO","20793692_ch1",2026-05-01 18:04:57,22.6486328125,NA
"HOBO","HOBO","20793692_ch1",2026-05-01 18:05:57,22.605732421875,NA
"HOBO","HOBO","20793692_ch1",2026-05-01 18:06:57,22.605732421875,NA
"HOBO","HOBO","20793692_ch1",2026-05-01 18:07:57,22.56283203125,NA
"HOBO","HOBO","20793692_ch1",2026-05-01 18:08:57,22.519931640625,NA
"HOBO","HOBO","20793692_ch1",2026-05-01 18:09:57,22.519931640625,NA
"HOBO","HOBO","20793692_ch1",2026-05-01 18:10:57,22.519931640625,NA
"HOBO","HOBO","20793692_ch1",2026-05-01 18:11:57,22.47703125,NA
"HOBO","HOBO","20793692_ch1",2026-05-01 18:12:57,22.47703125,NA
"HOBO","HOBO","20793692_ch1",2026-05-01 18:13:57,22.47703125,NA
"HOBO","HOBO","20793692_ch1",2026-05-01 18:14:57,22.47703125,NA
"HOBO","HOBO","20793692_ch1",2026-05-01 18:15:57,22.47703125,NA
"HOBO","HOBO","20793692_ch1",2026-05-01 18:16:57,22.47703125,NA
"HOBO","HOBO","20793692_ch1",2026-05-01 18:17:57,22.47703125,NA
"HOBO","HOBO","20793692_ch1",2026-05-01 18:18:57,22.519931640625,NA
"HOBO","HOBO","20793692_ch1",2026-05-01 18:19:57,22.47703125,NA
"HOBO","HOBO","20793692_ch1",2026-05-01 18:20:57,22.47703125,NA
"HOBO","HOBO","20793692_ch1",2026-05-01 18:21:57,22.47703125,NA
"HOBO","HOBO","20793692_ch1",2026-05-01 18:22:57,22.47703125,NA
"HOBO","HOBO","20793692_ch1",2026-05-01 18:23:57,22.47703125,NA
"HOBO","HOBO","20793692_ch1",2026-05-01 18:24:57,22.47703125,NA
"HOBO","HOBO","20793692_ch1",2026-05-01 18:25:57,22.47703125,NA
"HOBO","HOBO","20793692_ch1",2026-05-01 18:26:57,22.519931640625,NA
"HOBO","HOBO","20793692_ch1",2026-05-01 18:27:57,22.519931640625,NA
"HOBO","HOBO","20793692_ch1",2026-05-01 18:28:57,22.519931640625,NA
"HOBO","HOBO","20793692_ch1",2026-05-01 18:29:57,22.47703125,NA
"HOBO","HOBO","20793692_ch1",2026-05-01 18:30:57,22.519931640625,NA
"HOBO","HOBO","20793692_ch1",2026-05-01 18:31:57,22.47703125,NA
"HOBO","HOBO","20793692_ch1",2026-05-01 18:32:57,22.47703125,NA
"HOBO","HOBO","20793692_ch1",2026-05-01 18:33:57,22.434130859375,NA
"HOBO","HOBO","20793692_ch1",2026-05-01 18:34:57,22.47703125,NA
"HOBO","HOBO","20793692_ch1",2026-05-01 18:35:57,22.47703125,NA
"HOBO","HOBO","20793692_ch1",2026-05-01 18:36:57,22.47703125,NA
"HOBO","HOBO","20793692_ch1",2026-05-01 18:37:57,22.47703125,NA
"HOBO","HOBO","20793692_ch1",2026-05-01 18:38:57,22.47703125,NA
"HOBO","HOBO","20793692_ch1",2026-05-01 18:39:57,22.47703125,NA
"HOBO","HOBO","20793692_ch1",2026-05-01 18:40:57,22.434130859375,NA
"HOBO","HOBO","20793692_ch1",2026-05-01 18:41:57,22.434130859375,NA
"HOBO","HOBO","20793692_ch1",2026-05-01 18:42:57,22.434130859375,NA
"HOBO","HOBO","20793692_ch1",2026-05-01 18:43:57,22.47703125,NA
"HOBO","HOBO","20793692_ch1",2026-05-01 18:44:57,22.519931640625,NA
"HOBO","HOBO","20793692_ch1",2026-05-01 18:45:57,22.519931640625,NA
"HOBO","HOBO","20793692_ch1",2026-05-01 18:46:57,22.519931640625,NA
"HOBO","HOBO","20793692_ch1",2026-05-01 18:47:57,22.47703125,NA
"HOBO","HOBO","20793692_ch1",2026-05-01 18:48:57,22.47703125,NA
"HOBO","HOBO","20793692_ch1",2026-05-01 18:49:57,22.47703125,NA
"HOBO","HOBO","20793692_ch1",2026-05-01 18:50:57,22.47703125,NA
"HOBO","HOBO","20793692_ch1",2026-05-01 18:51:57,22.47703125,NA
"HOBO","HOBO","20793692_ch1",2026-05-01 18:52:57,22.47703125,NA
"HOBO","HOBO","20793692_ch1",2026-05-01 18:53:57,22.434130859375,NA
"HOBO","HOBO","20793692_ch1",2026-05-01 18:54:57,22.434130859375,NA
"HOBO","HOBO","20793692_ch1",2026-05-01 18:55:57,22.39123046875,NA
"HOBO","HOBO","20793692_ch1",2026-05-01 18:56:57,22.47703125,NA
"HOBO","HOBO","20793692_ch1",2026-05-01 18:57:57,22.434130859375,NA
"HOBO","HOBO","20793692_ch1",2026-05-01 18:58:57,22.39123046875,NA
"HOBO","HOBO","20793692_ch1",2026-05-01 18:59:57,22.47703125,NA
"HOBO","HOBO","20793692_ch2",2026-05-01 15:33:57,25.522958984375,NA
"HOBO","HOBO","20793692_ch2",2026-05-01 15:34:57,25.179755859375,NA
"HOBO","HOBO","20793692_ch2",2026-05-01 15:35:57,24.79365234375,NA
"HOBO","HOBO","20793692_ch2",2026-05-01 15:36:57,25.565859375,NA
"HOBO","HOBO","20793692_ch2",2026-05-01 15:37:57,29.5126953125,NA
"HOBO","HOBO","20793692_ch2",2026-05-01 15:38:57,34.789443359375,NA
"HOBO","HOBO","20793692_ch2",2026-05-01 15:39:57,37.66376953125,NA
"HOBO","HOBO","20793692_ch2",2026-05-01 15:40:57,36.80576171875,NA
"HOBO","HOBO","20793692_ch2",2026-05-01 15:41:57,36.20515625,NA
"HOBO","HOBO","20793692_ch2",2026-05-01 15:42:57,37.706669921875,NA
"HOBO","HOBO","20793692_ch2",2026-05-01 15:43:57,38.307275390625,NA
"HOBO","HOBO","20793692_ch2",2026-05-01 15:44:57,38.478876953125,NA
"HOBO","HOBO","20793692_ch2",2026-05-01 15:45:57,38.650478515625,NA
"HOBO","HOBO","20793692_ch2",2026-05-01 15:46:57,38.736279296875,NA
"HOBO","HOBO","20793692_ch2",2026-05-01 15:47:57,39.293984375,NA
"HOBO","HOBO","20793692_ch2",2026-05-01 15:48:57,39.937490234375,NA
"HOBO","HOBO","20793692_ch2",2026-05-01 15:49:57,39.937490234375,NA
"HOBO","HOBO","20793692_ch2",2026-05-01 15:50:57,40.109091796875,NA
"HOBO","HOBO","20793692_ch2",2026-05-01 15:51:57,40.4951953125,NA
"HOBO","HOBO","20793692_ch2",2026-05-01 15:52:57,40.75259765625,NA
"HOBO","HOBO","20793692_ch2",2026-05-01 15:53:57,41.1816015625,NA
"HOBO","HOBO","20793692_ch2",2026-05-01 15:54:57,41.481904296875,"hot"
"HOBO","HOBO","20793692_ch2",2026-05-01 15:55:57,41.653505859375,"hot"
"HOBO","HOBO","20793692_ch2",2026-05-01 15:56:57,41.653505859375,"hot"
"HOBO","HOBO","20793692_ch2",2026-05-01 15:57:57,41.653505859375,"hot"
"HOBO","HOBO","20793692_ch2",2026-05-01 15:58:57,41.78220703125,"hot"
"HOBO","HOBO","20793692_ch2",2026-05-01 15:59:57,41.825107421875,"hot"
"HOBO","HOBO","20793692_ch2",2026-05-01 16:00:57,41.78220703125,"hot"
"HOBO","HOBO","20793692_ch2",2026-05-01 16:01:57,41.69640625,"hot"
"HOBO","HOBO","20793692_ch2",2026-05-01 16:02:57,41.69640625,"hot"
"HOBO","HOBO","20793692_ch2",2026-05-01 16:03:57,41.653505859375,"hot"
"HOBO","HOBO","20793692_ch2",2026-05-01 16:04:57,41.567705078125,"hot"
"HOBO","HOBO","20793692_ch2",2026-05-01 16:05:57,41.5248046875,"hot"
"HOBO","HOBO","20793692_ch2",2026-05-01 16:06:57,41.43900390625,"hot"
"HOBO","HOBO","20793692_ch2",2026-05-01 16:07:57,41.61060546875,"hot"
"HOBO","HOBO","20793692_ch2",2026-05-01 16:08:57,42.339912109375,"hot"
"HOBO","HOBO","20793692_ch2",2026-05-01 16:09:57,42.98341796875,"hot"
"HOBO","HOBO","20793692_ch2",2026-05-01 16:10:57,43.283720703125,"hot"
"HOBO","HOBO","20793692_ch2",2026-05-01 16:11:57,43.283720703125,"hot"
"HOBO","HOBO","20793692_ch2",2026-05-01 16:12:57,43.283720703125,"hot"
"HOBO","HOBO","20793692_ch2",2026-05-01 16:13:57,43.197919921875,NA
"HOBO","HOBO","20793692_ch2",2026-05-01 16:14:57,42.2112109375,NA
"HOBO","HOBO","20793692_ch2",2026-05-01 16:15:57,41.739306640625,NA
"HOBO","HOBO","20793692_ch2",2026-05-01 16:16:57,41.61060546875,NA
"HOBO","HOBO","20793692_ch2",2026-05-01 16:17:57,41.5248046875,NA
"HOBO","HOBO","20793692_ch2",2026-05-01 16:18:57,41.5248046875,NA
"HOBO","HOBO","20793692_ch2",2026-05-01 16:19:57,41.43900390625,NA
"HOBO","HOBO","20793692_ch2",2026-05-01 16:20:57,41.396103515625,NA
"HOBO","HOBO","20793692_ch2",2026-05-01 16:21:57,41.310302734375,NA
"HOBO","HOBO","20793692_ch2",2026-05-01 16:22:57,41.1816015625,NA
"HOBO","HOBO","20793692_ch2",2026-05-01 16:23:57,41.01,NA
"HOBO","HOBO","20793692_ch2",2026-05-01 16:24:57,40.967099609375,NA
"HOBO","HOBO","20793692_ch2",2026-05-01 16:25:57,40.881298828125,NA
"HOBO","HOBO","20793692_ch2",2026-05-01 16:26:57,40.709697265625,NA
"HOBO","HOBO","20793692_ch2",2026-05-01 16:27:57,40.666796875,NA
"HOBO","HOBO","20793692_ch2",2026-05-01 16:28:57,40.538095703125,NA
"HOBO","HOBO","20793692_ch2",2026-05-01 16:29:57,40.40939453125,NA
"HOBO","HOBO","20793692_ch2",2026-05-01 16:30:57,40.280693359375,NA
"HOBO","HOBO","20793692_ch2",2026-05-01 16:31:57,36.80576171875,NA
"HOBO","HOBO","20793692_ch2",2026-05-01 16:32:57,26.252265625,NA
"HOBO","HOBO","20793692_ch2",2026-05-01 16:33:57,23.42083984375,NA
"HOBO","HOBO","20793692_ch2",2026-05-01 16:34:57,21.833525390625,NA
"HOBO","HOBO","20793692_ch2",2026-05-01 16:35:57,21.01841796875,NA
"HOBO","HOBO","20793692_ch2",2026-05-01 16:36:57,20.718115234375,NA
"HOBO","HOBO","20793692_ch2",2026-05-01 16:37:57,20.632314453125,NA
"HOBO","HOBO","20793692_ch2",2026-05-01 16:38:57,20.5894140625,NA
"HOBO","HOBO","20793692_ch2",2026-05-01 16:39:57,20.632314453125,NA
"HOBO","HOBO","20793692_ch2",2026-05-01 16:40:57,20.718115234375,NA
"HOBO","HOBO","20793692_ch2",2026-05-01 16:41:57,20.761015625,NA
"HOBO","HOBO","20793692_ch2",2026-05-01 16:42:57,21.318720703125,NA
"HOBO","HOBO","20793692_ch2",2026-05-01 16:43:57,21.447421875,NA
"HOBO","HOBO","20793692_ch2",2026-05-01 16:44:57,21.53322265625,NA
"HOBO","HOBO","20793692_ch2",2026-05-01 16:45:57,21.53322265625,NA
"HOBO","HOBO","20793692_ch2",2026-05-01 16:46:57,21.70482421875,NA
"HOBO","HOBO","20793692_ch2",2026-05-01 16:47:57,22.133828125,NA
"HOBO","HOBO","20793692_ch2",2026-05-01 16:48:57,4.501767578125,NA
"HOBO","HOBO","20793692_ch2",2026-05-01 16:49:57,2.7428515625,NA
"HOBO","HOBO","20793692_ch2",2026-05-01 16:50:57,2.614150390625,NA
"HOBO","HOBO","20793692_ch2",2026-05-01 16:51:57,2.228046875,NA
"HOBO","HOBO","20793692_ch2",2026-05-01 16:52:57,2.013544921875,NA
"HOBO","HOBO","20793692_ch2",2026-05-01 16:53:57,1.88484375,NA
"HOBO","HOBO","20793692_ch2",2026-05-01 16:54:57,1.45583984375,NA
"HOBO","HOBO","20793692_ch2",2026-05-01 16:55:57,1.327138671875,NA
"HOBO","HOBO","20793692_ch2",2026-05-01 16:56:57,1.1984375,"ice"
"HOBO","HOBO","20793692_ch2",2026-05-01 16:57:57,1.069736328125,"ice"
"HOBO","HOBO","20793692_ch2",2026-05-01 16:58:57,0.941035156249995,"ice"
"HOBO","HOBO","20793692_ch2",2026-05-01 16:59:57,0.898134765624995,"ice"
"HOBO","HOBO","20793692_ch2",2026-05-01 17:00:57,0.855234374999995,"ice"
"HOBO","HOBO","20793692_ch2",2026-05-01 17:01:57,0.812333984375002,"ice"
"HOBO","HOBO","20793692_ch2",2026-05-01 17:02:57,0.769433593750001,"ice"
"HOBO","HOBO","20793692_ch2",2026-05-01 17:03:57,0.812333984375002,"ice"
"HOBO","HOBO","20793692_ch2",2026-05-01 17:04:57,0.769433593750001,"ice"
"HOBO","HOBO","20793692_ch2",2026-05-01 17:05:57,0.769433593750001,"ice"
"HOBO","HOBO","20793692_ch2",2026-05-01 17:06:57,0.812333984375002,"ice"
"HOBO","HOBO","20793692_ch2",2026-05-01 17:07:57,0.769433593750001,"ice"
"HOBO","HOBO","20793692_ch2",2026-05-01 17:08:57,0.812333984375002,"ice"
"HOBO","HOBO","20793692_ch2",2026-05-01 17:09:57,0.769433593750001,"ice"
"HOBO","HOBO","20793692_ch2",2026-05-01 17:10:57,0.812333984375002,"ice"
"HOBO","HOBO","20793692_ch2",2026-05-01 17:11:57,0.769433593750001,NA
"HOBO","HOBO","20793692_ch2",2026-05-01 17:12:57,0.812333984375002,NA
"HOBO","HOBO","20793692_ch2",2026-05-01 17:13:57,0.812333984375002,NA
"HOBO","HOBO","20793692_ch2",2026-05-01 17:14:57,3.25765625,NA
"HOBO","HOBO","20793692_ch2",2026-05-01 17:15:57,8.2341015625,NA
"HOBO","HOBO","20793692_ch2",2026-05-01 17:16:57,10.765224609375,NA
"HOBO","HOBO","20793692_ch2",2026-05-01 17:17:57,12.3525390625,NA
"HOBO","HOBO","20793692_ch2",2026-05-01 17:18:57,13.3821484375,NA
"HOBO","HOBO","20793692_ch2",2026-05-01 17:19:57,14.15435546875,NA
"HOBO","HOBO","20793692_ch2",2026-05-01 17:20:57,14.797861328125,NA
"HOBO","HOBO","20793692_ch2",2026-05-01 17:21:57,15.226865234375,NA
"HOBO","HOBO","20793692_ch2",2026-05-01 17:22:57,15.69876953125,NA
"HOBO","HOBO","20793692_ch2",2026-05-01 17:23:57,16.1277734375,NA
"HOBO","HOBO","20793692_ch2",2026-05-01 17:24:57,16.428076171875,NA
"HOBO","HOBO","20793692_ch2",2026-05-01 17:25:57,16.642578125,NA
"HOBO","HOBO","20793692_ch2",2026-05-01 17:26:57,16.89998046875,NA
"HOBO","HOBO","20793692_ch2",2026-05-01 17:27:57,17.1573828125,NA
"HOBO","HOBO","20793692_ch2",2026-05-01 17:28:57,17.328984375,NA
"HOBO","HOBO","20793692_ch2",2026-05-01 17:29:57,17.5005859375,NA
"HOBO","HOBO","20793692_ch2",2026-05-01 17:30:57,17.715087890625,NA
"HOBO","HOBO","20793692_ch2",2026-05-01 17:31:57,17.886689453125,NA
"HOBO","HOBO","20793692_ch2",2026-05-01 17:32:57,18.015390625,NA
"HOBO","HOBO","20793692_ch2",2026-05-01 17:33:57,18.144091796875,NA
"HOBO","HOBO","20793692_ch2",2026-05-01 17:34:57,18.229892578125,NA
"HOBO","HOBO","20793692_ch2",2026-05-01 17:35:57,18.315693359375,NA
"HOBO","HOBO","20793692_ch2",2026-05-01 17:36:57,18.44439453125,NA
"HOBO","HOBO","20793692_ch2",2026-05-01 17:37:57,18.487294921875,NA
"HOBO","HOBO","20793692_ch2",2026-05-01 17:38:57,18.5301953125,NA
"HOBO","HOBO","20793692_ch2",2026-05-01 17:39:57,18.658896484375,NA
"HOBO","HOBO","20793692_ch2",2026-05-01 17:40:57,18.744697265625,NA
"HOBO","HOBO","20793692_ch2",2026-05-01 17:41:57,18.830498046875,NA
"HOBO","HOBO","20793692_ch2",2026-05-01 17:42:57,18.916298828125,NA
"HOBO","HOBO","20793692_ch2",2026-05-01 17:43:57,18.95919921875,NA
"HOBO","HOBO","20793692_ch2",2026-05-01 17:44:57,19.002099609375,NA
"HOBO","HOBO","20793692_ch2",2026-05-01 17:45:57,19.045,NA
"HOBO","HOBO","20793692_ch2",2026-05-01 17:46:57,19.13080078125,NA
"HOBO","HOBO","20793692_ch2",2026-05-01 17:47:57,19.2166015625,NA
"HOBO","HOBO","20793692_ch2",2026-05-01 17:48:57,19.30240234375,NA
"HOBO","HOBO","20793692_ch2",2026-05-01 17:49:57,19.345302734375,NA
"HOBO","HOBO","20793692_ch2",2026-05-01 17:50:57,19.388203125,NA
"HOBO","HOBO","20793692_ch2",2026-05-01 17:51:57,19.431103515625,NA
"HOBO","HOBO","20793692_ch2",2026-05-01 17:52:57,19.47400390625,NA
"HOBO","HOBO","20793692_ch2",2026-05-01 17:53:57,19.516904296875,NA
"HOBO","HOBO","20793692_ch2",2026-05-01 17:54:57,19.5598046875,NA
"HOBO","HOBO","20793692_ch2",2026-05-01 17:55:57,19.64560546875,NA
"HOBO","HOBO","20793692_ch2",2026-05-01 17:56:57,19.688505859375,NA
"HOBO","HOBO","20793692_ch2",2026-05-01 17:57:57,19.688505859375,NA
"HOBO","HOBO","20793692_ch2",2026-05-01 17:58:57,19.81720703125,NA
"HOBO","HOBO","20793692_ch2",2026-05-01 17:59:57,19.774306640625,NA
"HOBO","HOBO","20793692_ch2",2026-05-01 18:00:57,19.81720703125,NA
"HOBO","HOBO","20793692_ch2",2026-05-01 18:01:57,19.81720703125,NA
"HOBO","HOBO","20793692_ch2",2026-05-01 18:02:57,19.73140625,NA
"HOBO","HOBO","20793692_ch2",2026-05-01 18:03:57,19.73140625,NA
"HOBO","HOBO","20793692_ch2",2026-05-01 18:04:57,19.688505859375,NA
"HOBO","HOBO","20793692_ch2",2026-05-01 18:05:57,19.73140625,NA
"HOBO","HOBO","20793692_ch2",2026-05-01 18:06:57,19.688505859375,NA
"HOBO","HOBO","20793692_ch2",2026-05-01 18:07:57,19.73140625,NA
"HOBO","HOBO","20793692_ch2",2026-05-01 18:08:57,19.73140625,NA
"HOBO","HOBO","20793692_ch2",2026-05-01 18:09:57,19.73140625,NA
"HOBO","HOBO","20793692_ch2",2026-05-01 18:10:57,19.81720703125,NA
"HOBO","HOBO","20793692_ch2",2026-05-01 18:11:57,19.860107421875,NA
"HOBO","HOBO","20793692_ch2",2026-05-01 18:12:57,19.860107421875,NA
"HOBO","HOBO","20793692_ch2",2026-05-01 18:13:57,19.9030078125,NA
"HOBO","HOBO","20793692_ch2",2026-05-01 18:14:57,19.945908203125,NA
"HOBO","HOBO","20793692_ch2",2026-05-01 18:15:57,20.031708984375,NA
"HOBO","HOBO","20793692_ch2",2026-05-01 18:16:57,19.98880859375,NA
"HOBO","HOBO","20793692_ch2",2026-05-01 18:17:57,20.031708984375,NA
"HOBO","HOBO","20793692_ch2",2026-05-01 18:18:57,20.031708984375,NA
"HOBO","HOBO","20793692_ch2",2026-05-01 18:19:57,20.074609375,NA
"HOBO","HOBO","20793692_ch2",2026-05-01 18:20:57,20.16041015625,NA
"HOBO","HOBO","20793692_ch2",2026-05-01 18:21:57,20.203310546875,NA
"HOBO","HOBO","20793692_ch2",2026-05-01 18:22:57,20.2462109375,NA
"HOBO","HOBO","20793692_ch2",2026-05-01 18:23:57,20.33201171875,NA
"HOBO","HOBO","20793692_ch2",2026-05-01 18:24:57,20.460712890625,NA
"HOBO","HOBO","20793692_ch2",2026-05-01 18:25:57,20.546513671875,NA
"HOBO","HOBO","20793692_ch2",2026-05-01 18:26:57,20.546513671875,NA
"HOBO","HOBO","20793692_ch2",2026-05-01 18:27:57,20.67521484375,NA
"HOBO","HOBO","20793692_ch2",2026-05-01 18:28:57,20.718115234375,NA
"HOBO","HOBO","20793692_ch2",2026-05-01 18:29:57,20.803916015625,NA
"HOBO","HOBO","20793692_ch2",2026-05-01 18:30:57,20.889716796875,NA
"HOBO","HOBO","20793692_ch2",2026-05-01 18:31:57,20.9326171875,NA
"HOBO","HOBO","20793692_ch2",2026-05-01 18:32:57,21.01841796875,NA
"HOBO","HOBO","20793692_ch2",2026-05-01 18:33:57,21.061318359375,NA
"HOBO","HOBO","20793692_ch2",2026-05-01 18:34:57,21.10421875,NA
"HOBO","HOBO","20793692_ch2",2026-05-01 18:35:57,21.147119140625,NA
"HOBO","HOBO","20793692_ch2",2026-05-01 18:36:57,21.232919921875,NA
"HOBO","HOBO","20793692_ch2",2026-05-01 18:37:57,21.232919921875,NA
"HOBO","HOBO","20793692_ch2",2026-05-01 18:38:57,21.232919921875,NA
"HOBO","HOBO","20793692_ch2",2026-05-01 18:39:57,21.318720703125,NA
"HOBO","HOBO","20793692_ch2",2026-05-01 18:40:57,21.36162109375,NA
"HOBO","HOBO","20793692_ch2",2026-05-01 18:41:57,21.447421875,NA
"HOBO","HOBO","20793692_ch2",2026-05-01 18:42:57,21.53322265625,NA
"HOBO","HOBO","20793692_ch2",2026-05-01 18:43:57,21.53322265625,NA
"HOBO","HOBO","20793692_ch2",2026-05-01 18:44:57,21.576123046875,NA
"HOBO","HOBO","20793692_ch2",2026-05-01 18:45:57,21.576123046875,NA
"HOBO","HOBO","20793692_ch2",2026-05-01 18:46:57,21.661923828125,NA
"HOBO","HOBO","20793692_ch2",2026-05-01 18:47:57,21.661923828125,NA
"HOBO","HOBO","20793692_ch2",2026-05-01 18:48:57,21.70482421875,NA
"HOBO","HOBO","20793692_ch2",2026-05-01 18:49:57,21.661923828125,NA
"HOBO","HOBO","20793692_ch2",2026-05-01 18:50:57,21.747724609375,NA
"HOBO","HOBO","20793692_ch2",2026-05-01 18:51:57,21.70482421875,NA
"HOBO","HOBO","20793692_ch2",2026-05-01 18:52:57,21.747724609375,NA
"HOBO","HOBO","20793692_ch2",2026-05-01 18:53:57,21.790625,NA
"HOBO","HOBO","20793692_ch2",2026-05-01 18:54:57,21.833525390625,NA
"HOBO","HOBO","20793692_ch2",2026-05-01 18:55:57,21.87642578125,NA
"HOBO","HOBO","20793692_ch2",2026-05-01 18:56:57,21.919326171875,NA
"HOBO","HOBO","20793692_ch2",2026-05-01 18:57:57,21.9622265625,NA
"HOBO","HOBO","20793692_ch2",2026-05-01 18:58:57,22.005126953125,NA
"HOBO","HOBO","20793692_ch2",2026-05-01 18:59:57,22.090927734375,NA
"HOBO","HOBO","20793695_ch1",2026-05-01 15:34:55,23.84984375,NA
"HOBO","HOBO","20793695_ch1",2026-05-01 15:35:55,23.806943359375,NA
"HOBO","HOBO","20793695_ch1",2026-05-01 15:36:55,24.45044921875,NA
"HOBO","HOBO","20793695_ch1",2026-05-01 15:37:55,32.6015234375,NA
"HOBO","HOBO","20793695_ch1",2026-05-01 15:38:55,34.703642578125,NA
"HOBO","HOBO","20793695_ch1",2026-05-01 15:39:55,34.57494140625,NA
"HOBO","HOBO","20793695_ch1",2026-05-01 15:40:55,35.218447265625,NA
"HOBO","HOBO","20793695_ch1",2026-05-01 15:41:55,33.802734375,NA
"HOBO","HOBO","20793695_ch1",2026-05-01 15:42:55,34.274638671875,NA
"HOBO","HOBO","20793695_ch1",2026-05-01 15:43:55,34.83234375,NA
"HOBO","HOBO","20793695_ch1",2026-05-01 15:44:55,35.132646484375,NA
"HOBO","HOBO","20793695_ch1",2026-05-01 15:45:55,35.3471484375,NA
"HOBO","HOBO","20793695_ch1",2026-05-01 15:46:55,38.564677734375,NA
"HOBO","HOBO","20793695_ch1",2026-05-01 15:47:55,38.17857421875,NA
"HOBO","HOBO","20793695_ch1",2026-05-01 15:48:55,38.0927734375,NA
"HOBO","HOBO","20793695_ch1",2026-05-01 15:49:55,38.135673828125,NA
"HOBO","HOBO","20793695_ch1",2026-05-01 15:50:55,38.307275390625,NA
"HOBO","HOBO","20793695_ch1",2026-05-01 15:51:55,38.607578125,NA
"HOBO","HOBO","20793695_ch1",2026-05-01 15:52:55,39.079482421875,NA
"HOBO","HOBO","20793695_ch1",2026-05-01 15:53:55,39.293984375,NA
"HOBO","HOBO","20793695_ch1",2026-05-01 15:54:55,39.508486328125,"hot"
"HOBO","HOBO","20793695_ch1",2026-05-01 15:55:55,39.680087890625,"hot"
"HOBO","HOBO","20793695_ch1",2026-05-01 15:56:55,39.89458984375,"hot"
"HOBO","HOBO","20793695_ch1",2026-05-01 15:57:55,40.280693359375,"hot"
"HOBO","HOBO","20793695_ch1",2026-05-01 15:58:55,40.40939453125,"hot"
"HOBO","HOBO","20793695_ch1",2026-05-01 15:59:55,40.366494140625,"hot"
"HOBO","HOBO","20793695_ch1",2026-05-01 16:00:55,40.366494140625,"hot"
"HOBO","HOBO","20793695_ch1",2026-05-01 16:01:55,40.366494140625,"hot"
"HOBO","HOBO","20793695_ch1",2026-05-01 16:02:55,40.32359375,"hot"
"HOBO","HOBO","20793695_ch1",2026-05-01 16:03:55,40.23779296875,"hot"
"HOBO","HOBO","20793695_ch1",2026-05-01 16:04:55,40.23779296875,"hot"
"HOBO","HOBO","20793695_ch1",2026-05-01 16:05:55,40.1519921875,"hot"
"HOBO","HOBO","20793695_ch1",2026-05-01 16:06:55,40.06619140625,"hot"
"HOBO","HOBO","20793695_ch1",2026-05-01 16:07:55,40.023291015625,"hot"
"HOBO","HOBO","20793695_ch1",2026-05-01 16:08:55,40.1519921875,"hot"
"HOBO","HOBO","20793695_ch1",2026-05-01 16:09:55,40.366494140625,"hot"
"HOBO","HOBO","20793695_ch1",2026-05-01 16:10:55,40.452294921875,"hot"
"HOBO","HOBO","20793695_ch1",2026-05-01 16:11:55,40.58099609375,"hot"
"HOBO","HOBO","20793695_ch1",2026-05-01 16:12:55,40.666796875,"hot"
"HOBO","HOBO","20793695_ch1",2026-05-01 16:13:55,40.709697265625,NA
"HOBO","HOBO","20793695_ch1",2026-05-01 16:14:55,41.224501953125,NA
"HOBO","HOBO","20793695_ch1",2026-05-01 16:15:55,41.224501953125,NA
"HOBO","HOBO","20793695_ch1",2026-05-01 16:16:55,41.396103515625,NA
"HOBO","HOBO","20793695_ch1",2026-05-01 16:17:55,41.353203125,NA
"HOBO","HOBO","20793695_ch1",2026-05-01 16:18:55,41.310302734375,NA
"HOBO","HOBO","20793695_ch1",2026-05-01 16:19:55,41.310302734375,NA
"HOBO","HOBO","20793695_ch1",2026-05-01 16:20:55,41.26740234375,NA
"HOBO","HOBO","20793695_ch1",2026-05-01 16:21:55,41.138701171875,NA
"HOBO","HOBO","20793695_ch1",2026-05-01 16:22:55,41.052900390625,NA
"HOBO","HOBO","20793695_ch1",2026-05-01 16:23:55,41.052900390625,NA
"HOBO","HOBO","20793695_ch1",2026-05-01 16:24:55,41.01,NA
"HOBO","HOBO","20793695_ch1",2026-05-01 16:25:55,40.92419921875,NA
"HOBO","HOBO","20793695_ch1",2026-05-01 16:26:55,40.666796875,NA
"HOBO","HOBO","20793695_ch1",2026-05-01 16:27:55,40.623896484375,NA
"HOBO","HOBO","20793695_ch1",2026-05-01 16:28:55,40.452294921875,NA
"HOBO","HOBO","20793695_ch1",2026-05-01 16:29:55,40.32359375,NA
"HOBO","HOBO","20793695_ch1",2026-05-01 16:30:55,40.23779296875,NA
"HOBO","HOBO","20793695_ch1",2026-05-01 16:31:55,38.264375,NA
"HOBO","HOBO","20793695_ch1",2026-05-01 16:32:55,27.238974609375,NA
"HOBO","HOBO","20793695_ch1",2026-05-01 16:33:55,23.76404296875,NA
"HOBO","HOBO","20793695_ch1",2026-05-01 16:34:55,21.919326171875,NA
"HOBO","HOBO","20793695_ch1",2026-05-01 16:35:55,20.9326171875,NA
"HOBO","HOBO","20793695_ch1",2026-05-01 16:36:55,20.4178125,NA
"HOBO","HOBO","20793695_ch1",2026-05-01 16:37:55,20.203310546875,NA
"HOBO","HOBO","20793695_ch1",2026-05-01 16:38:55,20.074609375,NA
"HOBO","HOBO","20793695_ch1",2026-05-01 16:39:55,20.16041015625,NA
"HOBO","HOBO","20793695_ch1",2026-05-01 16:40:55,20.031708984375,NA
"HOBO","HOBO","20793695_ch1",2026-05-01 16:41:55,19.98880859375,NA
"HOBO","HOBO","20793695_ch1",2026-05-01 16:42:55,20.761015625,NA
"HOBO","HOBO","20793695_ch1",2026-05-01 16:43:55,21.318720703125,NA
"HOBO","HOBO","20793695_ch1",2026-05-01 16:44:55,21.70482421875,NA
"HOBO","HOBO","20793695_ch1",2026-05-01 16:45:55,21.919326171875,NA
"HOBO","HOBO","20793695_ch1",2026-05-01 16:46:55,22.3054296875,NA
"HOBO","HOBO","20793695_ch1",2026-05-01 16:47:55,22.56283203125,NA
"HOBO","HOBO","20793695_ch1",2026-05-01 16:48:55,3.043154296875,NA
"HOBO","HOBO","20793695_ch1",2026-05-01 16:49:55,1.327138671875,NA
"HOBO","HOBO","20793695_ch1",2026-05-01 16:50:55,1.498740234375,NA
"HOBO","HOBO","20793695_ch1",2026-05-01 16:51:55,1.584541015625,NA
"HOBO","HOBO","20793695_ch1",2026-05-01 16:52:55,1.62744140625,NA
"HOBO","HOBO","20793695_ch1",2026-05-01 16:53:55,1.670341796875,NA
"HOBO","HOBO","20793695_ch1",2026-05-01 16:54:55,1.11263671875,NA
"HOBO","HOBO","20793695_ch1",2026-05-01 16:55:55,1.0268359375,NA
"HOBO","HOBO","20793695_ch1",2026-05-01 16:56:55,0.941035156249995,"ice"
"HOBO","HOBO","20793695_ch1",2026-05-01 16:57:55,0.983935546874996,"ice"
"HOBO","HOBO","20793695_ch1",2026-05-01 16:58:55,0.898134765624995,"ice"
"HOBO","HOBO","20793695_ch1",2026-05-01 16:59:55,0.855234374999995,"ice"
"HOBO","HOBO","20793695_ch1",2026-05-01 17:00:55,0.855234374999995,"ice"
"HOBO","HOBO","20793695_ch1",2026-05-01 17:01:55,0.812333984375002,"ice"
"HOBO","HOBO","20793695_ch1",2026-05-01 17:02:55,0.812333984375002,"ice"
"HOBO","HOBO","20793695_ch1",2026-05-01 17:03:55,0.812333984375002,"ice"
"HOBO","HOBO","20793695_ch1",2026-05-01 17:04:55,0.812333984375002,"ice"
"HOBO","HOBO","20793695_ch1",2026-05-01 17:05:55,0.812333984375002,"ice"
"HOBO","HOBO","20793695_ch1",2026-05-01 17:06:55,0.812333984375002,"ice"
"HOBO","HOBO","20793695_ch1",2026-05-01 17:07:55,0.812333984375002,"ice"
"HOBO","HOBO","20793695_ch1",2026-05-01 17:08:55,0.812333984375002,"ice"
"HOBO","HOBO","20793695_ch1",2026-05-01 17:09:55,0.812333984375002,"ice"
"HOBO","HOBO","20793695_ch1",2026-05-01 17:10:55,0.855234374999995,"ice"
"HOBO","HOBO","20793695_ch1",2026-05-01 17:11:55,0.855234374999995,NA
"HOBO","HOBO","20793695_ch1",2026-05-01 17:12:55,0.812333984375002,NA
"HOBO","HOBO","20793695_ch1",2026-05-01 17:13:55,0.812333984375002,NA
"HOBO","HOBO","20793695_ch1",2026-05-01 17:14:55,2.14224609375,NA
"HOBO","HOBO","20793695_ch1",2026-05-01 17:15:55,6.6896875,NA
"HOBO","HOBO","20793695_ch1",2026-05-01 17:16:55,9.135009765625,NA
"HOBO","HOBO","20793695_ch1",2026-05-01 17:17:55,10.765224609375,NA
"HOBO","HOBO","20793695_ch1",2026-05-01 17:18:55,12.0093359375,NA
"HOBO","HOBO","20793695_ch1",2026-05-01 17:19:55,12.95314453125,NA
"HOBO","HOBO","20793695_ch1",2026-05-01 17:20:55,13.81115234375,NA
"HOBO","HOBO","20793695_ch1",2026-05-01 17:21:55,14.368857421875,NA
"HOBO","HOBO","20793695_ch1",2026-05-01 17:22:55,14.883662109375,NA
"HOBO","HOBO","20793695_ch1",2026-05-01 17:23:55,15.35556640625,NA
"HOBO","HOBO","20793695_ch1",2026-05-01 17:24:55,15.741669921875,NA
"HOBO","HOBO","20793695_ch1",2026-05-01 17:25:55,16.084873046875,NA
"HOBO","HOBO","20793695_ch1",2026-05-01 17:26:55,16.4709765625,NA
"HOBO","HOBO","20793695_ch1",2026-05-01 17:27:55,16.771279296875,NA
"HOBO","HOBO","20793695_ch1",2026-05-01 17:28:55,16.942880859375,NA
"HOBO","HOBO","20793695_ch1",2026-05-01 17:29:55,17.1573828125,NA
"HOBO","HOBO","20793695_ch1",2026-05-01 17:30:55,17.286083984375,NA
"HOBO","HOBO","20793695_ch1",2026-05-01 17:31:55,17.41478515625,NA
"HOBO","HOBO","20793695_ch1",2026-05-01 17:32:55,17.58638671875,NA
"HOBO","HOBO","20793695_ch1",2026-05-01 17:33:55,17.715087890625,NA
"HOBO","HOBO","20793695_ch1",2026-05-01 17:34:55,17.8437890625,NA
"HOBO","HOBO","20793695_ch1",2026-05-01 17:35:55,18.015390625,NA
"HOBO","HOBO","20793695_ch1",2026-05-01 17:36:55,18.058291015625,NA
"HOBO","HOBO","20793695_ch1",2026-05-01 17:37:55,18.144091796875,NA
"HOBO","HOBO","20793695_ch1",2026-05-01 17:38:55,18.1869921875,NA
"HOBO","HOBO","20793695_ch1",2026-05-01 17:39:55,18.1869921875,NA
"HOBO","HOBO","20793695_ch1",2026-05-01 17:40:55,18.27279296875,NA
"HOBO","HOBO","20793695_ch1",2026-05-01 17:41:55,18.315693359375,NA
"HOBO","HOBO","20793695_ch1",2026-05-01 17:42:55,18.35859375,NA
"HOBO","HOBO","20793695_ch1",2026-05-01 17:43:55,18.35859375,NA
"HOBO","HOBO","20793695_ch1",2026-05-01 17:44:55,18.44439453125,NA
"HOBO","HOBO","20793695_ch1",2026-05-01 17:45:55,18.44439453125,NA
"HOBO","HOBO","20793695_ch1",2026-05-01 17:46:55,18.44439453125,NA
"HOBO","HOBO","20793695_ch1",2026-05-01 17:47:55,18.487294921875,NA
"HOBO","HOBO","20793695_ch1",2026-05-01 17:48:55,18.487294921875,NA
"HOBO","HOBO","20793695_ch1",2026-05-01 17:49:55,18.487294921875,NA
"HOBO","HOBO","20793695_ch1",2026-05-01 17:50:55,18.5301953125,NA
"HOBO","HOBO","20793695_ch1",2026-05-01 17:51:55,18.573095703125,NA
"HOBO","HOBO","20793695_ch1",2026-05-01 17:52:55,18.61599609375,NA
"HOBO","HOBO","20793695_ch1",2026-05-01 17:53:55,18.658896484375,NA
"HOBO","HOBO","20793695_ch1",2026-05-01 17:54:55,18.701796875,NA
"HOBO","HOBO","20793695_ch1",2026-05-01 17:55:55,18.744697265625,NA
"HOBO","HOBO","20793695_ch1",2026-05-01 17:56:55,18.744697265625,NA
"HOBO","HOBO","20793695_ch1",2026-05-01 17:57:55,18.744697265625,NA
"HOBO","HOBO","20793695_ch1",2026-05-01 17:58:55,18.78759765625,NA
"HOBO","HOBO","20793695_ch1",2026-05-01 17:59:55,18.830498046875,NA
"HOBO","HOBO","20793695_ch1",2026-05-01 18:00:55,18.830498046875,NA
"HOBO","HOBO","20793695_ch1",2026-05-01 18:01:55,18.830498046875,NA
"HOBO","HOBO","20793695_ch1",2026-05-01 18:02:55,18.78759765625,NA
"HOBO","HOBO","20793695_ch1",2026-05-01 18:03:55,18.78759765625,NA
"HOBO","HOBO","20793695_ch1",2026-05-01 18:04:55,18.8733984375,NA
"HOBO","HOBO","20793695_ch1",2026-05-01 18:05:55,18.830498046875,NA
"HOBO","HOBO","20793695_ch1",2026-05-01 18:06:55,18.8733984375,NA
"HOBO","HOBO","20793695_ch1",2026-05-01 18:07:55,18.830498046875,NA
"HOBO","HOBO","20793695_ch1",2026-05-01 18:08:55,18.8733984375,NA
"HOBO","HOBO","20793695_ch1",2026-05-01 18:09:55,18.8733984375,NA
"HOBO","HOBO","20793695_ch1",2026-05-01 18:10:55,18.916298828125,NA
"HOBO","HOBO","20793695_ch1",2026-05-01 18:11:55,18.95919921875,NA
"HOBO","HOBO","20793695_ch1",2026-05-01 18:12:55,19.087900390625,NA
"HOBO","HOBO","20793695_ch1",2026-05-01 18:13:55,19.087900390625,NA
"HOBO","HOBO","20793695_ch1",2026-05-01 18:14:55,19.259501953125,NA
"HOBO","HOBO","20793695_ch1",2026-05-01 18:15:55,19.30240234375,NA
"HOBO","HOBO","20793695_ch1",2026-05-01 18:16:55,19.345302734375,NA
"HOBO","HOBO","20793695_ch1",2026-05-01 18:17:55,19.47400390625,NA
"HOBO","HOBO","20793695_ch1",2026-05-01 18:18:55,19.431103515625,NA
"HOBO","HOBO","20793695_ch1",2026-05-01 18:19:55,19.5598046875,NA
"HOBO","HOBO","20793695_ch1",2026-05-01 18:20:55,19.774306640625,NA
"HOBO","HOBO","20793695_ch1",2026-05-01 18:21:55,19.9030078125,NA
"HOBO","HOBO","20793695_ch1",2026-05-01 18:22:55,20.031708984375,NA
"HOBO","HOBO","20793695_ch1",2026-05-01 18:23:55,20.117509765625,NA
"HOBO","HOBO","20793695_ch1",2026-05-01 18:24:55,20.2462109375,NA
"HOBO","HOBO","20793695_ch1",2026-05-01 18:25:55,20.33201171875,NA
"HOBO","HOBO","20793695_ch1",2026-05-01 18:26:55,20.4178125,NA
"HOBO","HOBO","20793695_ch1",2026-05-01 18:27:55,20.546513671875,NA
"HOBO","HOBO","20793695_ch1",2026-05-01 18:28:55,20.718115234375,NA
"HOBO","HOBO","20793695_ch1",2026-05-01 18:29:55,21.147119140625,NA
"HOBO","HOBO","20793695_ch1",2026-05-01 18:30:55,21.36162109375,NA
"HOBO","HOBO","20793695_ch1",2026-05-01 18:31:55,21.576123046875,NA
"HOBO","HOBO","20793695_ch1",2026-05-01 18:32:55,21.6190234375,NA
"HOBO","HOBO","20793695_ch1",2026-05-01 18:33:55,21.70482421875,NA
"HOBO","HOBO","20793695_ch1",2026-05-01 18:34:55,21.790625,NA
"HOBO","HOBO","20793695_ch1",2026-05-01 18:35:55,21.833525390625,NA
"HOBO","HOBO","20793695_ch1",2026-05-01 18:36:55,21.919326171875,NA
"HOBO","HOBO","20793695_ch1",2026-05-01 18:37:55,21.9622265625,NA
"HOBO","HOBO","20793695_ch1",2026-05-01 18:38:55,21.9622265625,NA
"HOBO","HOBO","20793695_ch1",2026-05-01 18:39:55,21.9622265625,NA
"HOBO","HOBO","20793695_ch1",2026-05-01 18:40:55,22.04802734375,NA
"HOBO","HOBO","20793695_ch1",2026-05-01 18:41:55,22.04802734375,NA
"HOBO","HOBO","20793695_ch1",2026-05-01 18:42:55,22.090927734375,NA
"HOBO","HOBO","20793695_ch1",2026-05-01 18:43:55,22.176728515625,NA
"HOBO","HOBO","20793695_ch1",2026-05-01 18:44:55,22.090927734375,NA
"HOBO","HOBO","20793695_ch1",2026-05-01 18:45:55,22.090927734375,NA
"HOBO","HOBO","20793695_ch1",2026-05-01 18:46:55,22.133828125,NA
"HOBO","HOBO","20793695_ch1",2026-05-01 18:47:55,22.133828125,NA
"HOBO","HOBO","20793695_ch1",2026-05-01 18:48:55,22.176728515625,NA
"HOBO","HOBO","20793695_ch1",2026-05-01 18:49:55,22.176728515625,NA
"HOBO","HOBO","20793695_ch1",2026-05-01 18:50:55,22.21962890625,NA
"HOBO","HOBO","20793695_ch1",2026-05-01 18:51:55,22.21962890625,NA
"HOBO","HOBO","20793695_ch1",2026-05-01 18:52:55,22.21962890625,NA
"HOBO","HOBO","20793695_ch1",2026-05-01 18:53:55,22.262529296875,NA
"HOBO","HOBO","20793695_ch1",2026-05-01 18:54:55,22.21962890625,NA
"HOBO","HOBO","20793695_ch1",2026-05-01 18:55:55,22.3054296875,NA
"HOBO","HOBO","20793695_ch1",2026-05-01 18:56:55,22.262529296875,NA
"HOBO","HOBO","20793695_ch1",2026-05-01 18:57:55,22.3054296875,NA
"HOBO","HOBO","20793695_ch1",2026-05-01 18:58:55,22.262529296875,NA
"HOBO","HOBO","20793695_ch1",2026-05-01 18:59:55,22.262529296875,NA
"HOBO","HOBO","20793695_ch2",2026-05-01 15:34:55,23.978544921875,NA
"HOBO","HOBO","20793695_ch2",2026-05-01 15:35:55,23.93564453125,NA
"HOBO","HOBO","20793695_ch2",2026-05-01 15:36:55,24.664951171875,NA
"HOBO","HOBO","20793695_ch2",2026-05-01 15:37:55,31.014208984375,NA
"HOBO","HOBO","20793695_ch2",2026-05-01 15:38:55,34.017236328125,NA
"HOBO","HOBO","20793695_ch2",2026-05-01 15:39:55,34.446240234375,NA
"HOBO","HOBO","20793695_ch2",2026-05-01 15:40:55,35.77615234375,NA
"HOBO","HOBO","20793695_ch2",2026-05-01 15:41:55,37.234765625,NA
"HOBO","HOBO","20793695_ch2",2026-05-01 15:42:55,39.1223828125,NA
"HOBO","HOBO","20793695_ch2",2026-05-01 15:43:55,38.907880859375,NA
"HOBO","HOBO","20793695_ch2",2026-05-01 15:44:55,38.822080078125,NA
"HOBO","HOBO","20793695_ch2",2026-05-01 15:45:55,39.03658203125,NA
"HOBO","HOBO","20793695_ch2",2026-05-01 15:46:55,39.55138671875,NA
"HOBO","HOBO","20793695_ch2",2026-05-01 15:47:55,39.8087890625,NA
"HOBO","HOBO","20793695_ch2",2026-05-01 15:48:55,39.937490234375,NA
"HOBO","HOBO","20793695_ch2",2026-05-01 15:49:55,39.851689453125,NA
"HOBO","HOBO","20793695_ch2",2026-05-01 15:50:55,39.980390625,NA
"HOBO","HOBO","20793695_ch2",2026-05-01 15:51:55,40.23779296875,NA
"HOBO","HOBO","20793695_ch2",2026-05-01 15:52:55,40.4951953125,NA
"HOBO","HOBO","20793695_ch2",2026-05-01 15:53:55,40.795498046875,NA
"HOBO","HOBO","20793695_ch2",2026-05-01 15:54:55,41.052900390625,"hot"
"HOBO","HOBO","20793695_ch2",2026-05-01 15:55:55,41.26740234375,"hot"
"HOBO","HOBO","20793695_ch2",2026-05-01 15:56:55,41.1816015625,"hot"
"HOBO","HOBO","20793695_ch2",2026-05-01 15:57:55,41.310302734375,"hot"
"HOBO","HOBO","20793695_ch2",2026-05-01 15:58:55,41.43900390625,"hot"
"HOBO","HOBO","20793695_ch2",2026-05-01 15:59:55,41.5248046875,"hot"
"HOBO","HOBO","20793695_ch2",2026-05-01 16:00:55,41.567705078125,"hot"
"HOBO","HOBO","20793695_ch2",2026-05-01 16:01:55,41.481904296875,"hot"
"HOBO","HOBO","20793695_ch2",2026-05-01 16:02:55,41.43900390625,"hot"
"HOBO","HOBO","20793695_ch2",2026-05-01 16:03:55,41.396103515625,"hot"
"HOBO","HOBO","20793695_ch2",2026-05-01 16:04:55,41.310302734375,"hot"
"HOBO","HOBO","20793695_ch2",2026-05-01 16:05:55,41.26740234375,"hot"
"HOBO","HOBO","20793695_ch2",2026-05-01 16:06:55,41.138701171875,"hot"
"HOBO","HOBO","20793695_ch2",2026-05-01 16:07:55,41.481904296875,"hot"
"HOBO","HOBO","20793695_ch2",2026-05-01 16:08:55,42.168310546875,"hot"
"HOBO","HOBO","20793695_ch2",2026-05-01 16:09:55,42.854716796875,"hot"
"HOBO","HOBO","20793695_ch2",2026-05-01 16:10:55,43.15501953125,"hot"
"HOBO","HOBO","20793695_ch2",2026-05-01 16:11:55,43.2408203125,"hot"
"HOBO","HOBO","20793695_ch2",2026-05-01 16:12:55,43.112119140625,"hot"
"HOBO","HOBO","20793695_ch2",2026-05-01 16:13:55,42.98341796875,NA
"HOBO","HOBO","20793695_ch2",2026-05-01 16:14:55,42.082509765625,NA
"HOBO","HOBO","20793695_ch2",2026-05-01 16:15:55,41.5248046875,NA
"HOBO","HOBO","20793695_ch2",2026-05-01 16:16:55,41.43900390625,NA
"HOBO","HOBO","20793695_ch2",2026-05-01 16:17:55,41.396103515625,NA
"HOBO","HOBO","20793695_ch2",2026-05-01 16:18:55,41.396103515625,NA
"HOBO","HOBO","20793695_ch2",2026-05-01 16:19:55,41.310302734375,NA
"HOBO","HOBO","20793695_ch2",2026-05-01 16:20:55,41.26740234375,NA
"HOBO","HOBO","20793695_ch2",2026-05-01 16:21:55,41.1816015625,NA
"HOBO","HOBO","20793695_ch2",2026-05-01 16:22:55,41.052900390625,NA
"HOBO","HOBO","20793695_ch2",2026-05-01 16:23:55,41.01,NA
"HOBO","HOBO","20793695_ch2",2026-05-01 16:24:55,40.92419921875,NA
"HOBO","HOBO","20793695_ch2",2026-05-01 16:25:55,40.8383984375,NA
"HOBO","HOBO","20793695_ch2",2026-05-01 16:26:55,40.666796875,NA
"HOBO","HOBO","20793695_ch2",2026-05-01 16:27:55,40.58099609375,NA
"HOBO","HOBO","20793695_ch2",2026-05-01 16:28:55,40.452294921875,NA
"HOBO","HOBO","20793695_ch2",2026-05-01 16:29:55,40.32359375,NA
"HOBO","HOBO","20793695_ch2",2026-05-01 16:30:55,40.280693359375,NA
"HOBO","HOBO","20793695_ch2",2026-05-01 16:31:55,38.993681640625,NA
"HOBO","HOBO","20793695_ch2",2026-05-01 16:32:55,27.88248046875,NA
"HOBO","HOBO","20793695_ch2",2026-05-01 16:33:55,23.506640625,NA
"HOBO","HOBO","20793695_ch2",2026-05-01 16:34:55,21.36162109375,NA
"HOBO","HOBO","20793695_ch2",2026-05-01 16:35:55,20.289111328125,NA
"HOBO","HOBO","20793695_ch2",2026-05-01 16:36:55,19.73140625,NA
"HOBO","HOBO","20793695_ch2",2026-05-01 16:37:55,19.388203125,NA
"HOBO","HOBO","20793695_ch2",2026-05-01 16:38:55,19.388203125,NA
"HOBO","HOBO","20793695_ch2",2026-05-01 16:39:55,19.388203125,NA
"HOBO","HOBO","20793695_ch2",2026-05-01 16:40:55,19.345302734375,NA
"HOBO","HOBO","20793695_ch2",2026-05-01 16:41:55,19.30240234375,NA
"HOBO","HOBO","20793695_ch2",2026-05-01 16:42:55,19.9030078125,NA
"HOBO","HOBO","20793695_ch2",2026-05-01 16:43:55,20.289111328125,NA
"HOBO","HOBO","20793695_ch2",2026-05-01 16:44:55,20.50361328125,NA
"HOBO","HOBO","20793695_ch2",2026-05-01 16:45:55,20.67521484375,NA
"HOBO","HOBO","20793695_ch2",2026-05-01 16:46:55,20.889716796875,NA
"HOBO","HOBO","20793695_ch2",2026-05-01 16:47:55,22.348330078125,NA
"HOBO","HOBO","20793695_ch2",2026-05-01 16:48:55,4.844970703125,NA
"HOBO","HOBO","20793695_ch2",2026-05-01 16:49:55,2.528349609375,NA
"HOBO","HOBO","20793695_ch2",2026-05-01 16:50:55,2.0564453125,NA
"HOBO","HOBO","20793695_ch2",2026-05-01 16:51:55,1.88484375,NA
"HOBO","HOBO","20793695_ch2",2026-05-01 16:52:55,1.841943359375,NA
"HOBO","HOBO","20793695_ch2",2026-05-01 16:53:55,1.756142578125,NA
"HOBO","HOBO","20793695_ch2",2026-05-01 16:54:55,1.584541015625,NA
"HOBO","HOBO","20793695_ch2",2026-05-01 16:55:55,1.28423828125,NA
"HOBO","HOBO","20793695_ch2",2026-05-01 16:56:55,1.155537109375,"ice"
"HOBO","HOBO","20793695_ch2",2026-05-01 16:57:55,0.983935546874996,"ice"
"HOBO","HOBO","20793695_ch2",2026-05-01 16:58:55,0.941035156249995,"ice"
"HOBO","HOBO","20793695_ch2",2026-05-01 16:59:55,0.855234374999995,"ice"
"HOBO","HOBO","20793695_ch2",2026-05-01 17:00:55,0.769433593750001,"ice"
"HOBO","HOBO","20793695_ch2",2026-05-01 17:01:55,0.769433593750001,"ice"
"HOBO","HOBO","20793695_ch2",2026-05-01 17:02:55,0.769433593750001,"ice"
"HOBO","HOBO","20793695_ch2",2026-05-01 17:03:55,0.769433593750001,"ice"
"HOBO","HOBO","20793695_ch2",2026-05-01 17:04:55,0.726533203125001,"ice"
"HOBO","HOBO","20793695_ch2",2026-05-01 17:05:55,0.769433593750001,"ice"
"HOBO","HOBO","20793695_ch2",2026-05-01 17:06:55,0.726533203125001,"ice"
"HOBO","HOBO","20793695_ch2",2026-05-01 17:07:55,0.769433593750001,"ice"
"HOBO","HOBO","20793695_ch2",2026-05-01 17:08:55,0.769433593750001,"ice"
"HOBO","HOBO","20793695_ch2",2026-05-01 17:09:55,0.726533203125001,"ice"
"HOBO","HOBO","20793695_ch2",2026-05-01 17:10:55,0.726533203125001,"ice"
"HOBO","HOBO","20793695_ch2",2026-05-01 17:11:55,0.769433593750001,NA
"HOBO","HOBO","20793695_ch2",2026-05-01 17:12:55,0.769433593750001,NA
"HOBO","HOBO","20793695_ch2",2026-05-01 17:13:55,0.726533203125001,NA
"HOBO","HOBO","20793695_ch2",2026-05-01 17:14:55,2.0564453125,NA
"HOBO","HOBO","20793695_ch2",2026-05-01 17:15:55,8.83470703125,NA
"HOBO","HOBO","20793695_ch2",2026-05-01 17:16:55,11.06552734375,NA
"HOBO","HOBO","20793695_ch2",2026-05-01 17:17:55,12.43833984375,NA
"HOBO","HOBO","20793695_ch2",2026-05-01 17:18:55,13.425048828125,NA
"HOBO","HOBO","20793695_ch2",2026-05-01 17:19:55,14.24015625,NA
"HOBO","HOBO","20793695_ch2",2026-05-01 17:20:55,14.9265625,NA
"HOBO","HOBO","20793695_ch2",2026-05-01 17:21:55,15.4413671875,NA
"HOBO","HOBO","20793695_ch2",2026-05-01 17:22:55,15.913271484375,NA
"HOBO","HOBO","20793695_ch2",2026-05-01 17:23:55,16.256474609375,NA
"HOBO","HOBO","20793695_ch2",2026-05-01 17:24:55,16.642578125,NA
"HOBO","HOBO","20793695_ch2",2026-05-01 17:25:55,16.857080078125,NA
"HOBO","HOBO","20793695_ch2",2026-05-01 17:26:55,17.114482421875,NA
"HOBO","HOBO","20793695_ch2",2026-05-01 17:27:55,17.371884765625,NA
"HOBO","HOBO","20793695_ch2",2026-05-01 17:28:55,17.543486328125,NA
"HOBO","HOBO","20793695_ch2",2026-05-01 17:29:55,17.75798828125,NA
"HOBO","HOBO","20793695_ch2",2026-05-01 17:30:55,17.92958984375,NA
"HOBO","HOBO","20793695_ch2",2026-05-01 17:31:55,18.144091796875,NA
"HOBO","HOBO","20793695_ch2",2026-05-01 17:32:55,18.229892578125,NA
"HOBO","HOBO","20793695_ch2",2026-05-01 17:33:55,18.35859375,NA
"HOBO","HOBO","20793695_ch2",2026-05-01 17:34:55,18.401494140625,NA
"HOBO","HOBO","20793695_ch2",2026-05-01 17:35:55,18.573095703125,NA
"HOBO","HOBO","20793695_ch2",2026-05-01 17:36:55,18.658896484375,NA
"HOBO","HOBO","20793695_ch2",2026-05-01 17:37:55,18.744697265625,NA
"HOBO","HOBO","20793695_ch2",2026-05-01 17:38:55,18.78759765625,NA
"HOBO","HOBO","20793695_ch2",2026-05-01 17:39:55,18.8733984375,NA
"HOBO","HOBO","20793695_ch2",2026-05-01 17:40:55,18.95919921875,NA
"HOBO","HOBO","20793695_ch2",2026-05-01 17:41:55,19.045,NA
"HOBO","HOBO","20793695_ch2",2026-05-01 17:42:55,19.087900390625,NA
"HOBO","HOBO","20793695_ch2",2026-05-01 17:43:55,19.173701171875,NA
"HOBO","HOBO","20793695_ch2",2026-05-01 17:44:55,19.2166015625,NA
"HOBO","HOBO","20793695_ch2",2026-05-01 17:45:55,19.30240234375,NA
"HOBO","HOBO","20793695_ch2",2026-05-01 17:46:55,19.30240234375,NA
"HOBO","HOBO","20793695_ch2",2026-05-01 17:47:55,19.431103515625,NA
"HOBO","HOBO","20793695_ch2",2026-05-01 17:48:55,19.516904296875,NA
"HOBO","HOBO","20793695_ch2",2026-05-01 17:49:55,19.5598046875,NA
"HOBO","HOBO","20793695_ch2",2026-05-01 17:50:55,19.5598046875,NA
"HOBO","HOBO","20793695_ch2",2026-05-01 17:51:55,19.64560546875,NA
"HOBO","HOBO","20793695_ch2",2026-05-01 17:52:55,19.688505859375,NA
"HOBO","HOBO","20793695_ch2",2026-05-01 17:53:55,19.73140625,NA
"HOBO","HOBO","20793695_ch2",2026-05-01 17:54:55,19.73140625,NA
"HOBO","HOBO","20793695_ch2",2026-05-01 17:55:55,19.774306640625,NA
"HOBO","HOBO","20793695_ch2",2026-05-01 17:56:55,19.860107421875,NA
"HOBO","HOBO","20793695_ch2",2026-05-01 17:57:55,19.860107421875,NA
"HOBO","HOBO","20793695_ch2",2026-05-01 17:58:55,19.860107421875,NA
"HOBO","HOBO","20793695_ch2",2026-05-01 17:59:55,19.9030078125,NA
"HOBO","HOBO","20793695_ch2",2026-05-01 18:00:55,19.945908203125,NA
"HOBO","HOBO","20793695_ch2",2026-05-01 18:01:55,19.9030078125,NA
"HOBO","HOBO","20793695_ch2",2026-05-01 18:02:55,19.9030078125,NA
"HOBO","HOBO","20793695_ch2",2026-05-01 18:03:55,19.860107421875,NA
"HOBO","HOBO","20793695_ch2",2026-05-01 18:04:55,19.9030078125,NA
"HOBO","HOBO","20793695_ch2",2026-05-01 18:05:55,19.860107421875,NA
"HOBO","HOBO","20793695_ch2",2026-05-01 18:06:55,19.860107421875,NA
"HOBO","HOBO","20793695_ch2",2026-05-01 18:07:55,19.9030078125,NA
"HOBO","HOBO","20793695_ch2",2026-05-01 18:08:55,19.9030078125,NA
"HOBO","HOBO","20793695_ch2",2026-05-01 18:09:55,19.945908203125,NA
"HOBO","HOBO","20793695_ch2",2026-05-01 18:10:55,20.031708984375,NA
"HOBO","HOBO","20793695_ch2",2026-05-01 18:11:55,20.16041015625,NA
"HOBO","HOBO","20793695_ch2",2026-05-01 18:12:55,20.16041015625,NA
"HOBO","HOBO","20793695_ch2",2026-05-01 18:13:55,20.203310546875,NA
"HOBO","HOBO","20793695_ch2",2026-05-01 18:14:55,20.2462109375,NA
"HOBO","HOBO","20793695_ch2",2026-05-01 18:15:55,20.289111328125,NA
"HOBO","HOBO","20793695_ch2",2026-05-01 18:16:55,20.374912109375,NA
"HOBO","HOBO","20793695_ch2",2026-05-01 18:17:55,20.374912109375,NA
"HOBO","HOBO","20793695_ch2",2026-05-01 18:18:55,20.460712890625,NA
"HOBO","HOBO","20793695_ch2",2026-05-01 18:19:55,20.546513671875,NA
"HOBO","HOBO","20793695_ch2",2026-05-01 18:20:55,20.632314453125,NA
"HOBO","HOBO","20793695_ch2",2026-05-01 18:21:55,20.718115234375,NA
"HOBO","HOBO","20793695_ch2",2026-05-01 18:22:55,20.761015625,NA
"HOBO","HOBO","20793695_ch2",2026-05-01 18:23:55,20.84681640625,NA
"HOBO","HOBO","20793695_ch2",2026-05-01 18:24:55,20.9326171875,NA
"HOBO","HOBO","20793695_ch2",2026-05-01 18:25:55,20.975517578125,NA
"HOBO","HOBO","20793695_ch2",2026-05-01 18:26:55,21.061318359375,NA
"HOBO","HOBO","20793695_ch2",2026-05-01 18:27:55,21.147119140625,NA
"HOBO","HOBO","20793695_ch2",2026-05-01 18:28:55,21.19001953125,NA
"HOBO","HOBO","20793695_ch2",2026-05-01 18:29:55,21.2758203125,NA
"HOBO","HOBO","20793695_ch2",2026-05-01 18:30:55,21.318720703125,NA
"HOBO","HOBO","20793695_ch2",2026-05-01 18:31:55,21.36162109375,NA
"HOBO","HOBO","20793695_ch2",2026-05-01 18:32:55,21.36162109375,NA
"HOBO","HOBO","20793695_ch2",2026-05-01 18:33:55,21.447421875,NA
"HOBO","HOBO","20793695_ch2",2026-05-01 18:34:55,21.490322265625,NA
"HOBO","HOBO","20793695_ch2",2026-05-01 18:35:55,21.490322265625,NA
"HOBO","HOBO","20793695_ch2",2026-05-01 18:36:55,21.576123046875,NA
"HOBO","HOBO","20793695_ch2",2026-05-01 18:37:55,21.6190234375,NA
"HOBO","HOBO","20793695_ch2",2026-05-01 18:38:55,21.6190234375,NA
"HOBO","HOBO","20793695_ch2",2026-05-01 18:39:55,21.661923828125,NA
"HOBO","HOBO","20793695_ch2",2026-05-01 18:40:55,21.70482421875,NA
"HOBO","HOBO","20793695_ch2",2026-05-01 18:41:55,21.70482421875,NA
"HOBO","HOBO","20793695_ch2",2026-05-01 18:42:55,21.790625,NA
"HOBO","HOBO","20793695_ch2",2026-05-01 18:43:55,21.747724609375,NA
"HOBO","HOBO","20793695_ch2",2026-05-01 18:44:55,21.790625,NA
"HOBO","HOBO","20793695_ch2",2026-05-01 18:45:55,21.833525390625,NA
"HOBO","HOBO","20793695_ch2",2026-05-01 18:46:55,21.833525390625,NA
"HOBO","HOBO","20793695_ch2",2026-05-01 18:47:55,21.833525390625,NA
"HOBO","HOBO","20793695_ch2",2026-05-01 18:48:55,21.87642578125,NA
"HOBO","HOBO","20793695_ch2",2026-05-01 18:49:55,21.9622265625,NA
"HOBO","HOBO","20793695_ch2",2026-05-01 18:50:55,21.919326171875,NA
"HOBO","HOBO","20793695_ch2",2026-05-01 18:51:55,21.919326171875,NA
"HOBO","HOBO","20793695_ch2",2026-05-01 18:52:55,21.9622265625,NA
"HOBO","HOBO","20793695_ch2",2026-05-01 18:53:55,21.9622265625,NA
"HOBO","HOBO","20793695_ch2",2026-05-01 18:54:55,22.04802734375,NA
"HOBO","HOBO","20793695_ch2",2026-05-01 18:55:55,22.04802734375,NA
"HOBO","HOBO","20793695_ch2",2026-05-01 18:56:55,22.04802734375,NA
"HOBO","HOBO","20793695_ch2",2026-05-01 18:57:55,22.090927734375,NA
"HOBO","HOBO","20793695_ch2",2026-05-01 18:58:55,22.176728515625,NA
"HOBO","HOBO","20793695_ch2",2026-05-01 18:59:55,22.176728515625,NA
"HOBO","HOBO","21658972_ch1",2026-05-01 15:32:34,23.806943359375,NA
"HOBO","HOBO","21658972_ch1",2026-05-01 15:33:34,23.6782421875,NA
"HOBO","HOBO","21658972_ch1",2026-05-01 15:34:34,23.6782421875,NA
"HOBO","HOBO","21658972_ch1",2026-05-01 15:35:34,23.635341796875,NA
"HOBO","HOBO","21658972_ch1",2026-05-01 15:36:34,23.635341796875,NA
"HOBO","HOBO","21658972_ch1",2026-05-01 15:37:34,34.703642578125,NA
"HOBO","HOBO","21658972_ch1",2026-05-01 15:38:34,36.591259765625,NA
"HOBO","HOBO","21658972_ch1",2026-05-01 15:39:34,40.06619140625,NA
"HOBO","HOBO","21658972_ch1",2026-05-01 15:40:34,41.567705078125,NA
"HOBO","HOBO","21658972_ch1",2026-05-01 15:41:34,42.8976171875,NA
"HOBO","HOBO","21658972_ch1",2026-05-01 15:42:34,43.626923828125,NA
"HOBO","HOBO","21658972_ch1",2026-05-01 15:43:34,44.2704296875,NA
"HOBO","HOBO","21658972_ch1",2026-05-01 15:44:34,43.541123046875,NA
"HOBO","HOBO","21658972_ch1",2026-05-01 15:45:34,43.970126953125,NA
"HOBO","HOBO","21658972_ch1",2026-05-01 15:46:34,42.81181640625,NA
"HOBO","HOBO","21658972_ch1",2026-05-01 15:47:34,43.15501953125,NA
"HOBO","HOBO","21658972_ch1",2026-05-01 15:48:34,43.755625,NA
"HOBO","HOBO","21658972_ch1",2026-05-01 15:49:34,43.626923828125,NA
"HOBO","HOBO","21658972_ch1",2026-05-01 15:50:34,43.412421875,NA
"HOBO","HOBO","21658972_ch1",2026-05-01 15:51:34,43.66982421875,NA
"HOBO","HOBO","21658972_ch1",2026-05-01 15:52:34,43.66982421875,NA
"HOBO","HOBO","21658972_ch1",2026-05-01 15:53:34,43.970126953125,NA
"HOBO","HOBO","21658972_ch1",2026-05-01 15:54:34,44.055927734375,"hot"
"HOBO","HOBO","21658972_ch1",2026-05-01 15:55:34,44.141728515625,"hot"
"HOBO","HOBO","21658972_ch1",2026-05-01 15:56:34,44.141728515625,"hot"
"HOBO","HOBO","21658972_ch1",2026-05-01 15:57:34,43.9272265625,"hot"
"HOBO","HOBO","21658972_ch1",2026-05-01 15:58:34,43.755625,"hot"
"HOBO","HOBO","21658972_ch1",2026-05-01 15:59:34,43.712724609375,"hot"
"HOBO","HOBO","21658972_ch1",2026-05-01 16:00:34,43.455322265625,"hot"
"HOBO","HOBO","21658972_ch1",2026-05-01 16:01:34,43.32662109375,"hot"
"HOBO","HOBO","21658972_ch1",2026-05-01 16:02:34,43.197919921875,"hot"
"HOBO","HOBO","21658972_ch1",2026-05-01 16:03:34,43.026318359375,"hot"
"HOBO","HOBO","21658972_ch1",2026-05-01 16:04:34,42.940517578125,"hot"
"HOBO","HOBO","21658972_ch1",2026-05-01 16:05:34,42.940517578125,"hot"
"HOBO","HOBO","21658972_ch1",2026-05-01 16:06:34,42.64021484375,"hot"
"HOBO","HOBO","21658972_ch1",2026-05-01 16:07:34,43.2408203125,"hot"
"HOBO","HOBO","21658972_ch1",2026-05-01 16:08:34,44.313330078125,"hot"
"HOBO","HOBO","21658972_ch1",2026-05-01 16:09:34,44.999736328125,"hot"
"HOBO","HOBO","21658972_ch1",2026-05-01 16:10:34,45.1284375,"hot"
"HOBO","HOBO","21658972_ch1",2026-05-01 16:11:34,45.04263671875,"hot"
"HOBO","HOBO","21658972_ch1",2026-05-01 16:12:34,44.913935546875,"hot"
"HOBO","HOBO","21658972_ch1",2026-05-01 16:13:34,44.785234375,NA
"HOBO","HOBO","21658972_ch1",2026-05-01 16:14:34,44.52783203125,NA
"HOBO","HOBO","21658972_ch1",2026-05-01 16:15:34,44.01302734375,NA
"HOBO","HOBO","21658972_ch1",2026-05-01 16:16:34,43.9272265625,NA
"HOBO","HOBO","21658972_ch1",2026-05-01 16:17:34,43.884326171875,NA
"HOBO","HOBO","21658972_ch1",2026-05-01 16:18:34,43.755625,NA
"HOBO","HOBO","21658972_ch1",2026-05-01 16:19:34,43.541123046875,NA
"HOBO","HOBO","21658972_ch1",2026-05-01 16:20:34,43.412421875,NA
"HOBO","HOBO","21658972_ch1",2026-05-01 16:21:34,43.15501953125,NA
"HOBO","HOBO","21658972_ch1",2026-05-01 16:22:34,42.940517578125,NA
"HOBO","HOBO","21658972_ch1",2026-05-01 16:23:34,42.726015625,NA
"HOBO","HOBO","21658972_ch1",2026-05-01 16:24:34,42.64021484375,NA
"HOBO","HOBO","21658972_ch1",2026-05-01 16:25:34,42.46861328125,NA
"HOBO","HOBO","21658972_ch1",2026-05-01 16:26:34,42.168310546875,NA
"HOBO","HOBO","21658972_ch1",2026-05-01 16:27:34,41.996708984375,NA
"HOBO","HOBO","21658972_ch1",2026-05-01 16:28:34,41.825107421875,NA
"HOBO","HOBO","21658972_ch1",2026-05-01 16:29:34,41.739306640625,NA
"HOBO","HOBO","21658972_ch1",2026-05-01 16:30:34,41.5248046875,NA
"HOBO","HOBO","21658972_ch1",2026-05-01 16:31:34,38.135673828125,NA
"HOBO","HOBO","21658972_ch1",2026-05-01 16:32:34,25.13685546875,NA
"HOBO","HOBO","21658972_ch1",2026-05-01 16:33:34,22.47703125,NA
"HOBO","HOBO","21658972_ch1",2026-05-01 16:34:34,21.53322265625,NA
"HOBO","HOBO","21658972_ch1",2026-05-01 16:35:34,21.36162109375,NA
"HOBO","HOBO","21658972_ch1",2026-05-01 16:36:34,21.70482421875,NA
"HOBO","HOBO","21658972_ch1",2026-05-01 16:37:34,22.090927734375,NA
"HOBO","HOBO","21658972_ch1",2026-05-01 16:38:34,22.262529296875,NA
"HOBO","HOBO","21658972_ch1",2026-05-01 16:39:34,22.434130859375,NA
"HOBO","HOBO","21658972_ch1",2026-05-01 16:40:34,22.47703125,NA
"HOBO","HOBO","21658972_ch1",2026-05-01 16:41:34,22.519931640625,NA
"HOBO","HOBO","21658972_ch1",2026-05-01 16:42:34,22.56283203125,NA
"HOBO","HOBO","21658972_ch1",2026-05-01 16:43:34,22.519931640625,NA
"HOBO","HOBO","21658972_ch1",2026-05-01 16:44:34,22.6486328125,NA
"HOBO","HOBO","21658972_ch1",2026-05-01 16:45:34,23.3350390625,NA
"HOBO","HOBO","21658972_ch1",2026-05-01 16:46:34,15.87037109375,NA
"HOBO","HOBO","21658972_ch1",2026-05-01 16:47:34,3.729560546875,NA
"HOBO","HOBO","21658972_ch1",2026-05-01 16:48:34,1.88484375,NA
"HOBO","HOBO","21658972_ch1",2026-05-01 16:49:34,1.155537109375,NA
"HOBO","HOBO","21658972_ch1",2026-05-01 16:50:34,1.0268359375,NA
"HOBO","HOBO","21658972_ch1",2026-05-01 16:51:34,0.983935546874996,NA
"HOBO","HOBO","21658972_ch1",2026-05-01 16:52:34,0.855234374999995,NA
"HOBO","HOBO","21658972_ch1",2026-05-01 16:53:34,0.812333984375002,NA
"HOBO","HOBO","21658972_ch1",2026-05-01 16:54:34,0.683632812500001,NA
"HOBO","HOBO","21658972_ch1",2026-05-01 16:55:34,0.51203125,NA
"HOBO","HOBO","21658972_ch1",2026-05-01 16:56:34,0.426230468749999,"ice"
"HOBO","HOBO","21658972_ch1",2026-05-01 16:57:34,0.426230468749999,"ice"
"HOBO","HOBO","21658972_ch1",2026-05-01 16:58:34,0.426230468749999,"ice"
"HOBO","HOBO","21658972_ch1",2026-05-01 16:59:34,0.426230468749999,"ice"
"HOBO","HOBO","21658972_ch1",2026-05-01 17:00:34,0.383330078124999,"ice"
"HOBO","HOBO","21658972_ch1",2026-05-01 17:01:34,0.340429687499999,"ice"
"HOBO","HOBO","21658972_ch1",2026-05-01 17:02:34,0.383330078124999,"ice"
"HOBO","HOBO","21658972_ch1",2026-05-01 17:03:34,0.340429687499999,"ice"
"HOBO","HOBO","21658972_ch1",2026-05-01 17:04:34,0.297529296874998,"ice"
"HOBO","HOBO","21658972_ch1",2026-05-01 17:05:34,0.297529296874998,"ice"
"HOBO","HOBO","21658972_ch1",2026-05-01 17:06:34,0.297529296874998,"ice"
"HOBO","HOBO","21658972_ch1",2026-05-01 17:07:34,0.297529296874998,"ice"
"HOBO","HOBO","21658972_ch1",2026-05-01 17:08:34,0.297529296874998,"ice"
"HOBO","HOBO","21658972_ch1",2026-05-01 17:09:34,0.297529296874998,"ice"
"HOBO","HOBO","21658972_ch1",2026-05-01 17:10:34,0.340429687499999,"ice"
"HOBO","HOBO","21658972_ch1",2026-05-01 17:11:34,0.254628906249998,NA
"HOBO","HOBO","21658972_ch1",2026-05-01 17:12:34,0.297529296874998,NA
"HOBO","HOBO","21658972_ch1",2026-05-01 17:13:34,0.297529296874998,NA
"HOBO","HOBO","21658972_ch1",2026-05-01 17:14:34,0.297529296874998,NA
"HOBO","HOBO","21658972_ch1",2026-05-01 17:15:34,7.418994140625,NA
"HOBO","HOBO","21658972_ch1",2026-05-01 17:16:34,10.765224609375,NA
"HOBO","HOBO","21658972_ch1",2026-05-01 17:17:34,13.253447265625,NA
"HOBO","HOBO","21658972_ch1",2026-05-01 17:18:34,14.583359375,NA
"HOBO","HOBO","21658972_ch1",2026-05-01 17:19:34,15.52716796875,NA
"HOBO","HOBO","21658972_ch1",2026-05-01 17:20:34,16.428076171875,NA
"HOBO","HOBO","21658972_ch1",2026-05-01 17:21:34,16.98578125,NA
"HOBO","HOBO","21658972_ch1",2026-05-01 17:22:34,17.41478515625,NA
"HOBO","HOBO","21658972_ch1",2026-05-01 17:23:34,17.75798828125,NA
"HOBO","HOBO","21658972_ch1",2026-05-01 17:24:34,18.10119140625,NA
"HOBO","HOBO","21658972_ch1",2026-05-01 17:25:34,18.5301953125,NA
"HOBO","HOBO","21658972_ch1",2026-05-01 17:26:34,18.744697265625,NA
"HOBO","HOBO","21658972_ch1",2026-05-01 17:27:34,19.045,NA
"HOBO","HOBO","21658972_ch1",2026-05-01 17:28:34,19.173701171875,NA
"HOBO","HOBO","21658972_ch1",2026-05-01 17:29:34,19.2166015625,NA
"HOBO","HOBO","21658972_ch1",2026-05-01 17:30:34,19.345302734375,NA
"HOBO","HOBO","21658972_ch1",2026-05-01 17:31:34,19.431103515625,NA
"HOBO","HOBO","21658972_ch1",2026-05-01 17:32:34,19.516904296875,NA
"HOBO","HOBO","21658972_ch1",2026-05-01 17:33:34,19.602705078125,NA
"HOBO","HOBO","21658972_ch1",2026-05-01 17:34:34,19.602705078125,NA
"HOBO","HOBO","21658972_ch1",2026-05-01 17:35:34,19.64560546875,NA
"HOBO","HOBO","21658972_ch1",2026-05-01 17:36:34,19.73140625,NA
"HOBO","HOBO","21658972_ch1",2026-05-01 17:37:34,19.688505859375,NA
"HOBO","HOBO","21658972_ch1",2026-05-01 17:38:34,19.73140625,NA
"HOBO","HOBO","21658972_ch1",2026-05-01 17:39:34,19.81720703125,NA
"HOBO","HOBO","21658972_ch1",2026-05-01 17:40:34,19.81720703125,NA
"HOBO","HOBO","21658972_ch1",2026-05-01 17:41:34,19.860107421875,NA
"HOBO","HOBO","21658972_ch1",2026-05-01 17:42:34,19.860107421875,NA
"HOBO","HOBO","21658972_ch1",2026-05-01 17:43:34,19.945908203125,NA
"HOBO","HOBO","21658972_ch1",2026-05-01 17:44:34,19.98880859375,NA
"HOBO","HOBO","21658972_ch1",2026-05-01 17:45:34,19.98880859375,NA
"HOBO","HOBO","21658972_ch1",2026-05-01 17:46:34,19.98880859375,NA
"HOBO","HOBO","21658972_ch1",2026-05-01 17:47:34,20.074609375,NA
"HOBO","HOBO","21658972_ch1",2026-05-01 17:48:34,20.074609375,NA
"HOBO","HOBO","21658972_ch1",2026-05-01 17:49:34,20.074609375,NA
"HOBO","HOBO","21658972_ch1",2026-05-01 17:50:34,20.117509765625,NA
"HOBO","HOBO","21658972_ch1",2026-05-01 17:51:34,20.16041015625,NA
"HOBO","HOBO","21658972_ch1",2026-05-01 17:52:34,20.203310546875,NA
"HOBO","HOBO","21658972_ch1",2026-05-01 17:53:34,20.203310546875,NA
"HOBO","HOBO","21658972_ch1",2026-05-01 17:54:34,20.2462109375,NA
"HOBO","HOBO","21658972_ch1",2026-05-01 17:55:34,20.2462109375,NA
"HOBO","HOBO","21658972_ch1",2026-05-01 17:56:34,20.289111328125,NA
"HOBO","HOBO","21658972_ch1",2026-05-01 17:57:34,20.374912109375,NA
"HOBO","HOBO","21658972_ch1",2026-05-01 17:58:34,20.50361328125,NA
"HOBO","HOBO","21658972_ch1",2026-05-01 17:59:34,20.546513671875,NA
"HOBO","HOBO","21658972_ch1",2026-05-01 18:00:34,20.5894140625,NA
"HOBO","HOBO","21658972_ch1",2026-05-01 18:01:34,20.5894140625,NA
"HOBO","HOBO","21658972_ch1",2026-05-01 18:02:34,20.5894140625,NA
"HOBO","HOBO","21658972_ch1",2026-05-01 18:03:34,20.5894140625,NA
"HOBO","HOBO","21658972_ch1",2026-05-01 18:04:34,20.67521484375,NA
"HOBO","HOBO","21658972_ch1",2026-05-01 18:05:34,20.718115234375,NA
"HOBO","HOBO","21658972_ch1",2026-05-01 18:06:34,20.9326171875,NA
"HOBO","HOBO","21658972_ch1",2026-05-01 18:07:34,21.061318359375,NA
"HOBO","HOBO","21658972_ch1",2026-05-01 18:08:34,21.53322265625,NA
"HOBO","HOBO","21658972_ch1",2026-05-01 18:09:34,21.833525390625,NA
"HOBO","HOBO","21658972_ch1",2026-05-01 18:10:34,21.9622265625,NA
"HOBO","HOBO","21658972_ch1",2026-05-01 18:11:34,22.090927734375,NA
"HOBO","HOBO","21658972_ch1",2026-05-01 18:12:34,22.133828125,NA
"HOBO","HOBO","21658972_ch1",2026-05-01 18:13:34,22.133828125,NA
"HOBO","HOBO","21658972_ch1",2026-05-01 18:14:34,22.21962890625,NA
"HOBO","HOBO","21658972_ch1",2026-05-01 18:15:34,22.262529296875,NA
"HOBO","HOBO","21658972_ch1",2026-05-01 18:16:34,22.262529296875,NA
"HOBO","HOBO","21658972_ch1",2026-05-01 18:17:34,22.262529296875,NA
"HOBO","HOBO","21658972_ch1",2026-05-01 18:18:34,22.348330078125,NA
"HOBO","HOBO","21658972_ch1",2026-05-01 18:19:34,22.348330078125,NA
"HOBO","HOBO","21658972_ch1",2026-05-01 18:20:34,22.3054296875,NA
"HOBO","HOBO","21658972_ch1",2026-05-01 18:21:34,22.3054296875,NA
"HOBO","HOBO","21658972_ch1",2026-05-01 18:22:34,22.3054296875,NA
"HOBO","HOBO","21658972_ch1",2026-05-01 18:23:34,22.348330078125,NA
"HOBO","HOBO","21658972_ch1",2026-05-01 18:24:34,22.39123046875,NA
"HOBO","HOBO","21658972_ch1",2026-05-01 18:25:34,22.348330078125,NA
"HOBO","HOBO","21658972_ch1",2026-05-01 18:26:34,22.39123046875,NA
"HOBO","HOBO","21658972_ch1",2026-05-01 18:27:34,22.434130859375,NA
"HOBO","HOBO","21658972_ch1",2026-05-01 18:28:34,22.39123046875,NA
"HOBO","HOBO","21658972_ch1",2026-05-01 18:29:34,22.39123046875,NA
"HOBO","HOBO","21658972_ch1",2026-05-01 18:30:34,22.39123046875,NA
"HOBO","HOBO","21658972_ch1",2026-05-01 18:31:34,22.348330078125,NA
"HOBO","HOBO","21658972_ch1",2026-05-01 18:32:34,22.348330078125,NA
"HOBO","HOBO","21658972_ch1",2026-05-01 18:33:34,22.348330078125,NA
"HOBO","HOBO","21658972_ch1",2026-05-01 18:34:34,22.348330078125,NA
"HOBO","HOBO","21658972_ch1",2026-05-01 18:35:34,22.3054296875,NA
"HOBO","HOBO","21658972_ch1",2026-05-01 18:36:34,22.39123046875,NA
"HOBO","HOBO","21658972_ch1",2026-05-01 18:37:34,22.434130859375,NA
"HOBO","HOBO","21658972_ch1",2026-05-01 18:38:34,22.348330078125,NA
"HOBO","HOBO","21658972_ch1",2026-05-01 18:39:34,22.348330078125,NA
"HOBO","HOBO","21658972_ch1",2026-05-01 18:40:34,22.348330078125,NA
"HOBO","HOBO","21658972_ch1",2026-05-01 18:41:34,22.39123046875,NA
"HOBO","HOBO","21658972_ch1",2026-05-01 18:42:34,22.348330078125,NA
"HOBO","HOBO","21658972_ch1",2026-05-01 18:43:34,22.39123046875,NA
"HOBO","HOBO","21658972_ch1",2026-05-01 18:44:34,22.39123046875,NA
"HOBO","HOBO","21658972_ch1",2026-05-01 18:45:34,22.39123046875,NA
"HOBO","HOBO","21658972_ch1",2026-05-01 18:46:34,22.39123046875,NA
"HOBO","HOBO","21658972_ch1",2026-05-01 18:47:34,22.348330078125,NA
"HOBO","HOBO","21658972_ch1",2026-05-01 18:48:34,22.39123046875,NA
"HOBO","HOBO","21658972_ch1",2026-05-01 18:49:34,22.39123046875,NA
"HOBO","HOBO","21658972_ch1",2026-05-01 18:50:34,22.348330078125,NA
"HOBO","HOBO","21658972_ch1",2026-05-01 18:51:34,22.348330078125,NA
"HOBO","HOBO","21658972_ch1",2026-05-01 18:52:34,22.348330078125,NA
"HOBO","HOBO","21658972_ch1",2026-05-01 18:53:34,22.348330078125,NA
"HOBO","HOBO","21658972_ch1",2026-05-01 18:54:34,22.348330078125,NA
"HOBO","HOBO","21658972_ch1",2026-05-01 18:55:34,22.39123046875,NA
"HOBO","HOBO","21658972_ch1",2026-05-01 18:56:34,22.348330078125,NA
"HOBO","HOBO","21658972_ch1",2026-05-01 18:57:34,22.3054296875,NA
"HOBO","HOBO","21658972_ch1",2026-05-01 18:58:34,22.348330078125,NA
"HOBO","HOBO","21658972_ch1",2026-05-01 18:59:34,22.39123046875,NA
"HOBO","HOBO","21658972_ch2",2026-05-01 15:32:34,23.463740234375,NA
"HOBO","HOBO","21658972_ch2",2026-05-01 15:33:34,23.59244140625,NA
"HOBO","HOBO","21658972_ch2",2026-05-01 15:34:34,23.635341796875,NA
"HOBO","HOBO","21658972_ch2",2026-05-01 15:35:34,23.59244140625,NA
"HOBO","HOBO","21658972_ch2",2026-05-01 15:36:34,23.59244140625,NA
"HOBO","HOBO","21658972_ch2",2026-05-01 15:37:34,30.671005859375,NA
"HOBO","HOBO","21658972_ch2",2026-05-01 15:38:34,34.532041015625,NA
"HOBO","HOBO","21658972_ch2",2026-05-01 15:39:34,36.762861328125,NA
"HOBO","HOBO","21658972_ch2",2026-05-01 15:40:34,38.264375,NA
"HOBO","HOBO","21658972_ch2",2026-05-01 15:41:34,38.17857421875,NA
"HOBO","HOBO","21658972_ch2",2026-05-01 15:42:34,39.680087890625,NA
"HOBO","HOBO","21658972_ch2",2026-05-01 15:43:34,40.1519921875,NA
"HOBO","HOBO","21658972_ch2",2026-05-01 15:44:34,40.280693359375,NA
"HOBO","HOBO","21658972_ch2",2026-05-01 15:45:34,40.538095703125,NA
"HOBO","HOBO","21658972_ch2",2026-05-01 15:46:34,40.881298828125,NA
"HOBO","HOBO","21658972_ch2",2026-05-01 15:47:34,39.72298828125,NA
"HOBO","HOBO","21658972_ch2",2026-05-01 15:48:34,40.8383984375,NA
"HOBO","HOBO","21658972_ch2",2026-05-01 15:49:34,40.795498046875,NA
"HOBO","HOBO","21658972_ch2",2026-05-01 15:50:34,40.881298828125,NA
"HOBO","HOBO","21658972_ch2",2026-05-01 15:51:34,41.01,NA
"HOBO","HOBO","21658972_ch2",2026-05-01 15:52:34,41.1816015625,NA
"HOBO","HOBO","21658972_ch2",2026-05-01 15:53:34,41.26740234375,NA
"HOBO","HOBO","21658972_ch2",2026-05-01 15:54:34,41.26740234375,"hot"
"HOBO","HOBO","21658972_ch2",2026-05-01 15:55:34,41.43900390625,"hot"
"HOBO","HOBO","21658972_ch2",2026-05-01 15:56:34,41.396103515625,"hot"
"HOBO","HOBO","21658972_ch2",2026-05-01 15:57:34,41.69640625,"hot"
"HOBO","HOBO","21658972_ch2",2026-05-01 15:58:34,41.95380859375,"hot"
"HOBO","HOBO","21658972_ch2",2026-05-01 15:59:34,42.039609375,"hot"
"HOBO","HOBO","21658972_ch2",2026-05-01 16:00:34,41.996708984375,"hot"
"HOBO","HOBO","21658972_ch2",2026-05-01 16:01:34,41.910908203125,"hot"
"HOBO","HOBO","21658972_ch2",2026-05-01 16:02:34,41.8680078125,"hot"
"HOBO","HOBO","21658972_ch2",2026-05-01 16:03:34,41.78220703125,"hot"
"HOBO","HOBO","21658972_ch2",2026-05-01 16:04:34,41.61060546875,"hot"
"HOBO","HOBO","21658972_ch2",2026-05-01 16:05:34,41.43900390625,"hot"
"HOBO","HOBO","21658972_ch2",2026-05-01 16:06:34,41.310302734375,"hot"
"HOBO","HOBO","21658972_ch2",2026-05-01 16:07:34,41.224501953125,"hot"
"HOBO","HOBO","21658972_ch2",2026-05-01 16:08:34,41.224501953125,"hot"
"HOBO","HOBO","21658972_ch2",2026-05-01 16:09:34,41.61060546875,"hot"
"HOBO","HOBO","21658972_ch2",2026-05-01 16:10:34,41.78220703125,"hot"
"HOBO","HOBO","21658972_ch2",2026-05-01 16:11:34,41.825107421875,"hot"
"HOBO","HOBO","21658972_ch2",2026-05-01 16:12:34,41.825107421875,"hot"
"HOBO","HOBO","21658972_ch2",2026-05-01 16:13:34,41.825107421875,NA
"HOBO","HOBO","21658972_ch2",2026-05-01 16:14:34,42.168310546875,NA
"HOBO","HOBO","21658972_ch2",2026-05-01 16:15:34,42.2112109375,NA
"HOBO","HOBO","21658972_ch2",2026-05-01 16:16:34,42.425712890625,NA
"HOBO","HOBO","21658972_ch2",2026-05-01 16:17:34,42.254111328125,NA
"HOBO","HOBO","21658972_ch2",2026-05-01 16:18:34,42.29701171875,NA
"HOBO","HOBO","21658972_ch2",2026-05-01 16:19:34,42.168310546875,NA
"HOBO","HOBO","21658972_ch2",2026-05-01 16:20:34,42.12541015625,NA
"HOBO","HOBO","21658972_ch2",2026-05-01 16:21:34,42.12541015625,NA
"HOBO","HOBO","21658972_ch2",2026-05-01 16:22:34,42.039609375,NA
"HOBO","HOBO","21658972_ch2",2026-05-01 16:23:34,41.95380859375,NA
"HOBO","HOBO","21658972_ch2",2026-05-01 16:24:34,41.996708984375,NA
"HOBO","HOBO","21658972_ch2",2026-05-01 16:25:34,41.910908203125,NA
"HOBO","HOBO","21658972_ch2",2026-05-01 16:26:34,41.825107421875,NA
"HOBO","HOBO","21658972_ch2",2026-05-01 16:27:34,41.69640625,NA
"HOBO","HOBO","21658972_ch2",2026-05-01 16:28:34,41.567705078125,NA
"HOBO","HOBO","21658972_ch2",2026-05-01 16:29:34,41.43900390625,NA
"HOBO","HOBO","21658972_ch2",2026-05-01 16:30:34,41.26740234375,NA
"HOBO","HOBO","21658972_ch2",2026-05-01 16:31:34,37.921171875,NA
"HOBO","HOBO","21658972_ch2",2026-05-01 16:32:34,25.351357421875,NA
"HOBO","HOBO","21658972_ch2",2026-05-01 16:33:34,22.6486328125,NA
"HOBO","HOBO","21658972_ch2",2026-05-01 16:34:34,21.6190234375,NA
"HOBO","HOBO","21658972_ch2",2026-05-01 16:35:34,21.36162109375,NA
"HOBO","HOBO","21658972_ch2",2026-05-01 16:36:34,21.2758203125,NA
"HOBO","HOBO","21658972_ch2",2026-05-01 16:37:34,21.2758203125,NA
"HOBO","HOBO","21658972_ch2",2026-05-01 16:38:34,21.70482421875,NA
"HOBO","HOBO","21658972_ch2",2026-05-01 16:39:34,22.176728515625,NA
"HOBO","HOBO","21658972_ch2",2026-05-01 16:40:34,22.3054296875,NA
"HOBO","HOBO","21658972_ch2",2026-05-01 16:41:34,22.3054296875,NA
"HOBO","HOBO","21658972_ch2",2026-05-01 16:42:34,22.348330078125,NA
"HOBO","HOBO","21658972_ch2",2026-05-01 16:43:34,22.434130859375,NA
"HOBO","HOBO","21658972_ch2",2026-05-01 16:44:34,22.605732421875,NA
"HOBO","HOBO","21658972_ch2",2026-05-01 16:45:34,23.377939453125,NA
"HOBO","HOBO","21658972_ch2",2026-05-01 16:46:34,19.13080078125,NA
"HOBO","HOBO","21658972_ch2",2026-05-01 16:47:34,6.26068359375,NA
"HOBO","HOBO","21658972_ch2",2026-05-01 16:48:34,3.643759765625,NA
"HOBO","HOBO","21658972_ch2",2026-05-01 16:49:34,1.841943359375,NA
"HOBO","HOBO","21658972_ch2",2026-05-01 16:50:34,1.498740234375,NA
"HOBO","HOBO","21658972_ch2",2026-05-01 16:51:34,1.584541015625,NA
"HOBO","HOBO","21658972_ch2",2026-05-01 16:52:34,1.45583984375,NA
"HOBO","HOBO","21658972_ch2",2026-05-01 16:53:34,1.3700390625,NA
"HOBO","HOBO","21658972_ch2",2026-05-01 16:54:34,0.983935546874996,NA
"HOBO","HOBO","21658972_ch2",2026-05-01 16:55:34,0.726533203125001,NA
"HOBO","HOBO","21658972_ch2",2026-05-01 16:56:34,0.726533203125001,"ice"
"HOBO","HOBO","21658972_ch2",2026-05-01 16:57:34,0.683632812500001,"ice"
"HOBO","HOBO","21658972_ch2",2026-05-01 16:58:34,0.640732421875001,"ice"
"HOBO","HOBO","21658972_ch2",2026-05-01 16:59:34,0.640732421875001,"ice"
"HOBO","HOBO","21658972_ch2",2026-05-01 17:00:34,0.59783203125,"ice"
"HOBO","HOBO","21658972_ch2",2026-05-01 17:01:34,0.554931640625,"ice"
"HOBO","HOBO","21658972_ch2",2026-05-01 17:02:34,0.554931640625,"ice"
"HOBO","HOBO","21658972_ch2",2026-05-01 17:03:34,0.554931640625,"ice"
"HOBO","HOBO","21658972_ch2",2026-05-01 17:04:34,0.554931640625,"ice"
"HOBO","HOBO","21658972_ch2",2026-05-01 17:05:34,0.554931640625,"ice"
"HOBO","HOBO","21658972_ch2",2026-05-01 17:06:34,0.554931640625,"ice"
"HOBO","HOBO","21658972_ch2",2026-05-01 17:07:34,0.554931640625,"ice"
"HOBO","HOBO","21658972_ch2",2026-05-01 17:08:34,0.554931640625,"ice"
"HOBO","HOBO","21658972_ch2",2026-05-01 17:09:34,0.554931640625,"ice"
"HOBO","HOBO","21658972_ch2",2026-05-01 17:10:34,0.51203125,"ice"
"HOBO","HOBO","21658972_ch2",2026-05-01 17:11:34,0.554931640625,NA
"HOBO","HOBO","21658972_ch2",2026-05-01 17:12:34,0.554931640625,NA
"HOBO","HOBO","21658972_ch2",2026-05-01 17:13:34,0.51203125,NA
"HOBO","HOBO","21658972_ch2",2026-05-01 17:14:34,0.554931640625,NA
"HOBO","HOBO","21658972_ch2",2026-05-01 17:15:34,9.2637109375,NA
"HOBO","HOBO","21658972_ch2",2026-05-01 17:16:34,12.0093359375,NA
"HOBO","HOBO","21658972_ch2",2026-05-01 17:17:34,13.7253515625,NA
"HOBO","HOBO","21658972_ch2",2026-05-01 17:18:34,14.540458984375,NA
"HOBO","HOBO","21658972_ch2",2026-05-01 17:19:34,15.226865234375,NA
"HOBO","HOBO","21658972_ch2",2026-05-01 17:20:34,16.04197265625,NA
"HOBO","HOBO","21658972_ch2",2026-05-01 17:21:34,16.55677734375,NA
"HOBO","HOBO","21658972_ch2",2026-05-01 17:22:34,16.942880859375,NA
"HOBO","HOBO","21658972_ch2",2026-05-01 17:23:34,17.200283203125,NA
"HOBO","HOBO","21658972_ch2",2026-05-01 17:24:34,17.5005859375,NA
"HOBO","HOBO","21658972_ch2",2026-05-01 17:25:34,17.8437890625,NA
"HOBO","HOBO","21658972_ch2",2026-05-01 17:26:34,18.229892578125,NA
"HOBO","HOBO","21658972_ch2",2026-05-01 17:27:34,18.658896484375,NA
"HOBO","HOBO","21658972_ch2",2026-05-01 17:28:34,18.916298828125,NA
"HOBO","HOBO","21658972_ch2",2026-05-01 17:29:34,19.13080078125,NA
"HOBO","HOBO","21658972_ch2",2026-05-01 17:30:34,19.388203125,NA
"HOBO","HOBO","21658972_ch2",2026-05-01 17:31:34,19.5598046875,NA
"HOBO","HOBO","21658972_ch2",2026-05-01 17:32:34,19.602705078125,NA
"HOBO","HOBO","21658972_ch2",2026-05-01 17:33:34,19.73140625,NA
"HOBO","HOBO","21658972_ch2",2026-05-01 17:34:34,19.774306640625,NA
"HOBO","HOBO","21658972_ch2",2026-05-01 17:35:34,19.860107421875,NA
"HOBO","HOBO","21658972_ch2",2026-05-01 17:36:34,19.98880859375,NA
"HOBO","HOBO","21658972_ch2",2026-05-01 17:37:34,20.031708984375,NA
"HOBO","HOBO","21658972_ch2",2026-05-01 17:38:34,20.074609375,NA
"HOBO","HOBO","21658972_ch2",2026-05-01 17:39:34,20.203310546875,NA
"HOBO","HOBO","21658972_ch2",2026-05-01 17:40:34,20.16041015625,NA
"HOBO","HOBO","21658972_ch2",2026-05-01 17:41:34,20.203310546875,NA
"HOBO","HOBO","21658972_ch2",2026-05-01 17:42:34,20.289111328125,NA
"HOBO","HOBO","21658972_ch2",2026-05-01 17:43:34,20.4178125,NA
"HOBO","HOBO","21658972_ch2",2026-05-01 17:44:34,20.546513671875,NA
"HOBO","HOBO","21658972_ch2",2026-05-01 17:45:34,20.67521484375,NA
"HOBO","HOBO","21658972_ch2",2026-05-01 17:46:34,20.718115234375,NA
"HOBO","HOBO","21658972_ch2",2026-05-01 17:47:34,20.84681640625,NA
"HOBO","HOBO","21658972_ch2",2026-05-01 17:48:34,20.9326171875,NA
"HOBO","HOBO","21658972_ch2",2026-05-01 17:49:34,21.061318359375,NA
"HOBO","HOBO","21658972_ch2",2026-05-01 17:50:34,21.061318359375,NA
"HOBO","HOBO","21658972_ch2",2026-05-01 17:51:34,21.147119140625,NA
"HOBO","HOBO","21658972_ch2",2026-05-01 17:52:34,21.147119140625,NA
"HOBO","HOBO","21658972_ch2",2026-05-01 17:53:34,21.232919921875,NA
"HOBO","HOBO","21658972_ch2",2026-05-01 17:54:34,21.232919921875,NA
"HOBO","HOBO","21658972_ch2",2026-05-01 17:55:34,21.232919921875,NA
"HOBO","HOBO","21658972_ch2",2026-05-01 17:56:34,21.2758203125,NA
"HOBO","HOBO","21658972_ch2",2026-05-01 17:57:34,21.2758203125,NA
"HOBO","HOBO","21658972_ch2",2026-05-01 17:58:34,21.318720703125,NA
"HOBO","HOBO","21658972_ch2",2026-05-01 17:59:34,21.36162109375,NA
"HOBO","HOBO","21658972_ch2",2026-05-01 18:00:34,21.36162109375,NA
"HOBO","HOBO","21658972_ch2",2026-05-01 18:01:34,21.490322265625,NA
"HOBO","HOBO","21658972_ch2",2026-05-01 18:02:34,21.447421875,NA
"HOBO","HOBO","21658972_ch2",2026-05-01 18:03:34,21.490322265625,NA
"HOBO","HOBO","21658972_ch2",2026-05-01 18:04:34,21.490322265625,NA
"HOBO","HOBO","21658972_ch2",2026-05-01 18:05:34,21.490322265625,NA
"HOBO","HOBO","21658972_ch2",2026-05-01 18:06:34,21.53322265625,NA
"HOBO","HOBO","21658972_ch2",2026-05-01 18:07:34,21.53322265625,NA
"HOBO","HOBO","21658972_ch2",2026-05-01 18:08:34,21.53322265625,NA
"HOBO","HOBO","21658972_ch2",2026-05-01 18:09:34,21.576123046875,NA
"HOBO","HOBO","21658972_ch2",2026-05-01 18:10:34,21.576123046875,NA
"HOBO","HOBO","21658972_ch2",2026-05-01 18:11:34,21.6190234375,NA
"HOBO","HOBO","21658972_ch2",2026-05-01 18:12:34,21.6190234375,NA
"HOBO","HOBO","21658972_ch2",2026-05-01 18:13:34,21.661923828125,NA
"HOBO","HOBO","21658972_ch2",2026-05-01 18:14:34,21.747724609375,NA
"HOBO","HOBO","21658972_ch2",2026-05-01 18:15:34,21.747724609375,NA
"HOBO","HOBO","21658972_ch2",2026-05-01 18:16:34,21.747724609375,NA
"HOBO","HOBO","21658972_ch2",2026-05-01 18:17:34,21.747724609375,NA
"HOBO","HOBO","21658972_ch2",2026-05-01 18:18:34,21.790625,NA
"HOBO","HOBO","21658972_ch2",2026-05-01 18:19:34,21.790625,NA
"HOBO","HOBO","21658972_ch2",2026-05-01 18:20:34,21.833525390625,NA
"HOBO","HOBO","21658972_ch2",2026-05-01 18:21:34,21.833525390625,NA
"HOBO","HOBO","21658972_ch2",2026-05-01 18:22:34,21.833525390625,NA
"HOBO","HOBO","21658972_ch2",2026-05-01 18:23:34,21.87642578125,NA
"HOBO","HOBO","21658972_ch2",2026-05-01 18:24:34,21.919326171875,NA
"HOBO","HOBO","21658972_ch2",2026-05-01 18:25:34,21.9622265625,NA
"HOBO","HOBO","21658972_ch2",2026-05-01 18:26:34,21.9622265625,NA
"HOBO","HOBO","21658972_ch2",2026-05-01 18:27:34,21.9622265625,NA
"HOBO","HOBO","21658972_ch2",2026-05-01 18:28:34,22.005126953125,NA
"HOBO","HOBO","21658972_ch2",2026-05-01 18:29:34,22.04802734375,NA
"HOBO","HOBO","21658972_ch2",2026-05-01 18:30:34,22.090927734375,NA
"HOBO","HOBO","21658972_ch2",2026-05-01 18:31:34,22.090927734375,NA
"HOBO","HOBO","21658972_ch2",2026-05-01 18:32:34,22.133828125,NA
"HOBO","HOBO","21658972_ch2",2026-05-01 18:33:34,22.176728515625,NA
"HOBO","HOBO","21658972_ch2",2026-05-01 18:34:34,22.176728515625,NA
"HOBO","HOBO","21658972_ch2",2026-05-01 18:35:34,22.176728515625,NA
"HOBO","HOBO","21658972_ch2",2026-05-01 18:36:34,22.21962890625,NA
"HOBO","HOBO","21658972_ch2",2026-05-01 18:37:34,22.3054296875,NA
"HOBO","HOBO","21658972_ch2",2026-05-01 18:38:34,22.3054296875,NA
"HOBO","HOBO","21658972_ch2",2026-05-01 18:39:34,22.3054296875,NA
"HOBO","HOBO","21658972_ch2",2026-05-01 18:40:34,22.3054296875,NA
"HOBO","HOBO","21658972_ch2",2026-05-01 18:41:34,22.3054296875,NA
"HOBO","HOBO","21658972_ch2",2026-05-01 18:42:34,22.348330078125,NA
"HOBO","HOBO","21658972_ch2",2026-05-01 18:43:34,22.348330078125,NA
"HOBO","HOBO","21658972_ch2",2026-05-01 18:44:34,22.348330078125,NA
"HOBO","HOBO","21658972_ch2",2026-05-01 18:45:34,22.348330078125,NA
"HOBO","HOBO","21658972_ch2",2026-05-01 18:46:34,22.39123046875,NA
"HOBO","HOBO","21658972_ch2",2026-05-01 18:47:34,22.39123046875,NA
"HOBO","HOBO","21658972_ch2",2026-05-01 18:48:34,22.39123046875,NA
"HOBO","HOBO","21658972_ch2",2026-05-01 18:49:34,22.39123046875,NA
"HOBO","HOBO","21658972_ch2",2026-05-01 18:50:34,22.39123046875,NA
"HOBO","HOBO","21658972_ch2",2026-05-01 18:51:34,22.348330078125,NA
"HOBO","HOBO","21658972_ch2",2026-05-01 18:52:34,22.39123046875,NA
"HOBO","HOBO","21658972_ch2",2026-05-01 18:53:34,22.434130859375,NA
"HOBO","HOBO","21658972_ch2",2026-05-01 18:54:34,22.348330078125,NA
"HOBO","HOBO","21658972_ch2",2026-05-01 18:55:34,22.39123046875,NA
"HOBO","HOBO","21658972_ch2",2026-05-01 18:56:34,22.39123046875,NA
"HOBO","HOBO","21658972_ch2",2026-05-01 18:57:34,22.348330078125,NA
"HOBO","HOBO","21658972_ch2",2026-05-01 18:58:34,22.39123046875,NA
"HOBO","HOBO","21658972_ch2",2026-05-01 18:59:34,22.39123046875,NA
"Thermocouple","Thermocouple","thermocouple",2026-05-01 16:25:00,41.4,"hot"
"Thermocouple","Thermocouple","thermocouple",2026-05-01 16:26:00,41.3,"hot"
"Thermocouple","Thermocouple","thermocouple",2026-05-01 16:27:00,41.3,"hot"
"Thermocouple","Thermocouple","thermocouple",2026-05-01 16:28:00,41.2,"hot"
"Thermocouple","Thermocouple","thermocouple",2026-05-01 16:29:00,41.2,"hot"
"Thermocouple","Thermocouple","thermocouple",2026-05-01 16:30:00,41.1,"hot"
"Thermocouple","Thermocouple","thermocouple",2026-05-01 16:56:00,0.3,"ice"
"Thermocouple","Thermocouple","thermocouple",2026-05-01 16:57:00,0.3,"ice"
"Thermocouple","Thermocouple","thermocouple",2026-05-01 16:58:00,0.3,"ice"
"Thermocouple","Thermocouple","thermocouple",2026-05-01 16:59:00,0.2,"ice"
"Thermocouple","Thermocouple","thermocouple",2026-05-01 17:00:00,0.2,"ice"
"Thermocouple","Thermocouple","thermocouple",2026-05-01 17:01:00,0.2,"ice"
"Thermocouple","Thermocouple","thermocouple",2026-05-01 17:02:00,0.1,"ice"
"Thermocouple","Thermocouple","thermocouple",2026-05-01 17:03:00,0.2,"ice"
"Thermocouple","Thermocouple","thermocouple",2026-05-01 17:04:00,0.2,"ice"
"Thermocouple","Thermocouple","thermocouple",2026-05-01 17:05:00,0.2,"ice"
"Thermocouple","Thermocouple","thermocouple",2026-05-01 17:06:00,0.2,"ice"
"Thermocouple","Thermocouple","thermocouple",2026-05-01 17:07:00,0.2,"ice"
"Thermocouple","Thermocouple","thermocouple",2026-05-01 17:08:00,0.2,"ice"
"Thermocouple","Thermocouple","thermocouple",2026-05-01 17:09:00,0.2,"ice"
"Thermocouple","Thermocouple","thermocouple",2026-05-01 17:10:00,0.2,"ice"
"Thermocouple","Thermocouple","thermocouple",2026-05-01 17:11:00,0.2,"ice"
