"sensor_id","sensor_model","datetime","temp_c"
"2500000010027C53","DS1925",2026-05-04 18:00:56,23
"2500000010027C53","DS1925",2026-05-04 18:05:56,23
"2500000010027C53","DS1925",2026-05-04 18:10:56,23
"2500000010027C53","DS1925",2026-05-04 18:15:56,23
"2500000010027C53","DS1925",2026-05-04 18:20:56,23
"2500000010027C53","DS1925",2026-05-04 18:25:56,22.5
"2500000010027C53","DS1925",2026-05-04 18:30:56,22.5
"2500000010027C53","DS1925",2026-05-04 18:35:56,23
"2500000010027C53","DS1925",2026-05-04 18:40:56,22.5
"2500000010027C53","DS1925",2026-05-04 18:45:56,22.5
"2500000010027C53","DS1925",2026-05-04 18:50:56,22.5
"2500000010027C53","DS1925",2026-05-04 18:55:56,22.5
"2500000010027C53","DS1925",2026-05-04 19:00:56,22.5
"2500000010027C53","DS1925",2026-05-04 19:05:56,22.5
"2500000010027C53","DS1925",2026-05-04 19:10:56,22.5
"2500000010027C53","DS1925",2026-05-04 19:15:56,22.5
"2500000010027C53","DS1925",2026-05-04 19:20:56,22.5
"2500000010027C53","DS1925",2026-05-04 19:25:56,22.5
"2500000010027C53","DS1925",2026-05-04 19:30:56,22.5
"2500000010027C53","DS1925",2026-05-04 19:35:56,22.5
"2500000010027C53","DS1925",2026-05-04 19:40:56,22.5
"2500000010027C53","DS1925",2026-05-04 19:45:56,22.5
"2500000010027C53","DS1925",2026-05-04 19:50:56,22.5
"2500000010027C53","DS1925",2026-05-04 19:55:56,22.5
"2500000010027C53","DS1925",2026-05-04 20:00:56,22.5
"2500000010027C53","DS1925",2026-05-04 20:05:56,22.5
"2500000010027C53","DS1925",2026-05-04 20:10:56,22.5
"2500000010027C53","DS1925",2026-05-04 20:15:56,22.5
"2500000010027C53","DS1925",2026-05-04 20:20:56,22.5
"2500000010027C53","DS1925",2026-05-04 20:25:56,22.5
"2500000010027C53","DS1925",2026-05-04 20:30:56,22.5
"2500000010027C53","DS1925",2026-05-04 20:35:56,22.5
"2500000010027C53","DS1925",2026-05-04 20:40:56,22.5
"2500000010027C53","DS1925",2026-05-04 20:45:56,22.5
"2500000010027C53","DS1925",2026-05-04 20:50:56,22.5
"2500000010027C53","DS1925",2026-05-04 20:55:56,22.5
"2500000010027C53","DS1925",2026-05-04 21:00:56,22.5
"2500000010027C53","DS1925",2026-05-04 21:05:56,22.5
"2500000010027C53","DS1925",2026-05-04 21:10:56,22.5
"2500000010027C53","DS1925",2026-05-04 21:15:56,22.5
"2500000010027C53","DS1925",2026-05-04 21:20:56,22.5
"2500000010027C53","DS1925",2026-05-04 21:25:56,22.5
"2500000010027C53","DS1925",2026-05-04 21:30:56,22.5
"2500000010027C53","DS1925",2026-05-04 21:35:56,22.5
"2500000010027C53","DS1925",2026-05-04 21:40:56,22.5
"2500000010027C53","DS1925",2026-05-04 21:45:56,22.5
"2500000010027C53","DS1925",2026-05-04 21:50:56,22.5
"2500000010027C53","DS1925",2026-05-04 21:55:56,22.5
"2500000010027C53","DS1925",2026-05-04 22:00:56,22.5
"2500000010027C53","DS1925",2026-05-04 22:05:56,22.5
"2500000010027C53","DS1925",2026-05-04 22:10:56,22.5
"2500000010027C53","DS1925",2026-05-04 22:15:56,22.5
"2500000010027C53","DS1925",2026-05-04 22:20:56,22.5
"2500000010027C53","DS1925",2026-05-04 22:25:56,22.5
"2500000010027C53","DS1925",2026-05-04 22:30:56,22.5
"2500000010027C53","DS1925",2026-05-04 22:35:56,22.5
"2500000010027C53","DS1925",2026-05-04 22:40:56,22.5
"2500000010027C53","DS1925",2026-05-04 22:45:56,22.5
"2500000010027C53","DS1925",2026-05-04 22:50:56,22.5
"2500000010027C53","DS1925",2026-05-04 22:55:56,22.5
"2500000010027C53","DS1925",2026-05-04 23:00:56,22.5
"2500000010027C53","DS1925",2026-05-04 23:05:56,22.5
"2500000010027C53","DS1925",2026-05-04 23:10:56,22.5
"2500000010027C53","DS1925",2026-05-04 23:15:56,22.5
"2500000010027C53","DS1925",2026-05-04 23:20:56,22.5
"2500000010027C53","DS1925",2026-05-04 23:25:56,22.5
"2500000010027C53","DS1925",2026-05-04 23:30:56,22.5
"2500000010027C53","DS1925",2026-05-04 23:35:56,22.5
"2500000010027C53","DS1925",2026-05-04 23:40:56,22.5
"2500000010027C53","DS1925",2026-05-04 23:45:56,22.5
"2500000010027C53","DS1925",2026-05-04 23:50:56,22.5
"2500000010027C53","DS1925",2026-05-04 23:55:56,22.5
"2500000010027C53","DS1925",2026-05-05 00:00:56,22.5
"2500000010027C53","DS1925",2026-05-05 00:05:56,22.5
"2500000010027C53","DS1925",2026-05-05 00:10:56,22.5
"2500000010027C53","DS1925",2026-05-05 00:15:56,22.5
"2500000010027C53","DS1925",2026-05-05 00:20:56,22.5
"2500000010027C53","DS1925",2026-05-05 00:25:56,22.5
"2500000010027C53","DS1925",2026-05-05 00:30:56,22.5
"2500000010027C53","DS1925",2026-05-05 00:35:56,22.5
"2500000010027C53","DS1925",2026-05-05 00:40:56,22.5
"2500000010027C53","DS1925",2026-05-05 00:45:56,22.5
"2500000010027C53","DS1925",2026-05-05 00:50:56,22
"2500000010027C53","DS1925",2026-05-05 00:55:56,22.5
"2500000010027C53","DS1925",2026-05-05 01:00:56,22.5
"2500000010027C53","DS1925",2026-05-05 01:05:56,22.5
"2500000010027C53","DS1925",2026-05-05 01:10:56,22.5
"2500000010027C53","DS1925",2026-05-05 01:15:56,22.5
"2500000010027C53","DS1925",2026-05-05 01:20:56,22.5
"2500000010027C53","DS1925",2026-05-05 01:25:56,22.5
"2500000010027C53","DS1925",2026-05-05 01:30:56,22.5
"2500000010027C53","DS1925",2026-05-05 01:35:56,22.5
"2500000010027C53","DS1925",2026-05-05 01:40:56,22
"2500000010027C53","DS1925",2026-05-05 01:45:56,22
"2500000010027C53","DS1925",2026-05-05 01:50:56,22.5
"2500000010027C53","DS1925",2026-05-05 01:55:56,22
"2500000010027C53","DS1925",2026-05-05 02:00:56,22
"2500000010027C53","DS1925",2026-05-05 02:05:56,22
"2500000010027C53","DS1925",2026-05-05 02:10:56,22
"2500000010027C53","DS1925",2026-05-05 02:15:56,22
"2500000010027C53","DS1925",2026-05-05 02:20:56,22
"2500000010027C53","DS1925",2026-05-05 02:25:56,22
"2500000010027C53","DS1925",2026-05-05 02:30:56,22
"2500000010027C53","DS1925",2026-05-05 02:35:56,22
"2500000010027C53","DS1925",2026-05-05 02:40:56,22
"2500000010027C53","DS1925",2026-05-05 02:45:56,22
"2500000010027C53","DS1925",2026-05-05 02:50:56,22
"2500000010027C53","DS1925",2026-05-05 02:55:56,22
"2500000010027C53","DS1925",2026-05-05 03:00:56,22
"2500000010027C53","DS1925",2026-05-05 03:05:56,22
"2500000010027C53","DS1925",2026-05-05 03:10:56,22
"2500000010027C53","DS1925",2026-05-05 03:15:56,22
"2500000010027C53","DS1925",2026-05-05 03:20:56,22
"2500000010027C53","DS1925",2026-05-05 03:25:56,22
"2500000010027C53","DS1925",2026-05-05 03:30:56,22
"2500000010027C53","DS1925",2026-05-05 03:35:56,22
"2500000010027C53","DS1925",2026-05-05 03:40:56,22
"2500000010027C53","DS1925",2026-05-05 03:45:56,22
"2500000010027C53","DS1925",2026-05-05 03:50:56,22
"2500000010027C53","DS1925",2026-05-05 03:55:56,22
"2500000010027C53","DS1925",2026-05-05 04:00:56,22
"2500000010027C53","DS1925",2026-05-05 04:05:56,22
"2500000010027C53","DS1925",2026-05-05 04:10:56,22
"2500000010027C53","DS1925",2026-05-05 04:15:56,22
"2500000010027C53","DS1925",2026-05-05 04:20:56,22
"2500000010027C53","DS1925",2026-05-05 04:25:56,22
"2500000010027C53","DS1925",2026-05-05 04:30:56,22
"2500000010027C53","DS1925",2026-05-05 04:35:56,22
"2500000010027C53","DS1925",2026-05-05 04:40:56,22
"2500000010027C53","DS1925",2026-05-05 04:45:56,22
"2500000010027C53","DS1925",2026-05-05 04:50:56,22
"2500000010027C53","DS1925",2026-05-05 04:55:56,22
"2500000010027C53","DS1925",2026-05-05 05:00:56,22
"2500000010027C53","DS1925",2026-05-05 05:05:56,22
"2500000010027C53","DS1925",2026-05-05 05:10:56,22
"2500000010027C53","DS1925",2026-05-05 05:15:56,22
"2500000010027C53","DS1925",2026-05-05 05:20:56,22
"2500000010027C53","DS1925",2026-05-05 05:25:56,22
"2500000010027C53","DS1925",2026-05-05 05:30:56,22
"2500000010027C53","DS1925",2026-05-05 05:35:56,22
"2500000010027C53","DS1925",2026-05-05 05:40:56,22
"2500000010027C53","DS1925",2026-05-05 05:45:56,21.5
"2500000010027C53","DS1925",2026-05-05 05:50:56,21.5
"2500000010027C53","DS1925",2026-05-05 05:55:56,21.5
"2500000010027C53","DS1925",2026-05-05 06:00:56,22
"2500000010027C53","DS1925",2026-05-05 06:05:56,21.5
"2500000010027C53","DS1925",2026-05-05 06:10:56,21.5
"2500000010027C53","DS1925",2026-05-05 06:15:56,21.5
"2500000010027C53","DS1925",2026-05-05 06:20:56,21.5
"2500000010027C53","DS1925",2026-05-05 06:25:56,21.5
"2500000010027C53","DS1925",2026-05-05 06:30:56,21.5
"2500000010027C53","DS1925",2026-05-05 06:35:56,21.5
"2500000010027C53","DS1925",2026-05-05 06:40:56,21.5
"2500000010027C53","DS1925",2026-05-05 06:45:56,21.5
"2500000010027C53","DS1925",2026-05-05 06:50:56,21.5
"2500000010027C53","DS1925",2026-05-05 06:55:56,21.5
"2500000010027C53","DS1925",2026-05-05 07:00:56,22
"2500000010027C53","DS1925",2026-05-05 07:05:56,21.5
"2500000010027C53","DS1925",2026-05-05 07:10:56,21.5
"2500000010027C53","DS1925",2026-05-05 07:15:56,21.5
"2500000010027C53","DS1925",2026-05-05 07:20:56,21.5
"2500000010027C53","DS1925",2026-05-05 07:25:56,21.5
"2500000010027C53","DS1925",2026-05-05 07:30:56,21.5
"2500000010027C53","DS1925",2026-05-05 07:35:56,21.5
"2500000010027C53","DS1925",2026-05-05 07:40:56,21.5
"2500000010027C53","DS1925",2026-05-05 07:45:56,21.5
"2500000010027C53","DS1925",2026-05-05 07:50:56,21.5
"2500000010027C53","DS1925",2026-05-05 07:55:56,21.5
"2500000010027C53","DS1925",2026-05-05 08:00:56,21.5
"2500000010027C53","DS1925",2026-05-05 08:05:56,21.5
"2500000010027C53","DS1925",2026-05-05 08:10:56,22
"2500000010027C53","DS1925",2026-05-05 08:15:56,21.5
"2500000010027C53","DS1925",2026-05-05 08:20:56,22
"2500000010027C53","DS1925",2026-05-05 08:25:56,22
"2500000010027C53","DS1925",2026-05-05 08:30:56,21.5
"2500000010027C53","DS1925",2026-05-05 08:35:56,22
"2500000010027C53","DS1925",2026-05-05 08:40:56,22
"2500000010027C53","DS1925",2026-05-05 08:45:56,21.5
"2500000010027C53","DS1925",2026-05-05 08:50:56,22
"2500000010027C53","DS1925",2026-05-05 08:55:56,22
"2500000010027C53","DS1925",2026-05-05 09:00:56,22
"2500000010027C53","DS1925",2026-05-05 09:05:56,22
"2500000010027C53","DS1925",2026-05-05 09:10:56,22
"2500000010027C53","DS1925",2026-05-05 09:15:56,22
"2500000010027C53","DS1925",2026-05-05 09:20:56,22
"2500000010027C53","DS1925",2026-05-05 09:25:56,22
"2500000010027C53","DS1925",2026-05-05 09:30:56,22
"2500000010027C53","DS1925",2026-05-05 09:35:56,22
"2500000010027C53","DS1925",2026-05-05 09:40:56,22
"2500000010027C53","DS1925",2026-05-05 09:45:56,22
"2500000010027C53","DS1925",2026-05-05 09:50:56,22
"2500000010027C53","DS1925",2026-05-05 09:55:56,22
"2500000010027C53","DS1925",2026-05-05 10:00:56,22
"2500000010027C53","DS1925",2026-05-05 10:05:56,22
"2500000010027C53","DS1925",2026-05-05 10:10:56,22
"2500000010027C53","DS1925",2026-05-05 10:15:56,22
"2500000010027C53","DS1925",2026-05-05 10:20:56,22
"2500000010027C53","DS1925",2026-05-05 10:25:56,22
"2500000010027C53","DS1925",2026-05-05 10:30:56,22
"2500000010027C53","DS1925",2026-05-05 10:35:56,22
"2500000010027C53","DS1925",2026-05-05 10:40:56,22
"2500000010027C53","DS1925",2026-05-05 10:45:56,22
"2500000010027C53","DS1925",2026-05-05 10:50:56,22
"2500000010027C53","DS1925",2026-05-05 10:55:56,22
"2500000010027C53","DS1925",2026-05-05 11:00:56,22
"2500000010027C53","DS1925",2026-05-05 11:05:56,22
"2500000010027C53","DS1925",2026-05-05 11:10:56,22
"2500000010027C53","DS1925",2026-05-05 11:15:56,22
"2500000010027C53","DS1925",2026-05-05 11:20:56,22
"2500000010027C53","DS1925",2026-05-05 11:25:56,22
"2500000010027C53","DS1925",2026-05-05 11:30:56,22
"2500000010027C53","DS1925",2026-05-05 11:35:56,22
"2500000010027C53","DS1925",2026-05-05 11:40:56,22
"2500000010027C53","DS1925",2026-05-05 11:45:56,22
"2500000010027C53","DS1925",2026-05-05 11:50:56,22
"2500000010027C53","DS1925",2026-05-05 11:55:56,22
"2500000010027C53","DS1925",2026-05-05 12:00:56,22
"2500000010027C53","DS1925",2026-05-05 12:05:56,22
"2500000010027C53","DS1925",2026-05-05 12:10:56,22.5
"2500000010027C53","DS1925",2026-05-05 12:15:56,22
"2500000010027C53","DS1925",2026-05-05 12:20:56,22
"2500000010027C53","DS1925",2026-05-05 12:25:56,22.5
"2500000010027C53","DS1925",2026-05-05 12:30:56,22.5
"2500000010027C53","DS1925",2026-05-05 12:35:56,22.5
"2500000010027C53","DS1925",2026-05-05 12:40:56,22.5
"2500000010027C53","DS1925",2026-05-05 12:45:56,22.5
"2500000010027C53","DS1925",2026-05-05 12:50:56,22.5
"2500000010027C53","DS1925",2026-05-05 12:55:56,22.5
"2500000010027C53","DS1925",2026-05-05 13:00:56,22.5
"2500000010027C53","DS1925",2026-05-05 13:05:56,22.5
"2500000010027C53","DS1925",2026-05-05 13:10:56,23
"2500000010027C53","DS1925",2026-05-05 13:15:56,23
"2500000010027C53","DS1925",2026-05-05 13:20:56,23
"2500000010027C53","DS1925",2026-05-05 13:25:56,23
"2500000010027C53","DS1925",2026-05-05 13:30:56,23
"2500000010027C53","DS1925",2026-05-05 13:35:56,23
"2500000010027C53","DS1925",2026-05-05 13:40:56,23
"2500000010027C53","DS1925",2026-05-05 13:45:56,23
"2500000010027C53","DS1925",2026-05-05 13:50:56,23
"2500000010027C53","DS1925",2026-05-05 13:55:56,23
"2500000010027C53","DS1925",2026-05-05 14:00:56,23
"2500000010027C53","DS1925",2026-05-05 14:05:56,23
"2500000010027C53","DS1925",2026-05-05 14:10:56,23
"2500000010027C53","DS1925",2026-05-05 14:15:56,23
"2500000010027C53","DS1925",2026-05-05 14:20:56,23
"2500000010027C53","DS1925",2026-05-05 14:25:56,23
"2500000010027C53","DS1925",2026-05-05 14:30:56,23
"2500000010027C53","DS1925",2026-05-05 14:35:56,23
"2500000010027C53","DS1925",2026-05-05 14:40:56,23
"2500000010027C53","DS1925",2026-05-05 14:45:56,23
"2500000010027C53","DS1925",2026-05-05 14:50:56,23
"2500000010027C53","DS1925",2026-05-05 14:55:56,23
"2500000010027C53","DS1925",2026-05-05 15:00:56,23
"2500000010027C53","DS1925",2026-05-05 15:05:56,23
"2500000010027C53","DS1925",2026-05-05 15:10:56,23
"2500000010027C53","DS1925",2026-05-05 15:15:56,22.5
"2500000010027C53","DS1925",2026-05-05 15:20:56,22.5
"2500000010027C53","DS1925",2026-05-05 15:25:56,22
"2500000010027C53","DS1925",2026-05-05 15:30:56,22
"2500000010027C53","DS1925",2026-05-05 15:35:56,21.5
"2500000010027C53","DS1925",2026-05-05 15:40:56,21.5
"2500000010027C53","DS1925",2026-05-05 15:45:56,21
"2500000010027C53","DS1925",2026-05-05 15:50:56,21
"2500000010027C53","DS1925",2026-05-05 15:55:56,20.5
"2500000010027C53","DS1925",2026-05-05 16:00:56,20.5
"2500000010027C53","DS1925",2026-05-05 16:05:56,20.5
"2500000010027C53","DS1925",2026-05-05 16:10:56,20.5
"2500000010027C53","DS1925",2026-05-05 16:15:56,20
"2500000010027C53","DS1925",2026-05-05 16:20:56,20
"2500000010027C53","DS1925",2026-05-05 16:25:56,20
"2500000010027C53","DS1925",2026-05-05 16:30:56,20
"2500000010027C53","DS1925",2026-05-05 16:35:56,20
"2500000010027C53","DS1925",2026-05-05 16:40:56,20
"2500000010027C53","DS1925",2026-05-05 16:45:56,20
"2500000010027C53","DS1925",2026-05-05 16:50:56,20
"2500000010027C53","DS1925",2026-05-05 16:55:56,20
"2500000010027C53","DS1925",2026-05-05 17:00:56,19.5
"2500000010027C53","DS1925",2026-05-05 17:05:56,19.5
"2500000010027C53","DS1925",2026-05-05 17:10:56,19.5
"2500000010027C53","DS1925",2026-05-05 17:15:56,19.5
"2500000010027C53","DS1925",2026-05-05 17:20:56,19
"2500000010027C53","DS1925",2026-05-05 17:25:56,19
"2500000010027C53","DS1925",2026-05-05 17:30:56,19
"2500000010027C53","DS1925",2026-05-05 17:35:56,19
"2500000010027C53","DS1925",2026-05-05 17:40:56,18.5
"2500000010027C53","DS1925",2026-05-05 17:45:56,18.5
"2500000010027C53","DS1925",2026-05-05 17:50:56,18.5
"2500000010027C53","DS1925",2026-05-05 17:55:56,18
"2500000010027C53","DS1925",2026-05-05 18:00:56,18
"2500000010027C53","DS1925",2026-05-05 18:05:56,18
"2500000010027C53","DS1925",2026-05-05 18:10:56,17.5
"2500000010027C53","DS1925",2026-05-05 18:15:56,17.5
"2500000010027C53","DS1925",2026-05-05 18:20:56,17
"2500000010027C53","DS1925",2026-05-05 18:25:56,17
"2500000010027C53","DS1925",2026-05-05 18:30:56,17
"2500000010027C53","DS1925",2026-05-05 18:35:56,16.5
"2500000010027C53","DS1925",2026-05-05 18:40:56,16
"2500000010027C53","DS1925",2026-05-05 18:45:56,16
"2500000010027C53","DS1925",2026-05-05 18:50:56,15.5
"2500000010027C53","DS1925",2026-05-05 18:55:56,15.5
"2500000010027C53","DS1925",2026-05-05 19:00:56,15
"2500000010027C53","DS1925",2026-05-05 19:05:56,15
"2500000010027C53","DS1925",2026-05-05 19:10:56,15
"2500000010027C53","DS1925",2026-05-05 19:15:56,15
"2500000010027C53","DS1925",2026-05-05 19:20:56,15
"2500000010027C53","DS1925",2026-05-05 19:25:56,14.5
"2500000010027C53","DS1925",2026-05-05 19:30:56,14.5
"2500000010027C53","DS1925",2026-05-05 19:35:56,14.5
"2500000010027C53","DS1925",2026-05-05 19:40:56,14.5
"2500000010027C53","DS1925",2026-05-05 19:45:56,14.5
"2500000010027C53","DS1925",2026-05-05 19:50:56,14
"2500000010027C53","DS1925",2026-05-05 19:55:56,14
"2500000010027C53","DS1925",2026-05-05 20:00:56,14
"2500000010027C53","DS1925",2026-05-05 20:05:56,14
"2500000010027C53","DS1925",2026-05-05 20:10:56,14
"2500000010027C53","DS1925",2026-05-05 20:15:56,14
"2500000010027C53","DS1925",2026-05-05 20:20:56,13.5
"2500000010027C53","DS1925",2026-05-05 20:25:56,13.5
"2500000010027C53","DS1925",2026-05-05 20:30:56,13.5
"2500000010027C53","DS1925",2026-05-05 20:35:56,13.5
"2500000010027C53","DS1925",2026-05-05 20:40:56,13.5
"2500000010027C53","DS1925",2026-05-05 20:45:56,13
"2500000010027C53","DS1925",2026-05-05 20:50:56,13
"2500000010027C53","DS1925",2026-05-05 20:55:56,13
"2500000010027C53","DS1925",2026-05-05 21:00:56,13
"2500000010027C53","DS1925",2026-05-05 21:05:56,13
"2500000010027C53","DS1925",2026-05-05 21:10:56,13
"2500000010027C53","DS1925",2026-05-05 21:15:56,12.5
"2500000010027C53","DS1925",2026-05-05 21:20:56,12.5
"2500000010027C53","DS1925",2026-05-05 21:25:56,12.5
"2500000010027C53","DS1925",2026-05-05 21:30:56,12.5
"2500000010027C53","DS1925",2026-05-05 21:35:56,12.5
"2500000010027C53","DS1925",2026-05-05 21:40:56,12.5
"2500000010027C53","DS1925",2026-05-05 21:45:56,12
"2500000010027C53","DS1925",2026-05-05 21:50:56,12
"2500000010027C53","DS1925",2026-05-05 21:55:56,12
"2500000010027C53","DS1925",2026-05-05 22:00:56,12
"2500000010027C53","DS1925",2026-05-05 22:05:56,12
"2500000010027C53","DS1925",2026-05-05 22:10:56,12
"2500000010027C53","DS1925",2026-05-05 22:15:56,12
"2500000010027C53","DS1925",2026-05-05 22:20:56,11.5
"2500000010027C53","DS1925",2026-05-05 22:25:56,11.5
"2500000010027C53","DS1925",2026-05-05 22:30:56,11.5
"2500000010027C53","DS1925",2026-05-05 22:35:56,11.5
"2500000010027C53","DS1925",2026-05-05 22:40:56,11.5
"2500000010027C53","DS1925",2026-05-05 22:45:56,11.5
"2500000010027C53","DS1925",2026-05-05 22:50:56,11.5
"2500000010027C53","DS1925",2026-05-05 22:55:56,11.5
"2500000010027C53","DS1925",2026-05-05 23:00:56,11.5
"2500000010027C53","DS1925",2026-05-05 23:05:56,11.5
"2500000010027C53","DS1925",2026-05-05 23:10:56,11.5
"2500000010027C53","DS1925",2026-05-05 23:15:56,11
"2500000010027C53","DS1925",2026-05-05 23:20:56,11
"2500000010027C53","DS1925",2026-05-05 23:25:56,11
"2500000010027C53","DS1925",2026-05-05 23:30:56,11
"2500000010027C53","DS1925",2026-05-05 23:35:56,11
"2500000010027C53","DS1925",2026-05-05 23:40:56,11
"2500000010027C53","DS1925",2026-05-05 23:45:56,11
"2500000010027C53","DS1925",2026-05-05 23:50:56,11
"2500000010027C53","DS1925",2026-05-05 23:55:56,11
"2500000010027C53","DS1925",2026-05-06 00:00:56,11
"2500000010027C53","DS1925",2026-05-06 00:05:56,11
"2500000010027C53","DS1925",2026-05-06 00:10:56,11
"2500000010027C53","DS1925",2026-05-06 00:15:56,11
"2500000010027C53","DS1925",2026-05-06 00:20:56,10.5
"2500000010027C53","DS1925",2026-05-06 00:25:56,10.5
"2500000010027C53","DS1925",2026-05-06 00:30:56,10.5
"2500000010027C53","DS1925",2026-05-06 00:35:56,10.5
"2500000010027C53","DS1925",2026-05-06 00:40:56,10.5
"2500000010027C53","DS1925",2026-05-06 00:45:56,10.5
"2500000010027C53","DS1925",2026-05-06 00:50:56,10.5
"2500000010027C53","DS1925",2026-05-06 00:55:56,10.5
"2500000010027C53","DS1925",2026-05-06 01:00:56,10.5
"2500000010027C53","DS1925",2026-05-06 01:05:56,10.5
"2500000010027C53","DS1925",2026-05-06 01:10:56,10.5
"2500000010027C53","DS1925",2026-05-06 01:15:56,10.5
"2500000010027C53","DS1925",2026-05-06 01:20:56,10
"2500000010027C53","DS1925",2026-05-06 01:25:56,10
"2500000010027C53","DS1925",2026-05-06 01:30:56,10
"2500000010027C53","DS1925",2026-05-06 01:35:56,10
"2500000010027C53","DS1925",2026-05-06 01:40:56,10
"2500000010027C53","DS1925",2026-05-06 01:45:56,10
"2500000010027C53","DS1925",2026-05-06 01:50:56,10
"2500000010027C53","DS1925",2026-05-06 01:55:56,10
"2500000010027C53","DS1925",2026-05-06 02:00:56,10
"2500000010027C53","DS1925",2026-05-06 02:05:56,10
"2500000010027C53","DS1925",2026-05-06 02:10:56,10
"2500000010027C53","DS1925",2026-05-06 02:15:56,10
"2500000010027C53","DS1925",2026-05-06 02:20:56,9.5
"2500000010027C53","DS1925",2026-05-06 02:25:56,9.5
"2500000010027C53","DS1925",2026-05-06 02:30:56,9.5
"2500000010027C53","DS1925",2026-05-06 02:35:56,9.5
"2500000010027C53","DS1925",2026-05-06 02:40:56,9.5
"2500000010027C53","DS1925",2026-05-06 02:45:56,9.5
"2500000010027C53","DS1925",2026-05-06 02:50:56,9.5
"2500000010027C53","DS1925",2026-05-06 02:55:56,9.5
"2500000010027C53","DS1925",2026-05-06 03:00:56,9.5
"2500000010027C53","DS1925",2026-05-06 03:05:56,9.5
"2500000010027C53","DS1925",2026-05-06 03:10:56,9.5
"2500000010027C53","DS1925",2026-05-06 03:15:56,9.5
"2500000010027C53","DS1925",2026-05-06 03:20:56,9.5
"2500000010027C53","DS1925",2026-05-06 03:25:56,9.5
"2500000010027C53","DS1925",2026-05-06 03:30:56,9.5
"2500000010027C53","DS1925",2026-05-06 03:35:56,9
"2500000010027C53","DS1925",2026-05-06 03:40:56,9
"2500000010027C53","DS1925",2026-05-06 03:45:56,9
"2500000010027C53","DS1925",2026-05-06 03:50:56,9
"2500000010027C53","DS1925",2026-05-06 03:55:56,9
"2500000010027C53","DS1925",2026-05-06 04:00:56,9
"2500000010027C53","DS1925",2026-05-06 04:05:56,9
"2500000010027C53","DS1925",2026-05-06 04:10:56,9
"2500000010027C53","DS1925",2026-05-06 04:15:56,9
"2500000010027C53","DS1925",2026-05-06 04:20:56,9
"2500000010027C53","DS1925",2026-05-06 04:25:56,9
"2500000010027C53","DS1925",2026-05-06 04:30:56,9
"2500000010027C53","DS1925",2026-05-06 04:35:56,9
"2500000010027C53","DS1925",2026-05-06 04:40:56,9
"2500000010027C53","DS1925",2026-05-06 04:45:56,9
"2500000010027C53","DS1925",2026-05-06 04:50:56,9
"2500000010027C53","DS1925",2026-05-06 04:55:56,9
"2500000010027C53","DS1925",2026-05-06 05:00:56,9
"2500000010027C53","DS1925",2026-05-06 05:05:56,9
"2500000010027C53","DS1925",2026-05-06 05:10:56,9
"2500000010027C53","DS1925",2026-05-06 05:15:56,9
"2500000010027C53","DS1925",2026-05-06 05:20:56,9
"2500000010027C53","DS1925",2026-05-06 05:25:56,9
"2500000010027C53","DS1925",2026-05-06 05:30:56,9
"2500000010027C53","DS1925",2026-05-06 05:35:56,8.5
"2500000010027C53","DS1925",2026-05-06 05:40:56,8.5
"2500000010027C53","DS1925",2026-05-06 05:45:56,8.5
"2500000010027C53","DS1925",2026-05-06 05:50:56,8.5
"2500000010027C53","DS1925",2026-05-06 05:55:56,8.5
"2500000010027C53","DS1925",2026-05-06 06:00:56,8.5
"2500000010027C53","DS1925",2026-05-06 06:05:56,8.5
"2500000010027C53","DS1925",2026-05-06 06:10:56,8.5
"2500000010027C53","DS1925",2026-05-06 06:15:56,8.5
"2500000010027C53","DS1925",2026-05-06 06:20:56,8.5
"2500000010027C53","DS1925",2026-05-06 06:25:56,8.5
"2500000010027C53","DS1925",2026-05-06 06:30:56,8.5
"2500000010027C53","DS1925",2026-05-06 06:35:56,8.5
"2500000010027C53","DS1925",2026-05-06 06:40:56,8.5
"2500000010027C53","DS1925",2026-05-06 06:45:56,8.5
"2500000010027C53","DS1925",2026-05-06 06:50:56,8.5
"2500000010027C53","DS1925",2026-05-06 06:55:56,8.5
"2500000010027C53","DS1925",2026-05-06 07:00:56,8.5
"2500000010027C53","DS1925",2026-05-06 07:05:56,8.5
"2500000010027C53","DS1925",2026-05-06 07:10:56,8.5
"2500000010027C53","DS1925",2026-05-06 07:15:56,8.5
"2500000010027C53","DS1925",2026-05-06 07:20:56,8.5
"2500000010027C53","DS1925",2026-05-06 07:25:56,8.5
"2500000010027C53","DS1925",2026-05-06 07:30:56,8.5
"2500000010027C53","DS1925",2026-05-06 07:35:56,8.5
"2500000010027C53","DS1925",2026-05-06 07:40:56,8.5
"2500000010027C53","DS1925",2026-05-06 07:45:56,9
"2500000010027C53","DS1925",2026-05-06 07:50:56,9
"2500000010027C53","DS1925",2026-05-06 07:55:56,9
"2500000010027C53","DS1925",2026-05-06 08:00:56,9
"2500000010027C53","DS1925",2026-05-06 08:05:56,9
"2500000010027C53","DS1925",2026-05-06 08:10:56,9
"2500000010027C53","DS1925",2026-05-06 08:15:56,9
"2500000010027C53","DS1925",2026-05-06 08:20:56,9
"2500000010027C53","DS1925",2026-05-06 08:25:56,9
"2500000010027C53","DS1925",2026-05-06 08:30:56,9
"2500000010027C53","DS1925",2026-05-06 08:35:56,9
"2500000010027C53","DS1925",2026-05-06 08:40:56,9
"2500000010027C53","DS1925",2026-05-06 08:45:56,9
"2500000010027C53","DS1925",2026-05-06 08:50:56,9
"2500000010027C53","DS1925",2026-05-06 08:55:56,9
"2500000010027C53","DS1925",2026-05-06 09:00:56,9
"2500000010027C53","DS1925",2026-05-06 09:05:56,9
"2500000010027C53","DS1925",2026-05-06 09:10:56,9
"2500000010027C53","DS1925",2026-05-06 09:15:56,9
"2500000010027C53","DS1925",2026-05-06 09:20:56,9
"2500000010027C53","DS1925",2026-05-06 09:25:56,9.5
"2500000010027C53","DS1925",2026-05-06 09:30:56,9.5
"2500000010027C53","DS1925",2026-05-06 09:35:56,9.5
"2500000010027C53","DS1925",2026-05-06 09:40:56,9.5
"2500000010027C53","DS1925",2026-05-06 09:45:56,9.5
"2500000010027C53","DS1925",2026-05-06 09:50:56,9.5
"2500000010027C53","DS1925",2026-05-06 09:55:56,9.5
"2500000010027C53","DS1925",2026-05-06 10:00:56,9.5
"2500000010027C53","DS1925",2026-05-06 10:05:56,9.5
"2500000010027C53","DS1925",2026-05-06 10:10:56,9.5
"2500000010027C53","DS1925",2026-05-06 10:15:56,9.5
"2500000010027C53","DS1925",2026-05-06 10:20:56,9.5
"2500000010027C53","DS1925",2026-05-06 10:25:56,10
"2500000010027C53","DS1925",2026-05-06 10:30:56,10
"2500000010027C53","DS1925",2026-05-06 10:35:56,10
"2500000010027C53","DS1925",2026-05-06 10:40:56,10
"2500000010027C53","DS1925",2026-05-06 10:45:56,10
"2500000010027C53","DS1925",2026-05-06 10:50:56,10
"2500000010027C53","DS1925",2026-05-06 10:55:56,10
"2500000010027C53","DS1925",2026-05-06 11:00:56,10
"2500000010027C53","DS1925",2026-05-06 11:05:56,10.5
"2500000010027C53","DS1925",2026-05-06 11:10:56,10.5
"2500000010027C53","DS1925",2026-05-06 11:15:56,10.5
"2500000010027C53","DS1925",2026-05-06 11:20:56,10.5
"2500000010027C53","DS1925",2026-05-06 11:25:56,10.5
"2500000010027C53","DS1925",2026-05-06 11:30:56,11
"2500000010027C53","DS1925",2026-05-06 11:35:56,11
"2500000010027C53","DS1925",2026-05-06 11:40:56,11
"2500000010027C53","DS1925",2026-05-06 11:45:56,11
"2500000010027C53","DS1925",2026-05-06 11:50:56,11.5
"2500000010027C53","DS1925",2026-05-06 11:55:56,11.5
"2500000010027C53","DS1925",2026-05-06 12:00:56,11.5
"2500000010027C53","DS1925",2026-05-06 12:05:56,11.5
"2500000010027C53","DS1925",2026-05-06 12:10:56,11.5
"2500000010027C53","DS1925",2026-05-06 12:15:56,11.5
"2500000010027C53","DS1925",2026-05-06 12:20:56,11.5
"2500000010027C53","DS1925",2026-05-06 12:25:56,11.5
"2500000010027C53","DS1925",2026-05-06 12:30:56,11.5
"2500000010027C53","DS1925",2026-05-06 12:35:56,11.5
"2500000010027C53","DS1925",2026-05-06 12:40:56,11.5
"2500000010027C53","DS1925",2026-05-06 12:45:56,11.5
"2500000010027C53","DS1925",2026-05-06 12:50:56,11.5
"2500000010027C53","DS1925",2026-05-06 12:55:56,11.5
"2500000010027C53","DS1925",2026-05-06 13:00:56,11.5
"2500000010027C53","DS1925",2026-05-06 13:05:56,11.5
"2500000010027C53","DS1925",2026-05-06 13:10:56,11.5
"2500000010027C53","DS1925",2026-05-06 13:15:56,11.5
"2500000010027C53","DS1925",2026-05-06 13:20:56,11.5
"2500000010027C53","DS1925",2026-05-06 13:25:56,11.5
"2500000010027C53","DS1925",2026-05-06 13:30:56,11.5
"2500000010027C53","DS1925",2026-05-06 13:35:56,12
"2500000010027C53","DS1925",2026-05-06 13:40:56,12
"2500000010027C53","DS1925",2026-05-06 13:45:56,12
"2500000010027C53","DS1925",2026-05-06 13:50:56,12.5
"2500000010027C53","DS1925",2026-05-06 13:55:56,12.5
"2500000010027C53","DS1925",2026-05-06 14:00:56,13
"2500000010027C53","DS1925",2026-05-06 14:05:56,13
"2500000010027C53","DS1925",2026-05-06 14:10:56,13.5
"2500000010027C53","DS1925",2026-05-06 14:15:56,13.5
"2500000010027C53","DS1925",2026-05-06 14:20:56,13.5
"2500000010027C53","DS1925",2026-05-06 14:25:56,14
"2500000010027C53","DS1925",2026-05-06 14:30:56,14
"2500000010027C53","DS1925",2026-05-06 14:35:56,14
"2500000010027C53","DS1925",2026-05-06 14:40:56,14.5
"2500000010027C53","DS1925",2026-05-06 14:45:56,14.5
"2500000010027C53","DS1925",2026-05-06 14:50:56,14.5
"2500000010027C53","DS1925",2026-05-06 14:55:56,14.5
"2500000010027C53","DS1925",2026-05-06 15:00:56,14.5
"2500000010027C53","DS1925",2026-05-06 15:05:56,15
"2500000010027C53","DS1925",2026-05-06 15:10:56,15
"2500000010027C53","DS1925",2026-05-06 15:15:56,15
"2500000010027C53","DS1925",2026-05-06 15:20:56,15.5
"2500000010027C53","DS1925",2026-05-06 15:25:56,15.5
"2500000010027C53","DS1925",2026-05-06 15:30:56,16
"2500000010027C53","DS1925",2026-05-06 15:35:56,16
"2500000010027C53","DS1925",2026-05-06 15:40:56,16
"2500000010027C53","DS1925",2026-05-06 15:45:56,16.5
"2500000010027C53","DS1925",2026-05-06 15:50:56,16.5
"2500000010027C53","DS1925",2026-05-06 15:55:56,16.5
"2500000010027C53","DS1925",2026-05-06 16:00:56,17
"2500000010027C53","DS1925",2026-05-06 16:05:56,17
"2500000010027C53","DS1925",2026-05-06 16:10:56,17
"2500000010027C53","DS1925",2026-05-06 16:15:56,17
"2500000010027C53","DS1925",2026-05-06 16:20:56,17
"2500000010027C53","DS1925",2026-05-06 16:25:56,17
"2500000010027C53","DS1925",2026-05-06 16:30:56,17
"2500000010027C53","DS1925",2026-05-06 16:35:56,17
"2500000010027C53","DS1925",2026-05-06 16:40:56,17
"2500000010027C53","DS1925",2026-05-06 16:45:56,17
"2500000010027C53","DS1925",2026-05-06 16:50:56,16.5
"2500000010027C53","DS1925",2026-05-06 16:55:56,16.5
"2500000010027C53","DS1925",2026-05-06 17:00:56,16.5
"2500000010027C53","DS1925",2026-05-06 17:05:56,16
"2500000010027C53","DS1925",2026-05-06 17:10:56,16
"2500000010027C53","DS1925",2026-05-06 17:15:56,16
"2500000010027C53","DS1925",2026-05-06 17:20:56,15.5
"2500000010027C53","DS1925",2026-05-06 17:25:56,15.5
"2500000010027C53","DS1925",2026-05-06 17:30:56,15.5
"2500000010027C53","DS1925",2026-05-06 17:35:56,15
"2500000010027C53","DS1925",2026-05-06 17:40:56,15
"2500000010027C53","DS1925",2026-05-06 17:45:56,15
"2500000010027C53","DS1925",2026-05-06 17:50:56,15
"2500000010027C53","DS1925",2026-05-06 17:55:56,14.5
"2500000010027C53","DS1925",2026-05-06 18:00:56,14.5
"2500000010027C53","DS1925",2026-05-06 18:05:56,14.5
"2500000010027C53","DS1925",2026-05-06 18:10:56,14
"2500000010027C53","DS1925",2026-05-06 18:15:56,14
"2500000010027C53","DS1925",2026-05-06 18:20:56,14
"2500000010027C53","DS1925",2026-05-06 18:25:56,14
"2500000010027C53","DS1925",2026-05-06 18:30:56,13.5
"2500000010027C53","DS1925",2026-05-06 18:35:56,13.5
"2500000010027C53","DS1925",2026-05-06 18:40:56,13.5
"2500000010027C53","DS1925",2026-05-06 18:45:56,13.5
"2500000010027C53","DS1925",2026-05-06 18:50:56,13.5
"2500000010027C53","DS1925",2026-05-06 18:55:56,13.5
"2500000010027C53","DS1925",2026-05-06 19:00:56,13
"2500000010027C53","DS1925",2026-05-06 19:05:56,13
"2500000010027C53","DS1925",2026-05-06 19:10:56,13
"2500000010027C53","DS1925",2026-05-06 19:15:56,13
"2500000010027C53","DS1925",2026-05-06 19:20:56,13
"2500000010027C53","DS1925",2026-05-06 19:25:56,13
"2500000010027C53","DS1925",2026-05-06 19:30:56,12.5
"2500000010027C53","DS1925",2026-05-06 19:35:56,12.5
"2500000010027C53","DS1925",2026-05-06 19:40:56,12.5
"2500000010027C53","DS1925",2026-05-06 19:45:56,12.5
"2500000010027C53","DS1925",2026-05-06 19:50:56,12.5
"2500000010027C53","DS1925",2026-05-06 19:55:56,12
"2500000010027C53","DS1925",2026-05-06 20:00:56,12
"2500000010027C53","DS1925",2026-05-06 20:05:56,12
"2500000010027C53","DS1925",2026-05-06 20:10:56,12
"2500000010027C53","DS1925",2026-05-06 20:15:56,11.5
"2500000010027C53","DS1925",2026-05-06 20:20:56,11.5
"2500000010027C53","DS1925",2026-05-06 20:25:56,11.5
"2500000010027C53","DS1925",2026-05-06 20:30:56,11.5
"2500000010027C53","DS1925",2026-05-06 20:35:56,11.5
"2500000010027C53","DS1925",2026-05-06 20:40:56,11
"2500000010027C53","DS1925",2026-05-06 20:45:56,11
"2500000010027C53","DS1925",2026-05-06 20:50:56,11
"2500000010027C53","DS1925",2026-05-06 20:55:56,11
"2500000010027C53","DS1925",2026-05-06 21:00:56,11
"2500000010027C53","DS1925",2026-05-06 21:05:56,11
"2500000010027C53","DS1925",2026-05-06 21:10:56,11
"2500000010027C53","DS1925",2026-05-06 21:15:56,11
"2500000010027C53","DS1925",2026-05-06 21:20:56,10.5
"2500000010027C53","DS1925",2026-05-06 21:25:56,10.5
"2500000010027C53","DS1925",2026-05-06 21:30:56,10.5
"2500000010027C53","DS1925",2026-05-06 21:35:56,10.5
"2500000010027C53","DS1925",2026-05-06 21:40:56,10.5
"2500000010027C53","DS1925",2026-05-06 21:45:56,10.5
"2500000010027C53","DS1925",2026-05-06 21:50:56,10.5
"2500000010027C53","DS1925",2026-05-06 21:55:56,10.5
"2500000010027C53","DS1925",2026-05-06 22:00:56,10.5
"2500000010027C53","DS1925",2026-05-06 22:05:56,10.5
"2500000010027C53","DS1925",2026-05-06 22:10:56,10
"2500000010027C53","DS1925",2026-05-06 22:15:56,10
"2500000010027C53","DS1925",2026-05-06 22:20:56,10.5
"2500000010027C53","DS1925",2026-05-06 22:25:56,10
"2500000010027C53","DS1925",2026-05-06 22:30:56,10
"2500000010027C53","DS1925",2026-05-06 22:35:56,10
"2500000010027C53","DS1925",2026-05-06 22:40:56,10
"2500000010027C53","DS1925",2026-05-06 22:45:56,10
"2500000010027C53","DS1925",2026-05-06 22:50:56,10
"2500000010027C53","DS1925",2026-05-06 22:55:56,10
"2500000010027C53","DS1925",2026-05-06 23:00:56,10
"2500000010027C53","DS1925",2026-05-06 23:05:56,10
"2500000010027C53","DS1925",2026-05-06 23:10:56,10
"2500000010027C53","DS1925",2026-05-06 23:15:56,10
"2500000010027C53","DS1925",2026-05-06 23:20:56,10
"2500000010027C53","DS1925",2026-05-06 23:25:56,9.5
"2500000010027C53","DS1925",2026-05-06 23:30:56,9.5
"2500000010027C53","DS1925",2026-05-06 23:35:56,9.5
"2500000010027C53","DS1925",2026-05-06 23:40:56,9.5
"2500000010027C53","DS1925",2026-05-06 23:45:56,9.5
"2500000010027C53","DS1925",2026-05-06 23:50:56,9.5
"2500000010027C53","DS1925",2026-05-06 23:55:56,9.5
"2500000010027C53","DS1925",2026-05-07 00:00:56,9
"2500000010027C53","DS1925",2026-05-07 00:05:56,9
"2500000010027C53","DS1925",2026-05-07 00:10:56,9
"2500000010027C53","DS1925",2026-05-07 00:15:56,9
"2500000010027C53","DS1925",2026-05-07 00:20:56,9
"2500000010027C53","DS1925",2026-05-07 00:25:56,9
"2500000010027C53","DS1925",2026-05-07 00:30:56,9
"2500000010027C53","DS1925",2026-05-07 00:35:56,9
"2500000010027C53","DS1925",2026-05-07 00:40:56,9
"2500000010027C53","DS1925",2026-05-07 00:45:56,9
"2500000010027C53","DS1925",2026-05-07 00:50:56,9
"2500000010027C53","DS1925",2026-05-07 00:55:56,9
"2500000010027C53","DS1925",2026-05-07 01:00:56,9
"2500000010027C53","DS1925",2026-05-07 01:05:56,9
"2500000010027C53","DS1925",2026-05-07 01:10:56,9
"2500000010027C53","DS1925",2026-05-07 01:15:56,8.5
"2500000010027C53","DS1925",2026-05-07 01:20:56,8.5
"2500000010027C53","DS1925",2026-05-07 01:25:56,8.5
"2500000010027C53","DS1925",2026-05-07 01:30:56,8.5
"2500000010027C53","DS1925",2026-05-07 01:35:56,8.5
"2500000010027C53","DS1925",2026-05-07 01:40:56,8.5
"2500000010027C53","DS1925",2026-05-07 01:45:56,8.5
"2500000010027C53","DS1925",2026-05-07 01:50:56,8.5
"2500000010027C53","DS1925",2026-05-07 01:55:56,8
"2500000010027C53","DS1925",2026-05-07 02:00:56,8
"2500000010027C53","DS1925",2026-05-07 02:05:56,8
"2500000010027C53","DS1925",2026-05-07 02:10:56,8
"2500000010027C53","DS1925",2026-05-07 02:15:56,8
"2500000010027C53","DS1925",2026-05-07 02:20:56,8
"2500000010027C53","DS1925",2026-05-07 02:25:56,7.5
"2500000010027C53","DS1925",2026-05-07 02:30:56,7.5
"2500000010027C53","DS1925",2026-05-07 02:35:56,7.5
"2500000010027C53","DS1925",2026-05-07 02:40:56,7.5
"2500000010027C53","DS1925",2026-05-07 02:45:56,7.5
"2500000010027C53","DS1925",2026-05-07 02:50:56,7.5
"2500000010027C53","DS1925",2026-05-07 02:55:56,7.5
"2500000010027C53","DS1925",2026-05-07 03:00:56,7
"2500000010027C53","DS1925",2026-05-07 03:05:56,7
"2500000010027C53","DS1925",2026-05-07 03:10:56,7
"2500000010027C53","DS1925",2026-05-07 03:15:56,7
"2500000010027C53","DS1925",2026-05-07 03:20:56,7
"2500000010027C53","DS1925",2026-05-07 03:25:56,7
"2500000010027C53","DS1925",2026-05-07 03:30:56,7
"2500000010027C53","DS1925",2026-05-07 03:35:56,6.5
"2500000010027C53","DS1925",2026-05-07 03:40:56,6.5
"2500000010027C53","DS1925",2026-05-07 03:45:56,6.5
"2500000010027C53","DS1925",2026-05-07 03:50:56,6.5
"2500000010027C53","DS1925",2026-05-07 03:55:56,6.5
"2500000010027C53","DS1925",2026-05-07 04:00:56,6.5
"2500000010027C53","DS1925",2026-05-07 04:05:56,6.5
"2500000010027C53","DS1925",2026-05-07 04:10:56,6.5
"2500000010027C53","DS1925",2026-05-07 04:15:56,6.5
"2500000010027C53","DS1925",2026-05-07 04:20:56,6.5
"2500000010027C53","DS1925",2026-05-07 04:25:56,6.5
"2500000010027C53","DS1925",2026-05-07 04:30:56,6
"2500000010027C53","DS1925",2026-05-07 04:35:56,6
"2500000010027C53","DS1925",2026-05-07 04:40:56,6
"2500000010027C53","DS1925",2026-05-07 04:45:56,6
"2500000010027C53","DS1925",2026-05-07 04:50:56,6
"2500000010027C53","DS1925",2026-05-07 04:55:56,6
"2500000010027C53","DS1925",2026-05-07 05:00:56,6
"2500000010027C53","DS1925",2026-05-07 05:05:56,6
"2500000010027C53","DS1925",2026-05-07 05:10:56,6
"2500000010027C53","DS1925",2026-05-07 05:15:56,6
"2500000010027C53","DS1925",2026-05-07 05:20:56,5.5
"2500000010027C53","DS1925",2026-05-07 05:25:56,5.5
"2500000010027C53","DS1925",2026-05-07 05:30:56,5.5
"2500000010027C53","DS1925",2026-05-07 05:35:56,5.5
"2500000010027C53","DS1925",2026-05-07 05:40:56,5.5
"2500000010027C53","DS1925",2026-05-07 05:45:56,5.5
"2500000010027C53","DS1925",2026-05-07 05:50:56,5
"2500000010027C53","DS1925",2026-05-07 05:55:56,5
"2500000010027C53","DS1925",2026-05-07 06:00:56,5
"2500000010027C53","DS1925",2026-05-07 06:05:56,5
"2500000010027C53","DS1925",2026-05-07 06:10:56,5
"2500000010027C53","DS1925",2026-05-07 06:15:56,5
"2500000010027C53","DS1925",2026-05-07 06:20:56,5
"2500000010027C53","DS1925",2026-05-07 06:25:56,5
"2500000010027C53","DS1925",2026-05-07 06:30:56,5
"2500000010027C53","DS1925",2026-05-07 06:35:56,5
"2500000010027C53","DS1925",2026-05-07 06:40:56,5
"2500000010027C53","DS1925",2026-05-07 06:45:56,5
"2500000010027C53","DS1925",2026-05-07 06:50:56,5
"2500000010027C53","DS1925",2026-05-07 06:55:56,5
"2500000010027C53","DS1925",2026-05-07 07:00:56,5
"2500000010027C53","DS1925",2026-05-07 07:05:56,5
"2500000010027C53","DS1925",2026-05-07 07:10:56,5
"2500000010027C53","DS1925",2026-05-07 07:15:56,5
"2500000010027C53","DS1925",2026-05-07 07:20:56,5.5
"2500000010027C53","DS1925",2026-05-07 07:25:56,5.5
"2500000010027C53","DS1925",2026-05-07 07:30:56,5.5
"2500000010027C53","DS1925",2026-05-07 07:35:56,5.5
"2500000010027C53","DS1925",2026-05-07 07:40:56,5.5
"2500000010027C53","DS1925",2026-05-07 07:45:56,5.5
"2500000010027C53","DS1925",2026-05-07 07:50:56,5.5
"2500000010027C53","DS1925",2026-05-07 07:55:56,5.5
"2500000010027C53","DS1925",2026-05-07 08:00:56,5.5
"2500000010027C53","DS1925",2026-05-07 08:05:56,5.5
"2500000010027C53","DS1925",2026-05-07 08:10:56,5.5
"2500000010027C53","DS1925",2026-05-07 08:15:56,5.5
"2500000010027C53","DS1925",2026-05-07 08:20:56,5.5
"2500000010027C53","DS1925",2026-05-07 08:25:56,6
"2500000010027C53","DS1925",2026-05-07 08:30:56,6
"2500000010027C53","DS1925",2026-05-07 08:35:56,6
"2500000010027C53","DS1925",2026-05-07 08:40:56,6
"2500000010027C53","DS1925",2026-05-07 08:45:56,6
"2500000010027C53","DS1925",2026-05-07 08:50:56,6.5
"2500000010027C53","DS1925",2026-05-07 08:55:56,6.5
"2500000010027C53","DS1925",2026-05-07 09:00:56,6.5
"2500000010027C53","DS1925",2026-05-07 09:05:56,6.5
"2500000010027C53","DS1925",2026-05-07 09:10:56,7
"2500000010027C53","DS1925",2026-05-07 09:15:56,7
"2500000010027C53","DS1925",2026-05-07 09:20:56,7
"2500000010027C53","DS1925",2026-05-07 09:25:56,7.5
"2500000010027C53","DS1925",2026-05-07 09:30:56,7.5
"2500000010027C53","DS1925",2026-05-07 09:35:56,8
"2500000010027C53","DS1925",2026-05-07 09:40:56,8
"2500000010027C53","DS1925",2026-05-07 09:45:56,8.5
"2500000010027C53","DS1925",2026-05-07 09:50:56,8.5
"2500000010027C53","DS1925",2026-05-07 09:55:56,9
"2500000010027C53","DS1925",2026-05-07 10:00:56,9
"2500000010027C53","DS1925",2026-05-07 10:05:56,9.5
"2500000010027C53","DS1925",2026-05-07 10:10:56,9.5
"2500000010027C53","DS1925",2026-05-07 10:15:56,10
"2500000010027C53","DS1925",2026-05-07 10:20:56,10
"2500000010027C53","DS1925",2026-05-07 10:25:56,10.5
"2500000010027C53","DS1925",2026-05-07 10:30:56,11
"2500000010027C53","DS1925",2026-05-07 10:35:56,11
"2500000010027C53","DS1925",2026-05-07 10:40:56,11.5
"2500000010027C53","DS1925",2026-05-07 10:45:56,11.5
"2500000010027C53","DS1925",2026-05-07 10:50:56,11.5
"2500000010027C53","DS1925",2026-05-07 10:55:56,11.5
"2500000010027C53","DS1925",2026-05-07 11:00:56,12
"2500000010027C53","DS1925",2026-05-07 11:05:56,12
"2500000010027C53","DS1925",2026-05-07 11:10:56,12
"2500000010027C53","DS1925",2026-05-07 11:15:56,12
"2500000010027C53","DS1925",2026-05-07 11:20:56,12.5
"2500000010027C53","DS1925",2026-05-07 11:25:56,12.5
"2500000010027C53","DS1925",2026-05-07 11:30:56,12.5
"2500000010027C53","DS1925",2026-05-07 11:35:56,12.5
"2500000010027C53","DS1925",2026-05-07 11:40:56,13
"2500000010027C53","DS1925",2026-05-07 11:45:56,13
"2500000010027C53","DS1925",2026-05-07 11:50:56,13.5
"2500000010027C53","DS1925",2026-05-07 11:55:56,13.5
"2500000010027C53","DS1925",2026-05-07 12:00:56,14
"2500000010027C53","DS1925",2026-05-07 12:05:56,14
"2500000010027C53","DS1925",2026-05-07 12:10:56,14.5
"2500000010027C53","DS1925",2026-05-07 12:15:56,15
"2500000010027C53","DS1925",2026-05-07 12:20:56,15
"2500000010027C53","DS1925",2026-05-07 12:25:56,15
"2500000010027C53","DS1925",2026-05-07 12:30:56,15
"2500000010027C53","DS1925",2026-05-07 12:35:56,15.5
"2500000010027C53","DS1925",2026-05-07 12:40:56,15.5
"2500000010027C53","DS1925",2026-05-07 12:45:56,15.5
"2500000010027C53","DS1925",2026-05-07 12:50:56,15.5
"2500000010027C53","DS1925",2026-05-07 12:55:56,15.5
"2500000010027C53","DS1925",2026-05-07 13:00:56,15.5
"2500000010027C53","DS1925",2026-05-07 13:05:56,15.5
"2500000010027C53","DS1925",2026-05-07 13:10:56,16
"2500000010027C53","DS1925",2026-05-07 13:15:56,16
"2500000010027C53","DS1925",2026-05-07 13:20:56,16
"2500000010027C53","DS1925",2026-05-07 13:25:56,16.5
"2500000010027C53","DS1925",2026-05-07 13:30:56,16.5
"2500000010027C53","DS1925",2026-05-07 13:35:56,17
"2500000010027C53","DS1925",2026-05-07 13:40:56,17
"2500000010027C53","DS1925",2026-05-07 13:45:56,17
"2500000010027C53","DS1925",2026-05-07 13:50:56,17
"2500000010027C53","DS1925",2026-05-07 13:55:56,17.5
"2500000010027C53","DS1925",2026-05-07 14:00:56,17.5
"2500000010027C53","DS1925",2026-05-07 14:05:56,17.5
"2500000010027C53","DS1925",2026-05-07 14:10:56,17.5
"2500000010027C53","DS1925",2026-05-07 14:15:56,17.5
"2500000010027C53","DS1925",2026-05-07 14:20:56,17.5
"2500000010027C53","DS1925",2026-05-07 14:25:56,17.5
"2500000010027C53","DS1925",2026-05-07 14:30:56,17.5
"2500000010027C53","DS1925",2026-05-07 14:35:56,17.5
"2500000010027C53","DS1925",2026-05-07 14:40:56,17.5
"2500000010027C53","DS1925",2026-05-07 14:45:56,17.5
"2500000010027C53","DS1925",2026-05-07 14:50:56,17.5
"2500000010027C53","DS1925",2026-05-07 14:55:56,17.5
"2500000010027C53","DS1925",2026-05-07 15:00:56,17.5
"2500000010027C53","DS1925",2026-05-07 15:05:56,17.5
"2500000010027C53","DS1925",2026-05-07 15:10:56,17.5
"2500000010027C53","DS1925",2026-05-07 15:15:56,17.5
"2500000010027C53","DS1925",2026-05-07 15:20:56,18
"2500000010027C53","DS1925",2026-05-07 15:25:56,18
"2500000010027C53","DS1925",2026-05-07 15:30:56,18
"2500000010027C53","DS1925",2026-05-07 15:35:56,18.5
"2500000010027C53","DS1925",2026-05-07 15:40:56,18.5
"2500000010027C53","DS1925",2026-05-07 15:45:56,18.5
"2500000010027C53","DS1925",2026-05-07 15:50:56,18.5
"2500000010027C53","DS1925",2026-05-07 15:55:56,18.5
"2500000010027C53","DS1925",2026-05-07 16:00:56,18.5
"2500000010027C53","DS1925",2026-05-07 16:05:56,18.5
"2500000010027C53","DS1925",2026-05-07 16:10:56,18.5
"2500000010027C53","DS1925",2026-05-07 16:15:56,19
"2500000010027C53","DS1925",2026-05-07 16:20:56,18.5
"2500000010027C53","DS1925",2026-05-07 16:25:56,19
"2500000010027C53","DS1925",2026-05-07 16:30:56,19
"2500000010027C53","DS1925",2026-05-07 16:35:56,19
"2500000010027C53","DS1925",2026-05-07 16:40:56,19
"2500000010027C53","DS1925",2026-05-07 16:45:56,19
"2500000010027C53","DS1925",2026-05-07 16:50:56,19
"2500000010027C53","DS1925",2026-05-07 16:55:56,19
"2500000010027C53","DS1925",2026-05-07 17:00:56,19
"2500000010027C53","DS1925",2026-05-07 17:05:56,18.5
"2500000010027C53","DS1925",2026-05-07 17:10:56,18.5
"2500000010027C53","DS1925",2026-05-07 17:15:56,18.5
"2500000010027C53","DS1925",2026-05-07 17:20:56,18
"2500000010027C53","DS1925",2026-05-07 17:25:56,18
"2500000010027C53","DS1925",2026-05-07 17:30:56,18
"2500000010027C53","DS1925",2026-05-07 17:35:56,17.5
"2500000010027C53","DS1925",2026-05-07 17:40:56,17.5
"2500000010027C53","DS1925",2026-05-07 17:45:56,17
"2500000010027C53","DS1925",2026-05-07 17:50:56,17
"2500000010027C53","DS1925",2026-05-07 17:55:56,16.5
"2500000010027C53","DS1925",2026-05-07 18:00:56,16.5
"2500000010027C53","DS1925",2026-05-07 18:05:56,16
"2500000010027C53","DS1925",2026-05-07 18:10:56,16
"2500000010027C53","DS1925",2026-05-07 18:15:56,15.5
"2500000010027C53","DS1925",2026-05-07 18:20:56,15.5
"2500000010027C53","DS1925",2026-05-07 18:25:56,15
"2500000010027C53","DS1925",2026-05-07 18:30:56,15
"2500000010027C53","DS1925",2026-05-07 18:35:56,15
"2500000010027C53","DS1925",2026-05-07 18:40:56,14.5
"2500000010027C53","DS1925",2026-05-07 18:45:56,14.5
"2500000010027C53","DS1925",2026-05-07 18:50:56,14
"2500000010027C53","DS1925",2026-05-07 18:55:56,14
"2500000010027C53","DS1925",2026-05-07 19:00:56,14
"2500000010027C53","DS1925",2026-05-07 19:05:56,14
"2500000010027C53","DS1925",2026-05-07 19:10:56,14
"2500000010027C53","DS1925",2026-05-07 19:15:56,13.5
"2500000010027C53","DS1925",2026-05-07 19:20:56,13.5
"2500000010027C53","DS1925",2026-05-07 19:25:56,13.5
"2500000010027C53","DS1925",2026-05-07 19:30:56,13.5
"2500000010027C53","DS1925",2026-05-07 19:35:56,13
"2500000010027C53","DS1925",2026-05-07 19:40:56,13
"2500000010027C53","DS1925",2026-05-07 19:45:56,13
"2500000010027C53","DS1925",2026-05-07 19:50:56,13
"2500000010027C53","DS1925",2026-05-07 19:55:56,12.5
"2500000010027C53","DS1925",2026-05-07 20:00:56,12.5
"2500000010027C53","DS1925",2026-05-07 20:05:56,12.5
"2500000010027C53","DS1925",2026-05-07 20:10:56,12.5
"2500000010027C53","DS1925",2026-05-07 20:15:56,12
"2500000010027C53","DS1925",2026-05-07 20:20:56,12
"2500000010027C53","DS1925",2026-05-07 20:25:56,12
"2500000010027C53","DS1925",2026-05-07 20:30:56,12
"2500000010027C53","DS1925",2026-05-07 20:35:56,11.5
"2500000010027C53","DS1925",2026-05-07 20:40:56,11.5
"2500000010027C53","DS1925",2026-05-07 20:45:56,11.5
"2500000010027C53","DS1925",2026-05-07 20:50:56,11.5
"2500000010027C53","DS1925",2026-05-07 20:55:56,11.5
"2500000010027C53","DS1925",2026-05-07 21:00:56,11
"2500000010027C53","DS1925",2026-05-07 21:05:56,11
"2500000010027C53","DS1925",2026-05-07 21:10:56,11
"2500000010027C53","DS1925",2026-05-07 21:15:56,11
"2500000010027C53","DS1925",2026-05-07 21:20:56,11
"2500000010027C53","DS1925",2026-05-07 21:25:56,10.5
"2500000010027C53","DS1925",2026-05-07 21:30:56,10.5
"2500000010027C53","DS1925",2026-05-07 21:35:56,10.5
"2500000010027C53","DS1925",2026-05-07 21:40:56,10.5
"2500000010027C53","DS1925",2026-05-07 21:45:56,10.5
"2500000010027C53","DS1925",2026-05-07 21:50:56,10
"2500000010027C53","DS1925",2026-05-07 21:55:56,10
"2500000010027C53","DS1925",2026-05-07 22:00:56,10
"2500000010027C53","DS1925",2026-05-07 22:05:56,10
"2500000010027C53","DS1925",2026-05-07 22:10:56,9.5
"2500000010027C53","DS1925",2026-05-07 22:15:56,9.5
"2500000010027C53","DS1925",2026-05-07 22:20:56,9.5
"2500000010027C53","DS1925",2026-05-07 22:25:56,9.5
"2500000010027C53","DS1925",2026-05-07 22:30:56,9
"2500000010027C53","DS1925",2026-05-07 22:35:56,9
"2500000010027C53","DS1925",2026-05-07 22:40:56,9
"2500000010027C53","DS1925",2026-05-07 22:45:56,9
"2500000010027C53","DS1925",2026-05-07 22:50:56,9
"2500000010027C53","DS1925",2026-05-07 22:55:56,8.5
"2500000010027C53","DS1925",2026-05-07 23:00:56,8.5
"2500000010027C53","DS1925",2026-05-07 23:05:56,8.5
"2500000010027C53","DS1925",2026-05-07 23:10:56,8.5
"2500000010027C53","DS1925",2026-05-07 23:15:56,8.5
"2500000010027C53","DS1925",2026-05-07 23:20:56,8.5
"2500000010027C53","DS1925",2026-05-07 23:25:56,8
"2500000010027C53","DS1925",2026-05-07 23:30:56,8
"2500000010027C53","DS1925",2026-05-07 23:35:56,8
"2500000010027C53","DS1925",2026-05-07 23:40:56,8
"2500000010027C53","DS1925",2026-05-07 23:45:56,8
"2500000010027C53","DS1925",2026-05-07 23:50:56,8
"2500000010027C53","DS1925",2026-05-07 23:55:56,7.5
"2500000010027C53","DS1925",2026-05-08 00:00:56,7.5
"2500000010027C53","DS1925",2026-05-08 00:05:56,7.5
"2500000010027C53","DS1925",2026-05-08 00:10:56,7.5
"2500000010027C53","DS1925",2026-05-08 00:15:56,7.5
"2500000010027C53","DS1925",2026-05-08 00:20:56,7.5
"2500000010027C53","DS1925",2026-05-08 00:25:56,7.5
"2500000010027C53","DS1925",2026-05-08 00:30:56,7.5
"2500000010027C53","DS1925",2026-05-08 00:35:56,7.5
"2500000010027C53","DS1925",2026-05-08 00:40:56,7.5
"2500000010027C53","DS1925",2026-05-08 00:45:56,7.5
"2500000010027C53","DS1925",2026-05-08 00:50:56,7.5
"2500000010027C53","DS1925",2026-05-08 00:55:56,7.5
"2500000010027C53","DS1925",2026-05-08 01:00:56,7.5
"2500000010027C53","DS1925",2026-05-08 01:05:56,7.5
"2500000010027C53","DS1925",2026-05-08 01:10:56,7.5
"2500000010027C53","DS1925",2026-05-08 01:15:56,7.5
"2500000010027C53","DS1925",2026-05-08 01:20:56,7
"2500000010027C53","DS1925",2026-05-08 01:25:56,7.5
"2500000010027C53","DS1925",2026-05-08 01:30:56,7
"2500000010027C53","DS1925",2026-05-08 01:35:56,7.5
"2500000010027C53","DS1925",2026-05-08 01:40:56,7
"2500000010027C53","DS1925",2026-05-08 01:45:56,7
"2500000010027C53","DS1925",2026-05-08 01:50:56,7
"2500000010027C53","DS1925",2026-05-08 01:55:56,7
"2500000010027C53","DS1925",2026-05-08 02:00:56,7
"2500000010027C53","DS1925",2026-05-08 02:05:56,7
"2500000010027C53","DS1925",2026-05-08 02:10:56,7
"2500000010027C53","DS1925",2026-05-08 02:15:56,7
"2500000010027C53","DS1925",2026-05-08 02:20:56,7
"2500000010027C53","DS1925",2026-05-08 02:25:56,7
"2500000010027C53","DS1925",2026-05-08 02:30:56,7
"2500000010027C53","DS1925",2026-05-08 02:35:56,7
"2500000010027C53","DS1925",2026-05-08 02:40:56,7
"2500000010027C53","DS1925",2026-05-08 02:45:56,7
"2500000010027C53","DS1925",2026-05-08 02:50:56,7
"2500000010027C53","DS1925",2026-05-08 02:55:56,7
"2500000010027C53","DS1925",2026-05-08 03:00:56,7
"2500000010027C53","DS1925",2026-05-08 03:05:56,7
"2500000010027C53","DS1925",2026-05-08 03:10:56,7
"2500000010027C53","DS1925",2026-05-08 03:15:56,7
"2500000010027C53","DS1925",2026-05-08 03:20:56,7
"2500000010027C53","DS1925",2026-05-08 03:25:56,6.5
"2500000010027C53","DS1925",2026-05-08 03:30:56,6.5
"2500000010027C53","DS1925",2026-05-08 03:35:56,6.5
"2500000010027C53","DS1925",2026-05-08 03:40:56,6.5
"2500000010027C53","DS1925",2026-05-08 03:45:56,6.5
"2500000010027C53","DS1925",2026-05-08 03:50:56,6.5
"2500000010027C53","DS1925",2026-05-08 03:55:56,6.5
"2500000010027C53","DS1925",2026-05-08 04:00:56,6.5
"2500000010027C53","DS1925",2026-05-08 04:05:56,6.5
"2500000010027C53","DS1925",2026-05-08 04:10:56,6.5
"2500000010027C53","DS1925",2026-05-08 04:15:56,6.5
"2500000010027C53","DS1925",2026-05-08 04:20:56,6.5
"2500000010027C53","DS1925",2026-05-08 04:25:56,6.5
"2500000010027C53","DS1925",2026-05-08 04:30:56,6.5
"2500000010027C53","DS1925",2026-05-08 04:35:56,6.5
"2500000010027C53","DS1925",2026-05-08 04:40:56,6.5
"2500000010027C53","DS1925",2026-05-08 04:45:56,6.5
"2500000010027C53","DS1925",2026-05-08 04:50:56,6.5
"2500000010027C53","DS1925",2026-05-08 04:55:56,6.5
"2500000010027C53","DS1925",2026-05-08 05:00:56,6.5
"2500000010027C53","DS1925",2026-05-08 05:05:56,6.5
"2500000010027C53","DS1925",2026-05-08 05:10:56,6.5
"2500000010027C53","DS1925",2026-05-08 05:15:56,6.5
"2500000010027C53","DS1925",2026-05-08 05:20:56,6
"2500000010027C53","DS1925",2026-05-08 05:25:56,6
"2500000010027C53","DS1925",2026-05-08 05:30:56,6
"2500000010027C53","DS1925",2026-05-08 05:35:56,6
"2500000010027C53","DS1925",2026-05-08 05:40:56,6
"2500000010027C53","DS1925",2026-05-08 05:45:56,6
"2500000010027C53","DS1925",2026-05-08 05:50:56,6
"2500000010027C53","DS1925",2026-05-08 05:55:56,6
"2500000010027C53","DS1925",2026-05-08 06:00:56,6
"2500000010027C53","DS1925",2026-05-08 06:05:56,6
"2500000010027C53","DS1925",2026-05-08 06:10:56,6
"2500000010027C53","DS1925",2026-05-08 06:15:56,6
"2500000010027C53","DS1925",2026-05-08 06:20:56,6
"2500000010027C53","DS1925",2026-05-08 06:25:56,6
"2500000010027C53","DS1925",2026-05-08 06:30:56,6
"2500000010027C53","DS1925",2026-05-08 06:35:56,6
"2500000010027C53","DS1925",2026-05-08 06:40:56,6
"2500000010027C53","DS1925",2026-05-08 06:45:56,6
"2500000010027C53","DS1925",2026-05-08 06:50:56,6
"2500000010027C53","DS1925",2026-05-08 06:55:56,6
"2500000010027C53","DS1925",2026-05-08 07:00:56,6
"2500000010027C53","DS1925",2026-05-08 07:05:56,6
"2500000010027C53","DS1925",2026-05-08 07:10:56,6
"2500000010027C53","DS1925",2026-05-08 07:15:56,6
"2500000010027C53","DS1925",2026-05-08 07:20:56,6
"2500000010027C53","DS1925",2026-05-08 07:25:56,6
"2500000010027C53","DS1925",2026-05-08 07:30:56,6.5
"2500000010027C53","DS1925",2026-05-08 07:35:56,6.5
"2500000010027C53","DS1925",2026-05-08 07:40:56,6.5
"2500000010027C53","DS1925",2026-05-08 07:45:56,6.5
"2500000010027C53","DS1925",2026-05-08 07:50:56,6.5
"2500000010027C53","DS1925",2026-05-08 07:55:56,6.5
"2500000010027C53","DS1925",2026-05-08 08:00:56,6.5
"2500000010027C53","DS1925",2026-05-08 08:05:56,6.5
"2500000010027C53","DS1925",2026-05-08 08:10:56,6.5
"2500000010027C53","DS1925",2026-05-08 08:15:56,7
"2500000010027C53","DS1925",2026-05-08 08:20:56,7
"2500000010027C53","DS1925",2026-05-08 08:25:56,7
"2500000010027C53","DS1925",2026-05-08 08:30:56,7
"2500000010027C53","DS1925",2026-05-08 08:35:56,7
"2500000010027C53","DS1925",2026-05-08 08:40:56,7
"2500000010027C53","DS1925",2026-05-08 08:45:56,7.5
"2500000010027C53","DS1925",2026-05-08 08:50:56,7.5
"2500000010027C53","DS1925",2026-05-08 08:55:56,7.5
"2500000010027C53","DS1925",2026-05-08 09:00:56,7.5
"2500000010027C53","DS1925",2026-05-08 09:05:56,7.5
"2500000010027C53","DS1925",2026-05-08 09:10:56,8
"2500000010027C53","DS1925",2026-05-08 09:15:56,8
"2500000010027C53","DS1925",2026-05-08 09:20:56,8
"2500000010027C53","DS1925",2026-05-08 09:25:56,8.5
"2500000010027C53","DS1925",2026-05-08 09:30:56,8.5
"2500000010027C53","DS1925",2026-05-08 09:35:56,8.5
"2500000010027C53","DS1925",2026-05-08 09:40:56,9
"2500000010027C53","DS1925",2026-05-08 09:45:56,9
"2500000010027C53","DS1925",2026-05-08 09:50:56,9.5
"2500000010027C53","DS1925",2026-05-08 09:55:56,9.5
"2500000010027C53","DS1925",2026-05-08 10:00:56,10
"2500000010027C53","DS1925",2026-05-08 10:05:56,10
"2500000010027C53","DS1925",2026-05-08 10:10:56,10
"2500000010027C53","DS1925",2026-05-08 10:15:56,10.5
"2500000010027C53","DS1925",2026-05-08 10:20:56,11
"2500000010027C53","DS1925",2026-05-08 10:25:56,11
"2500000010027C53","DS1925",2026-05-08 10:30:56,11.5
"2500000010027C53","DS1925",2026-05-08 10:35:56,12
"2500000010027C53","DS1925",2026-05-08 10:40:56,12
"2500000010027C53","DS1925",2026-05-08 10:45:56,12.5
"2500000010027C53","DS1925",2026-05-08 10:50:56,13
"2500000010027C53","DS1925",2026-05-08 10:55:56,13
"2500000010027C53","DS1925",2026-05-08 11:00:56,13.5
"2500000010027C53","DS1925",2026-05-08 11:05:56,14
"2500000010027C53","DS1925",2026-05-08 11:10:56,14.5
"2500000010027C53","DS1925",2026-05-08 11:15:56,14.5
"2500000010027C53","DS1925",2026-05-08 11:20:56,15
"2500000010027C53","DS1925",2026-05-08 11:25:56,15
"2500000010027C53","DS1925",2026-05-08 11:30:56,15.5
"2500000010027C53","DS1925",2026-05-08 11:35:56,16
"2500000010027C53","DS1925",2026-05-08 11:40:56,16
"2500000010027C53","DS1925",2026-05-08 11:45:56,16
"2500000010027C53","DS1925",2026-05-08 11:50:56,16.5
"2500000010027C53","DS1925",2026-05-08 11:55:56,16.5
"2500000010027C53","DS1925",2026-05-08 12:00:56,16.5
"2500000010027C53","DS1925",2026-05-08 12:05:56,17
"2500000010027C53","DS1925",2026-05-08 12:10:56,17
"2500000010027C53","DS1925",2026-05-08 12:15:56,17
"2500000010027C53","DS1925",2026-05-08 12:20:56,17
"2500000010027C53","DS1925",2026-05-08 12:25:56,17.5
"2500000010027C53","DS1925",2026-05-08 12:30:56,17.5
"2500000010027C53","DS1925",2026-05-08 12:35:56,17.5
"2500000010027C53","DS1925",2026-05-08 12:40:56,17.5
"2500000010027C53","DS1925",2026-05-08 12:45:56,17.5
"2500000010027C53","DS1925",2026-05-08 12:50:56,17.5
"2500000010027C53","DS1925",2026-05-08 12:55:56,17
"2500000010027C53","DS1925",2026-05-08 13:00:56,17
"2500000010027C53","DS1925",2026-05-08 13:05:56,17
"2500000010027C53","DS1925",2026-05-08 13:10:56,17
"2500000010027C53","DS1925",2026-05-08 13:15:56,17
"2500000010027C53","DS1925",2026-05-08 13:20:56,17
"2500000010027C53","DS1925",2026-05-08 13:25:56,17
"2500000010027C53","DS1925",2026-05-08 13:30:56,16.5
"2500000010027C53","DS1925",2026-05-08 13:35:56,16.5
"2500000010027C53","DS1925",2026-05-08 13:40:56,16.5
"2500000010027C53","DS1925",2026-05-08 13:45:56,16.5
"2500000010027C53","DS1925",2026-05-08 13:50:56,16.5
"2500000010027C53","DS1925",2026-05-08 13:55:56,16.5
"2500000010027C53","DS1925",2026-05-08 14:00:56,16.5
"2500000010027C53","DS1925",2026-05-08 14:05:56,16.5
"2500000010027C53","DS1925",2026-05-08 14:10:56,16
"2500000010027C53","DS1925",2026-05-08 14:15:56,16
"2500000010027C53","DS1925",2026-05-08 14:20:56,16
"2500000010027C53","DS1925",2026-05-08 14:25:56,16
"2500000010027C53","DS1925",2026-05-08 14:30:56,16
"2500000010027C53","DS1925",2026-05-08 14:35:56,16
"2500000010027C53","DS1925",2026-05-08 14:40:56,15.5
"2500000010027C53","DS1925",2026-05-08 14:45:56,15.5
"2500000010027C53","DS1925",2026-05-08 14:50:56,15.5
"2500000010027C53","DS1925",2026-05-08 14:55:56,16
"2500000010027C53","DS1925",2026-05-08 15:00:56,16
"2500000010027C53","DS1925",2026-05-08 15:05:56,16.5
"2500000010027C53","DS1925",2026-05-08 15:10:56,16.5
"2500000010027C53","DS1925",2026-05-08 15:15:56,16.5
"2500000010027C53","DS1925",2026-05-08 15:20:56,16.5
"2500000010027C53","DS1925",2026-05-08 15:25:56,17
"2500000010027C53","DS1925",2026-05-08 15:30:56,17
"2500000010027C53","DS1925",2026-05-08 15:35:56,17
"2500000010027C53","DS1925",2026-05-08 15:40:56,17
"2500000010027C53","DS1925",2026-05-08 15:45:56,17.5
"2500000010027C53","DS1925",2026-05-08 15:50:56,17.5
"2500000010027C53","DS1925",2026-05-08 15:55:56,17.5
"2500000010027C53","DS1925",2026-05-08 16:00:56,22
"2500000010027C53","DS1925",2026-05-08 16:05:56,21.5
"2500000010027C53","DS1925",2026-05-08 16:10:56,22
"2500000010027C53","DS1925",2026-05-08 16:15:56,22.5
"2500000010027C53","DS1925",2026-05-08 16:20:56,22.5
"2500000010027C53","DS1925",2026-05-08 16:25:56,22.5
"2500000010027C53","DS1925",2026-05-08 16:30:56,22.5
"2500000010027C53","DS1925",2026-05-08 16:35:56,23
"2500000010027C53","DS1925",2026-05-08 16:40:56,23
"2500000010027C53","DS1925",2026-05-08 16:45:56,23
"2500000010027C53","DS1925",2026-05-08 16:50:56,22.5
"2500000010027C53","DS1925",2026-05-08 16:55:56,22.5
"2500000010027C53","DS1925",2026-05-08 17:00:56,22.5
"2500000010027C53","DS1925",2026-05-08 17:05:56,22.5
"2500000010027C53","DS1925",2026-05-08 17:10:56,22.5
"2500000010027C53","DS1925",2026-05-08 17:15:56,22.5
"2500000010027C53","DS1925",2026-05-08 17:20:56,22.5
"2500000010027C53","DS1925",2026-05-08 17:25:56,23
"2500000010027C53","DS1925",2026-05-08 17:30:56,23
"2500000010027C53","DS1925",2026-05-08 17:35:56,22.5
"2500000010027C53","DS1925",2026-05-08 17:40:56,22.5
"2500000010027C53","DS1925",2026-05-08 17:45:56,22
"2500000010027C53","DS1925",2026-05-08 17:50:56,22
"2500000010027C53","DS1925",2026-05-08 17:55:56,22
"2500000010027C53","DS1925",2026-05-08 18:00:56,22.5
"2500000010027C53","DS1925",2026-05-08 18:05:56,23
"2500000010027C53","DS1925",2026-05-08 18:10:56,23.5
"2500000010027C53","DS1925",2026-05-08 18:15:56,23.5
"2500000010027C53","DS1925",2026-05-08 18:20:56,24
"2500000010027C53","DS1925",2026-05-08 18:25:56,24
"2500000010027C53","DS1925",2026-05-08 18:30:56,23
"2500000010027C53","DS1925",2026-05-08 18:35:56,22
"2500000010027C53","DS1925",2026-05-08 18:40:56,21.5
"2500000010027C53","DS1925",2026-05-08 18:45:56,21.5
"2500000010027C53","DS1925",2026-05-08 18:50:56,21
"2500000010027C53","DS1925",2026-05-08 18:55:56,21
"2500000010027C53","DS1925",2026-05-08 19:00:56,21
"2500000010027C53","DS1925",2026-05-08 19:05:56,21
"2500000010027C53","DS1925",2026-05-08 19:10:56,20.5
"2500000010027C53","DS1925",2026-05-08 19:15:56,20.5
"2500000010027C53","DS1925",2026-05-08 19:20:56,20.5
"2500000010027C53","DS1925",2026-05-08 19:25:56,20.5
"2500000010027C53","DS1925",2026-05-08 19:30:56,20.5
"2500000010027C53","DS1925",2026-05-08 19:35:56,20.5
"2500000010027C53","DS1925",2026-05-08 19:40:56,20.5
"2500000010027C53","DS1925",2026-05-08 19:45:56,20.5
"2500000010027C53","DS1925",2026-05-08 19:50:56,20.5
"2500000010027C53","DS1925",2026-05-08 19:55:56,20
"2500000010027C53","DS1925",2026-05-08 20:00:56,20
"2500000010027C53","DS1925",2026-05-08 20:05:56,20
"2500000010027C53","DS1925",2026-05-08 20:10:56,20
"2500000010027C53","DS1925",2026-05-08 20:15:56,20
"2500000010027C53","DS1925",2026-05-08 20:20:56,20
"2500000010027C53","DS1925",2026-05-08 20:25:56,20
"2500000010027C53","DS1925",2026-05-08 20:30:56,20
"2500000010027C53","DS1925",2026-05-08 20:35:56,20
"2500000010027C53","DS1925",2026-05-08 20:40:56,20
"2500000010027C53","DS1925",2026-05-08 20:45:56,20
"2500000010027C53","DS1925",2026-05-08 20:50:56,20
"2500000010027C53","DS1925",2026-05-08 20:55:56,20
"2500000010027C53","DS1925",2026-05-08 21:00:56,19.5
"2500000010027C53","DS1925",2026-05-08 21:05:56,19.5
"2500000010027C53","DS1925",2026-05-08 21:10:56,19.5
"2500000010027C53","DS1925",2026-05-08 21:15:56,19.5
"2500000010027C53","DS1925",2026-05-08 21:20:56,19.5
"2500000010027C53","DS1925",2026-05-08 21:25:56,19.5
"2500000010027C53","DS1925",2026-05-08 21:30:56,19.5
"2500000010027C53","DS1925",2026-05-08 21:35:56,19.5
"2500000010027C53","DS1925",2026-05-08 21:40:56,19.5
"2500000010027C53","DS1925",2026-05-08 21:45:56,19.5
"2500000010027C53","DS1925",2026-05-08 21:50:56,19.5
"2500000010027C53","DS1925",2026-05-08 21:55:56,19.5
"2500000010027C53","DS1925",2026-05-08 22:00:56,19.5
"2500000010027C53","DS1925",2026-05-08 22:05:56,19.5
"2500000010027C53","DS1925",2026-05-08 22:10:56,19.5
"2500000010027C53","DS1925",2026-05-08 22:15:56,19.5
"2500000010027C53","DS1925",2026-05-08 22:20:56,19.5
"2500000010027C53","DS1925",2026-05-08 22:25:56,19.5
"2500000010027C53","DS1925",2026-05-08 22:30:56,19
"2500000010027C53","DS1925",2026-05-08 22:35:56,19
"2500000010027C53","DS1925",2026-05-08 22:40:56,19
"2500000010027C53","DS1925",2026-05-08 22:45:56,19
"2500000010027C53","DS1925",2026-05-08 22:50:56,19
"2500000010027C53","DS1925",2026-05-08 22:55:56,19
"2500000010027C53","DS1925",2026-05-08 23:00:56,19
"2500000010027C53","DS1925",2026-05-08 23:05:56,19
"2500000010027C53","DS1925",2026-05-08 23:10:56,19
"2500000010027C53","DS1925",2026-05-08 23:15:56,19
"2500000010027C53","DS1925",2026-05-08 23:20:56,19
"2500000010027C53","DS1925",2026-05-08 23:25:56,19
"2500000010027C53","DS1925",2026-05-08 23:30:56,19
"2500000010027C53","DS1925",2026-05-08 23:35:56,19
"2500000010027C53","DS1925",2026-05-08 23:40:56,19
"2500000010027C53","DS1925",2026-05-08 23:45:56,19
"2500000010027C53","DS1925",2026-05-08 23:50:56,19
"2500000010027C53","DS1925",2026-05-08 23:55:56,19
"2500000010027C53","DS1925",2026-05-09 00:00:56,19
"2500000010027C53","DS1925",2026-05-09 00:05:56,19
"2500000010027C53","DS1925",2026-05-09 00:10:56,19
"2500000010027C53","DS1925",2026-05-09 00:15:56,19
"2500000010027C53","DS1925",2026-05-09 00:20:56,19
"2500000010027C53","DS1925",2026-05-09 00:25:56,18.5
"2500000010027C53","DS1925",2026-05-09 00:30:56,18.5
"2500000010027C53","DS1925",2026-05-09 00:35:56,19
"2500000010027C53","DS1925",2026-05-09 00:40:56,19
"2500000010027C53","DS1925",2026-05-09 00:45:56,18.5
"2500000010027C53","DS1925",2026-05-09 00:50:56,18.5
"2500000010027C53","DS1925",2026-05-09 00:55:56,18.5
"2500000010027C53","DS1925",2026-05-09 01:00:56,18.5
"2500000010027C53","DS1925",2026-05-09 01:05:56,18.5
"2500000010027C53","DS1925",2026-05-09 01:10:56,18.5
"2500000010027C53","DS1925",2026-05-09 01:15:56,18.5
"2500000010027C53","DS1925",2026-05-09 01:20:56,18.5
"2500000010027C53","DS1925",2026-05-09 01:25:56,18.5
"2500000010027C53","DS1925",2026-05-09 01:30:56,18.5
"2500000010027C53","DS1925",2026-05-09 01:35:56,18.5
"2500000010027C53","DS1925",2026-05-09 01:40:56,18.5
"2500000010027C53","DS1925",2026-05-09 01:45:56,18.5
"2500000010027C53","DS1925",2026-05-09 01:50:56,18.5
"2500000010027C53","DS1925",2026-05-09 01:55:56,18.5
"2500000010027C53","DS1925",2026-05-09 02:00:56,18.5
"2500000010027C53","DS1925",2026-05-09 02:05:56,18.5
"2500000010027C53","DS1925",2026-05-09 02:10:56,18.5
"2500000010027C53","DS1925",2026-05-09 02:15:56,18.5
"2500000010027C53","DS1925",2026-05-09 02:20:56,18.5
"2500000010027C53","DS1925",2026-05-09 02:25:56,18.5
"2500000010027C53","DS1925",2026-05-09 02:30:56,18.5
"2500000010027C53","DS1925",2026-05-09 02:35:56,18.5
"2500000010027C53","DS1925",2026-05-09 02:40:56,18.5
"2500000010027C53","DS1925",2026-05-09 02:45:56,18.5
"2500000010027C53","DS1925",2026-05-09 02:50:56,18.5
"2500000010027C53","DS1925",2026-05-09 02:55:56,18.5
"2500000010027C53","DS1925",2026-05-09 03:00:56,18.5
"2500000010027C53","DS1925",2026-05-09 03:05:56,18.5
"2500000010027C53","DS1925",2026-05-09 03:10:56,18.5
"2500000010027C53","DS1925",2026-05-09 03:15:56,18.5
"2500000010027C53","DS1925",2026-05-09 03:20:56,18.5
"2500000010027C53","DS1925",2026-05-09 03:25:56,18.5
"2500000010027C53","DS1925",2026-05-09 03:30:56,18.5
"2500000010027C53","DS1925",2026-05-09 03:35:56,18.5
"2500000010027C53","DS1925",2026-05-09 03:40:56,18.5
"2500000010027C53","DS1925",2026-05-09 03:45:56,18.5
"2500000010027C53","DS1925",2026-05-09 03:50:56,18.5
"2500000010027C53","DS1925",2026-05-09 03:55:56,18
"2500000010027C53","DS1925",2026-05-09 04:00:56,18
"2500000010027C53","DS1925",2026-05-09 04:05:56,18
"2500000010027C53","DS1925",2026-05-09 04:10:56,18
"2500000010027C53","DS1925",2026-05-09 04:15:56,18
"2500000010027C53","DS1925",2026-05-09 04:20:56,18
"2500000010027C53","DS1925",2026-05-09 04:25:56,18
"2500000010027C53","DS1925",2026-05-09 04:30:56,18
"2500000010027C53","DS1925",2026-05-09 04:35:56,18
"2500000010027C53","DS1925",2026-05-09 04:40:56,18
"2500000010027C53","DS1925",2026-05-09 04:45:56,18
"2500000010027C53","DS1925",2026-05-09 04:50:56,18
"2500000010027C53","DS1925",2026-05-09 04:55:56,18
"2500000010027C53","DS1925",2026-05-09 05:00:56,18
"2500000010027C53","DS1925",2026-05-09 05:05:56,18
"2500000010027C53","DS1925",2026-05-09 05:10:56,18
"2500000010027C53","DS1925",2026-05-09 05:15:56,18
"2500000010027C53","DS1925",2026-05-09 05:20:56,18
"2500000010027C53","DS1925",2026-05-09 05:25:56,18
"2500000010027C53","DS1925",2026-05-09 05:30:56,18
"2500000010027C53","DS1925",2026-05-09 05:35:56,18
"2500000010027C53","DS1925",2026-05-09 05:40:56,18
"2500000010027C53","DS1925",2026-05-09 05:45:56,18
"2500000010027C53","DS1925",2026-05-09 05:50:56,18
"2500000010027C53","DS1925",2026-05-09 05:55:56,18
"2500000010027C53","DS1925",2026-05-09 06:00:56,18
"2500000010027C53","DS1925",2026-05-09 06:05:56,18
"2500000010027C53","DS1925",2026-05-09 06:10:56,17.5
"2500000010027C53","DS1925",2026-05-09 06:15:56,17.5
"2500000010027C53","DS1925",2026-05-09 06:20:56,17.5
"2500000010027C53","DS1925",2026-05-09 06:25:56,17.5
"2500000010027C53","DS1925",2026-05-09 06:30:56,17.5
"2500000010027C53","DS1925",2026-05-09 06:35:56,17.5
"2500000010027C53","DS1925",2026-05-09 06:40:56,17.5
"2500000010027C53","DS1925",2026-05-09 06:45:56,17.5
"2500000010027C53","DS1925",2026-05-09 06:50:56,17.5
"2500000010027C53","DS1925",2026-05-09 06:55:56,17.5
"2500000010027C53","DS1925",2026-05-09 07:00:56,17.5
"2500000010027C53","DS1925",2026-05-09 07:05:56,17.5
"2500000010027C53","DS1925",2026-05-09 07:10:56,17.5
"2500000010027C53","DS1925",2026-05-09 07:15:56,17.5
"2500000010027C53","DS1925",2026-05-09 07:20:56,17.5
"2500000010027C53","DS1925",2026-05-09 07:25:56,17.5
"2500000010027C53","DS1925",2026-05-09 07:30:56,17.5
"2500000010027C53","DS1925",2026-05-09 07:35:56,17.5
"2500000010027C53","DS1925",2026-05-09 07:40:56,17.5
"2500000010027C53","DS1925",2026-05-09 07:45:56,17.5
"2500000010027C53","DS1925",2026-05-09 07:50:56,17.5
"2500000010027C53","DS1925",2026-05-09 07:55:56,17.5
"2500000010027C53","DS1925",2026-05-09 08:00:56,17.5
"2500000010027C53","DS1925",2026-05-09 08:05:56,17.5
"2500000010027C53","DS1925",2026-05-09 08:10:56,17.5
"2500000010027C53","DS1925",2026-05-09 08:15:56,17.5
"2500000010027C53","DS1925",2026-05-09 08:20:56,17.5
"2500000010027C53","DS1925",2026-05-09 08:25:56,17.5
"2500000010027C53","DS1925",2026-05-09 08:30:56,17.5
"2500000010027C53","DS1925",2026-05-09 08:35:56,17.5
"2500000010027C53","DS1925",2026-05-09 08:40:56,17
"2500000010027C53","DS1925",2026-05-09 08:45:56,17
"2500000010027C53","DS1925",2026-05-09 08:50:56,17
"2500000010027C53","DS1925",2026-05-09 08:55:56,17.5
"2500000010027C53","DS1925",2026-05-09 09:00:56,17
"2500000010027C53","DS1925",2026-05-09 09:05:56,17.5
"2500000010027C53","DS1925",2026-05-09 09:10:56,17.5
"2500000010027C53","DS1925",2026-05-09 09:15:56,17.5
"2500000010027C53","DS1925",2026-05-09 09:20:56,17
"2500000010027C53","DS1925",2026-05-09 09:25:56,17
"2500000010027C53","DS1925",2026-05-09 09:30:56,17
"2500000010027C53","DS1925",2026-05-09 09:35:56,17.5
"2500000010027C53","DS1925",2026-05-09 09:40:56,17.5
"2500000010027C53","DS1925",2026-05-09 09:45:56,17.5
"2500000010027C53","DS1925",2026-05-09 09:50:56,17.5
"2500000010027C53","DS1925",2026-05-09 09:55:56,17.5
"2500000010027C53","DS1925",2026-05-09 10:00:56,17.5
"2500000010027C53","DS1925",2026-05-09 10:05:56,17.5
"2500000010027C53","DS1925",2026-05-09 10:10:56,17.5
"2500000010027C53","DS1925",2026-05-09 10:15:56,17.5
"2500000010027C53","DS1925",2026-05-09 10:20:56,17.5
"2500000010027C53","DS1925",2026-05-09 10:25:56,17.5
"2500000010027C53","DS1925",2026-05-09 10:30:56,17.5
"2500000010027C53","DS1925",2026-05-09 10:35:56,17.5
"2500000010027C53","DS1925",2026-05-09 10:40:56,17.5
"2500000010027C53","DS1925",2026-05-09 10:45:56,17.5
"2500000010027C53","DS1925",2026-05-09 10:50:56,17.5
"2500000010027C53","DS1925",2026-05-09 10:55:56,17.5
"2500000010027C53","DS1925",2026-05-09 11:00:56,17.5
"2500000010027C53","DS1925",2026-05-09 11:05:56,17.5
"2500000010027C53","DS1925",2026-05-09 11:10:56,17.5
"2500000010027C53","DS1925",2026-05-09 11:15:56,17.5
"2500000010027C53","DS1925",2026-05-09 11:20:56,17.5
"2500000010027C53","DS1925",2026-05-09 11:25:56,17.5
"2500000010027C53","DS1925",2026-05-09 11:30:56,17.5
"2500000010027C53","DS1925",2026-05-09 11:35:56,18
"2500000010027C53","DS1925",2026-05-09 11:40:56,17.5
"2500000010027C53","DS1925",2026-05-09 11:45:56,18
"2500000010027C53","DS1925",2026-05-09 11:50:56,18
"2500000010027C53","DS1925",2026-05-09 11:55:56,18
"2500000010027C53","DS1925",2026-05-09 12:00:56,18
"2500000010027C53","DS1925",2026-05-09 12:05:56,18
"2500000010027C53","DS1925",2026-05-09 12:10:56,18
"2500000010027C53","DS1925",2026-05-09 12:15:56,18
"2500000010027C53","DS1925",2026-05-09 12:20:56,18
"2500000010027C53","DS1925",2026-05-09 12:25:56,18
"2500000010027C53","DS1925",2026-05-09 12:30:56,18
"2500000010027C53","DS1925",2026-05-09 12:35:56,18
"2500000010027C53","DS1925",2026-05-09 12:40:56,18
"2500000010027C53","DS1925",2026-05-09 12:45:56,18.5
"2500000010027C53","DS1925",2026-05-09 12:50:56,18.5
"2500000010027C53","DS1925",2026-05-09 12:55:56,18.5
"2500000010027C53","DS1925",2026-05-09 13:00:56,18.5
"2500000010027C53","DS1925",2026-05-09 13:05:56,18.5
"2500000010027C53","DS1925",2026-05-09 13:10:56,18.5
"2500000010027C53","DS1925",2026-05-09 13:15:56,18.5
"2500000010027C53","DS1925",2026-05-09 13:20:56,18.5
"2500000010027C53","DS1925",2026-05-09 13:25:56,18.5
"2500000010027C53","DS1925",2026-05-09 13:30:56,18.5
"2500000010027C53","DS1925",2026-05-09 13:35:56,18.5
"2500000010027C53","DS1925",2026-05-09 13:40:56,19
"2500000010027C53","DS1925",2026-05-09 13:45:56,19
"2500000010027C53","DS1925",2026-05-09 13:50:56,19
"2500000010027C53","DS1925",2026-05-09 13:55:56,19
"2500000010027C53","DS1925",2026-05-09 14:00:56,19
"2500000010027C53","DS1925",2026-05-09 14:05:56,19
"2500000010027C53","DS1925",2026-05-09 14:10:56,19
"2500000010027C53","DS1925",2026-05-09 14:15:56,19
"2500000010027C53","DS1925",2026-05-09 14:20:56,19.5
"2500000010027C53","DS1925",2026-05-09 14:25:56,19.5
"2500000010027C53","DS1925",2026-05-09 14:30:56,19.5
"2500000010027C53","DS1925",2026-05-09 14:35:56,19.5
"2500000010027C53","DS1925",2026-05-09 14:40:56,19.5
"2500000010027C53","DS1925",2026-05-09 14:45:56,20
"2500000010027C53","DS1925",2026-05-09 14:50:56,20
"2500000010027C53","DS1925",2026-05-09 14:55:56,20
"2500000010027C53","DS1925",2026-05-09 15:00:56,20
"2500000010027C53","DS1925",2026-05-09 15:05:56,20
"2500000010027C53","DS1925",2026-05-09 15:10:56,20.5
"2500000010027C53","DS1925",2026-05-09 15:15:56,20.5
"2500000010027C53","DS1925",2026-05-09 15:20:56,20.5
"2500000010027C53","DS1925",2026-05-09 15:25:56,20.5
"2500000010027C53","DS1925",2026-05-09 15:30:56,20.5
"2500000010027C53","DS1925",2026-05-09 15:35:56,21
"2500000010027C53","DS1925",2026-05-09 15:40:56,21
"2500000010027C53","DS1925",2026-05-09 15:45:56,21
"2500000010027C53","DS1925",2026-05-09 15:50:56,21
"2500000010027C53","DS1925",2026-05-09 15:55:56,21.5
"2500000010027C53","DS1925",2026-05-09 16:00:56,21.5
"2500000010027C53","DS1925",2026-05-09 16:05:56,21.5
"2500000010027C53","DS1925",2026-05-09 16:10:56,21.5
"2500000010027C53","DS1925",2026-05-09 16:15:56,21.5
"2500000010027C53","DS1925",2026-05-09 16:20:56,22
"2500000010027C53","DS1925",2026-05-09 16:25:56,22
"2500000010027C53","DS1925",2026-05-09 16:30:56,22
"2500000010027C53","DS1925",2026-05-09 16:35:56,22
"2500000010027C53","DS1925",2026-05-09 16:40:56,22
"2500000010027C53","DS1925",2026-05-09 16:45:56,22.5
"2500000010027C53","DS1925",2026-05-09 16:50:56,22.5
"2500000010027C53","DS1925",2026-05-09 16:55:56,22.5
"2500000010027C53","DS1925",2026-05-09 17:00:56,22.5
"2500000010027C53","DS1925",2026-05-09 17:05:56,22.5
"2500000010027C53","DS1925",2026-05-09 17:10:56,22.5
"2500000010027C53","DS1925",2026-05-09 17:15:56,22.5
"2500000010027C53","DS1925",2026-05-09 17:20:56,22.5
"2500000010027C53","DS1925",2026-05-09 17:25:56,23
"2500000010027C53","DS1925",2026-05-09 17:30:56,23
"2500000010027C53","DS1925",2026-05-09 17:35:56,23
"2500000010027C53","DS1925",2026-05-09 17:40:56,23
"2500000010027C53","DS1925",2026-05-09 17:45:56,23
"2500000010027C53","DS1925",2026-05-09 17:50:56,23
"2500000010027C53","DS1925",2026-05-09 17:55:56,23
"2500000010027C53","DS1925",2026-05-09 18:00:56,23
"2500000010027C53","DS1925",2026-05-09 18:05:56,23
"2500000010027C53","DS1925",2026-05-09 18:10:56,23
"2500000010027C53","DS1925",2026-05-09 18:15:56,23
"2500000010027C53","DS1925",2026-05-09 18:20:56,23
"2500000010027C53","DS1925",2026-05-09 18:25:56,23
"2500000010027C53","DS1925",2026-05-09 18:30:56,23
"2500000010027C53","DS1925",2026-05-09 18:35:56,23
"2500000010027C53","DS1925",2026-05-09 18:40:56,23.5
"2500000010027C53","DS1925",2026-05-09 18:45:56,23.5
"2500000010027C53","DS1925",2026-05-09 18:50:56,23.5
"2500000010027C53","DS1925",2026-05-09 18:55:56,23.5
"2500000010027C53","DS1925",2026-05-09 19:00:56,23.5
"2500000010027C53","DS1925",2026-05-09 19:05:56,23.5
"2500000010027C53","DS1925",2026-05-09 19:10:56,23.5
"2500000010027C53","DS1925",2026-05-09 19:15:56,23.5
"2500000010027C53","DS1925",2026-05-09 19:20:56,23.5
"2500000010027C53","DS1925",2026-05-09 19:25:56,23.5
"2500000010027C53","DS1925",2026-05-09 19:30:56,23.5
"2500000010027C53","DS1925",2026-05-09 19:35:56,23.5
"2500000010027C53","DS1925",2026-05-09 19:40:56,23.5
"2500000010027C53","DS1925",2026-05-09 19:45:56,23.5
"2500000010027C53","DS1925",2026-05-09 19:50:56,23.5
"2500000010027C53","DS1925",2026-05-09 19:55:56,23.5
"2500000010027C53","DS1925",2026-05-09 20:00:56,23.5
"2500000010027C53","DS1925",2026-05-09 20:05:56,23.5
"2500000010027C53","DS1925",2026-05-09 20:10:56,23.5
"2500000010027C53","DS1925",2026-05-09 20:15:56,23.5
"2500000010027C53","DS1925",2026-05-09 20:20:56,23.5
"2500000010027C53","DS1925",2026-05-09 20:25:56,23.5
"2500000010027C53","DS1925",2026-05-09 20:30:56,23.5
"2500000010027C53","DS1925",2026-05-09 20:35:56,23.5
"2500000010027C53","DS1925",2026-05-09 20:40:56,23.5
"2500000010027C53","DS1925",2026-05-09 20:45:56,23.5
"2500000010027C53","DS1925",2026-05-09 20:50:56,23.5
"2500000010027C53","DS1925",2026-05-09 20:55:56,23.5
"2500000010027C53","DS1925",2026-05-09 21:00:56,23.5
"2500000010027C53","DS1925",2026-05-09 21:05:56,23.5
"2500000010027C53","DS1925",2026-05-09 21:10:56,23.5
"2500000010027C53","DS1925",2026-05-09 21:15:56,23.5
"2500000010027C53","DS1925",2026-05-09 21:20:56,23.5
"2500000010027C53","DS1925",2026-05-09 21:25:56,23.5
"2500000010027C53","DS1925",2026-05-09 21:30:56,24
"2500000010027C53","DS1925",2026-05-09 21:35:56,24
"2500000010027C53","DS1925",2026-05-09 21:40:56,24
"2500000010027C53","DS1925",2026-05-09 21:45:56,24
"2500000010027C53","DS1925",2026-05-09 21:50:56,24
"2500000010027C53","DS1925",2026-05-09 21:55:56,24
"2500000010027C53","DS1925",2026-05-09 22:00:56,24
"2500000010027C53","DS1925",2026-05-09 22:05:56,24
"2500000010027C53","DS1925",2026-05-09 22:10:56,24
"2500000010027C53","DS1925",2026-05-09 22:15:56,24
"2500000010027C53","DS1925",2026-05-09 22:20:56,24
"2500000010027C53","DS1925",2026-05-09 22:25:56,24
"2500000010027C53","DS1925",2026-05-09 22:30:56,24
"2500000010027C53","DS1925",2026-05-09 22:35:56,24
"2500000010027C53","DS1925",2026-05-09 22:40:56,24
"2500000010027C53","DS1925",2026-05-09 22:45:56,24
"2500000010027C53","DS1925",2026-05-09 22:50:56,24
"2500000010027C53","DS1925",2026-05-09 22:55:56,24
"2500000010027C53","DS1925",2026-05-09 23:00:56,24
"2500000010027C53","DS1925",2026-05-09 23:05:56,24
"2500000010027C53","DS1925",2026-05-09 23:10:56,24
"2500000010027C53","DS1925",2026-05-09 23:15:56,24
"2500000010027C53","DS1925",2026-05-09 23:20:56,24
"2500000010027C53","DS1925",2026-05-09 23:25:56,24
"2500000010027C53","DS1925",2026-05-09 23:30:56,24
"2500000010027C53","DS1925",2026-05-09 23:35:56,24
"2500000010027C53","DS1925",2026-05-09 23:40:56,24
"2500000010027C53","DS1925",2026-05-09 23:45:56,24
"2500000010027C53","DS1925",2026-05-09 23:50:56,24
"2500000010027C53","DS1925",2026-05-09 23:55:56,24
"2500000010027C53","DS1925",2026-05-10 00:00:56,24
"2500000010027C53","DS1925",2026-05-10 00:05:56,24.5
"2500000010027C53","DS1925",2026-05-10 00:10:56,24.5
"2500000010027C53","DS1925",2026-05-10 00:15:56,24.5
"2500000010027C53","DS1925",2026-05-10 00:20:56,24.5
"2500000010027C53","DS1925",2026-05-10 00:25:56,24.5
"2500000010027C53","DS1925",2026-05-10 00:30:56,24.5
"2500000010027C53","DS1925",2026-05-10 00:35:56,24
"2500000010027C53","DS1925",2026-05-10 00:40:56,24
"2500000010027C53","DS1925",2026-05-10 00:45:56,24
"2500000010027C53","DS1925",2026-05-10 00:50:56,24
"2500000010027C53","DS1925",2026-05-10 00:55:56,24
"2500000010027C53","DS1925",2026-05-10 01:00:56,24
"2500000010027C53","DS1925",2026-05-10 01:05:56,24
"2500000010027C53","DS1925",2026-05-10 01:10:56,24
"2500000010027C53","DS1925",2026-05-10 01:15:56,24
"2500000010027C53","DS1925",2026-05-10 01:20:56,24
"2500000010027C53","DS1925",2026-05-10 01:25:56,24
"2500000010027C53","DS1925",2026-05-10 01:30:56,24
"2500000010027C53","DS1925",2026-05-10 01:35:56,24
"2500000010027C53","DS1925",2026-05-10 01:40:56,24
"2500000010027C53","DS1925",2026-05-10 01:45:56,24
"2500000010027C53","DS1925",2026-05-10 01:50:56,23.5
"2500000010027C53","DS1925",2026-05-10 01:55:56,23.5
"2500000010027C53","DS1925",2026-05-10 02:00:56,23.5
"2500000010027C53","DS1925",2026-05-10 02:05:56,23.5
"2500000010027C53","DS1925",2026-05-10 02:10:56,23.5
"2500000010027C53","DS1925",2026-05-10 02:15:56,23.5
"2500000010027C53","DS1925",2026-05-10 02:20:56,23.5
"2500000010027C53","DS1925",2026-05-10 02:25:56,23.5
"2500000010027C53","DS1925",2026-05-10 02:30:56,23.5
"2500000010027C53","DS1925",2026-05-10 02:35:56,23.5
"2500000010027C53","DS1925",2026-05-10 02:40:56,23.5
"2500000010027C53","DS1925",2026-05-10 02:45:56,23.5
"2500000010027C53","DS1925",2026-05-10 02:50:56,23.5
"2500000010027C53","DS1925",2026-05-10 02:55:56,23.5
"2500000010027C53","DS1925",2026-05-10 03:00:56,23
"2500000010027C53","DS1925",2026-05-10 03:05:56,23
"2500000010027C53","DS1925",2026-05-10 03:10:56,23
"2500000010027C53","DS1925",2026-05-10 03:15:56,23
"2500000010027C53","DS1925",2026-05-10 03:20:56,23
"2500000010027C53","DS1925",2026-05-10 03:25:56,23
"2500000010027C53","DS1925",2026-05-10 03:30:56,23
"2500000010027C53","DS1925",2026-05-10 03:35:56,23
"2500000010027C53","DS1925",2026-05-10 03:40:56,23
"2500000010027C53","DS1925",2026-05-10 03:45:56,23
"2500000010027C53","DS1925",2026-05-10 03:50:56,23
"2500000010027C53","DS1925",2026-05-10 03:55:56,23
"2500000010027C53","DS1925",2026-05-10 04:00:56,23
"2500000010027C53","DS1925",2026-05-10 04:05:56,23
"2500000010027C53","DS1925",2026-05-10 04:10:56,23
"2500000010027C53","DS1925",2026-05-10 04:15:56,23
"2500000010027C53","DS1925",2026-05-10 04:20:56,22.5
"2500000010027C53","DS1925",2026-05-10 04:25:56,22.5
"2500000010027C53","DS1925",2026-05-10 04:30:56,22.5
"2500000010027C53","DS1925",2026-05-10 04:35:56,22.5
"2500000010027C53","DS1925",2026-05-10 04:40:56,22.5
"2500000010027C53","DS1925",2026-05-10 04:45:56,22.5
"2500000010027C53","DS1925",2026-05-10 04:50:56,22.5
"2500000010027C53","DS1925",2026-05-10 04:55:56,22.5
"2500000010027C53","DS1925",2026-05-10 05:00:56,22.5
"2500000010027C53","DS1925",2026-05-10 05:05:56,22.5
"2500000010027C53","DS1925",2026-05-10 05:10:56,22.5
"2500000010027C53","DS1925",2026-05-10 05:15:56,22.5
"2500000010027C53","DS1925",2026-05-10 05:20:56,22.5
"2500000010027C53","DS1925",2026-05-10 05:25:56,22
"2500000010027C53","DS1925",2026-05-10 05:30:56,22.5
"2500000010027C53","DS1925",2026-05-10 05:35:56,22
"2500000010027C53","DS1925",2026-05-10 05:40:56,22
"2500000010027C53","DS1925",2026-05-10 05:45:56,22
"2500000010027C53","DS1925",2026-05-10 05:50:56,22
"2500000010027C53","DS1925",2026-05-10 05:55:56,22
"2500000010027C53","DS1925",2026-05-10 06:00:56,22
"2500000010027C53","DS1925",2026-05-10 06:05:56,22
"2500000010027C53","DS1925",2026-05-10 06:10:56,22
"2500000010027C53","DS1925",2026-05-10 06:15:56,22
"2500000010027C53","DS1925",2026-05-10 06:20:56,22
"2500000010027C53","DS1925",2026-05-10 06:25:56,22
"2500000010027C53","DS1925",2026-05-10 06:30:56,22
"2500000010027C53","DS1925",2026-05-10 06:35:56,22
"2500000010027C53","DS1925",2026-05-10 06:40:56,21.5
"2500000010027C53","DS1925",2026-05-10 06:45:56,21.5
"2500000010027C53","DS1925",2026-05-10 06:50:56,21.5
"2500000010027C53","DS1925",2026-05-10 06:55:56,21.5
"2500000010027C53","DS1925",2026-05-10 07:00:56,21.5
"2500000010027C53","DS1925",2026-05-10 07:05:56,21.5
"2500000010027C53","DS1925",2026-05-10 07:10:56,21.5
"2500000010027C53","DS1925",2026-05-10 07:15:56,21.5
"2500000010027C53","DS1925",2026-05-10 07:20:56,21.5
"2500000010027C53","DS1925",2026-05-10 07:25:56,21.5
"2500000010027C53","DS1925",2026-05-10 07:30:56,21.5
"2500000010027C53","DS1925",2026-05-10 07:35:56,21.5
"2500000010027C53","DS1925",2026-05-10 07:40:56,21.5
"2500000010027C53","DS1925",2026-05-10 07:45:56,21.5
"2500000010027C53","DS1925",2026-05-10 07:50:56,21
"2500000010027C53","DS1925",2026-05-10 07:55:56,21
"2500000010027C53","DS1925",2026-05-10 08:00:56,21
"2500000010027C53","DS1925",2026-05-10 08:05:56,21
"2500000010027C53","DS1925",2026-05-10 08:10:56,21
"2500000010027C53","DS1925",2026-05-10 08:15:56,21
"2500000010027C53","DS1925",2026-05-10 08:20:56,21
"2500000010027C53","DS1925",2026-05-10 08:25:56,21
"2500000010027C53","DS1925",2026-05-10 08:30:56,21
"2500000010027C53","DS1925",2026-05-10 08:35:56,21
"2500000010027C53","DS1925",2026-05-10 08:40:56,21
"2500000010027C53","DS1925",2026-05-10 08:45:56,21
"2500000010027C53","DS1925",2026-05-10 08:50:56,21
"2500000010027C53","DS1925",2026-05-10 08:55:56,21
"2500000010027C53","DS1925",2026-05-10 09:00:56,21
"2500000010027C53","DS1925",2026-05-10 09:05:56,21
"2500000010027C53","DS1925",2026-05-10 09:10:56,21
"2500000010027C53","DS1925",2026-05-10 09:15:56,21
"2500000010027C53","DS1925",2026-05-10 09:20:56,21
"2500000010027C53","DS1925",2026-05-10 09:25:56,21
"2500000010027C53","DS1925",2026-05-10 09:30:56,21
"2500000010027C53","DS1925",2026-05-10 09:35:56,21
"2500000010027C53","DS1925",2026-05-10 09:40:56,21
"2500000010027C53","DS1925",2026-05-10 09:45:56,21
"2500000010027C53","DS1925",2026-05-10 09:50:56,21
"2500000010027C53","DS1925",2026-05-10 09:55:56,20.5
"2500000010027C53","DS1925",2026-05-10 10:00:56,20.5
"2500000010027C53","DS1925",2026-05-10 10:05:56,20.5
"2500000010027C53","DS1925",2026-05-10 10:10:56,20.5
"2500000010027C53","DS1925",2026-05-10 10:15:56,20.5
"2500000010027C53","DS1925",2026-05-10 10:20:56,20.5
"2500000010027C53","DS1925",2026-05-10 10:25:56,20.5
"2500000010027C53","DS1925",2026-05-10 10:30:56,20.5
"2500000010027C53","DS1925",2026-05-10 10:35:56,20.5
"2500000010027C53","DS1925",2026-05-10 10:40:56,20.5
"2500000010027C53","DS1925",2026-05-10 10:45:56,20.5
"2500000010027C53","DS1925",2026-05-10 10:50:56,20.5
"2500000010027C53","DS1925",2026-05-10 10:55:56,20.5
"2500000010027C53","DS1925",2026-05-10 11:00:56,20.5
"2500000010027C53","DS1925",2026-05-10 11:05:56,20.5
"2500000010027C53","DS1925",2026-05-10 11:10:56,20.5
"2500000010027C53","DS1925",2026-05-10 11:15:56,20.5
"2500000010027C53","DS1925",2026-05-10 11:20:56,20.5
"2500000010027C53","DS1925",2026-05-10 11:25:56,20.5
"2500000010027C53","DS1925",2026-05-10 11:30:56,20.5
"2500000010027C53","DS1925",2026-05-10 11:35:56,20.5
"2500000010027C53","DS1925",2026-05-10 11:40:56,20.5
"2500000010027C53","DS1925",2026-05-10 11:45:56,20.5
"2500000010027C53","DS1925",2026-05-10 11:50:56,20.5
"2500000010027C53","DS1925",2026-05-10 11:55:56,20.5
"2500000010027C53","DS1925",2026-05-10 12:00:56,20.5
"2500000010027C53","DS1925",2026-05-10 12:05:56,20.5
"2500000010027C53","DS1925",2026-05-10 12:10:56,20.5
"2500000010027C53","DS1925",2026-05-10 12:15:56,20.5
"2500000010027C53","DS1925",2026-05-10 12:20:56,20.5
"2500000010027C53","DS1925",2026-05-10 12:25:56,20.5
"2500000010027C53","DS1925",2026-05-10 12:30:56,20.5
"2500000010027C53","DS1925",2026-05-10 12:35:56,21
"2500000010027C53","DS1925",2026-05-10 12:40:56,21
"2500000010027C53","DS1925",2026-05-10 12:45:56,21
"2500000010027C53","DS1925",2026-05-10 12:50:56,21
"2500000010027C53","DS1925",2026-05-10 12:55:56,21
"2500000010027C53","DS1925",2026-05-10 13:00:56,21
"2500000010027C53","DS1925",2026-05-10 13:05:56,21
"2500000010027C53","DS1925",2026-05-10 13:10:56,21
"2500000010027C53","DS1925",2026-05-10 13:15:56,21
"2500000010027C53","DS1925",2026-05-10 13:20:56,21
"2500000010027C53","DS1925",2026-05-10 13:25:56,21
"2500000010027C53","DS1925",2026-05-10 13:30:56,21.5
"2500000010027C53","DS1925",2026-05-10 13:35:56,21.5
"2500000010027C53","DS1925",2026-05-10 13:40:56,21.5
"2500000010027C53","DS1925",2026-05-10 13:45:56,21.5
"2500000010027C53","DS1925",2026-05-10 13:50:56,21.5
"2500000010027C53","DS1925",2026-05-10 13:55:56,21.5
"2500000010027C53","DS1925",2026-05-10 14:00:56,21.5
"2500000010027C53","DS1925",2026-05-10 14:05:56,22
"2500000010027C53","DS1925",2026-05-10 14:10:56,22
"2500000010027C53","DS1925",2026-05-10 14:15:56,22
"2500000010027C53","DS1925",2026-05-10 14:20:56,22
"2500000010027C53","DS1925",2026-05-10 14:25:56,22
"2500000010027C53","DS1925",2026-05-10 14:30:56,22
"2500000010027C53","DS1925",2026-05-10 14:35:56,22
"2500000010027C53","DS1925",2026-05-10 14:40:56,22
"2500000010027C53","DS1925",2026-05-10 14:45:56,22
"2500000010027C53","DS1925",2026-05-10 14:50:56,22
"2500000010027C53","DS1925",2026-05-10 14:55:56,22.5
"2500000010027C53","DS1925",2026-05-10 15:00:56,22
"2500000010027C53","DS1925",2026-05-10 15:05:56,22
"2500000010027C53","DS1925",2026-05-10 15:10:56,22.5
"2500000010027C53","DS1925",2026-05-10 15:15:56,22.5
"2500000010027C53","DS1925",2026-05-10 15:20:56,22.5
"2500000010027C53","DS1925",2026-05-10 15:25:56,22.5
"2500000010027C53","DS1925",2026-05-10 15:30:56,22.5
"2500000010027C53","DS1925",2026-05-10 15:35:56,23
"2500000010027C53","DS1925",2026-05-10 15:40:56,23
"2500000010027C53","DS1925",2026-05-10 15:45:56,23
"2500000010027C53","DS1925",2026-05-10 15:50:56,23
"2500000010027C53","DS1925",2026-05-10 15:55:56,23
"2500000010027C53","DS1925",2026-05-10 16:00:56,23
"2500000010027C53","DS1925",2026-05-10 16:05:56,23.5
"2500000010027C53","DS1925",2026-05-10 16:10:56,23.5
"2500000010027C53","DS1925",2026-05-10 16:15:56,23.5
"2500000010027C53","DS1925",2026-05-10 16:20:56,23.5
"2500000010027C53","DS1925",2026-05-10 16:25:56,23.5
"2500000010027C53","DS1925",2026-05-10 16:30:56,23.5
"2500000010027C53","DS1925",2026-05-10 16:35:56,23
"2500000010027C53","DS1925",2026-05-10 16:40:56,23
"2500000010027C53","DS1925",2026-05-10 16:45:56,23.5
"2500000010027C53","DS1925",2026-05-10 16:50:56,23.5
"2500000010027C53","DS1925",2026-05-10 16:55:56,23
"2500000010027C53","DS1925",2026-05-10 17:00:56,23
"2500000010027C53","DS1925",2026-05-10 17:05:56,23
"2500000010027C53","DS1925",2026-05-10 17:10:56,23
"2500000010027C53","DS1925",2026-05-10 17:15:56,23
"2500000010027C53","DS1925",2026-05-10 17:20:56,23
"2500000010027C53","DS1925",2026-05-10 17:25:56,23.5
"2500000010027C53","DS1925",2026-05-10 17:30:56,23.5
"2500000010027C53","DS1925",2026-05-10 17:35:56,23.5
"2500000010027C53","DS1925",2026-05-10 17:40:56,23.5
"2500000010027C53","DS1925",2026-05-10 17:45:56,24
"2500000010027C53","DS1925",2026-05-10 17:50:56,24
"2500000010027C53","DS1925",2026-05-10 17:55:56,24
"2500000010027C53","DS1925",2026-05-10 18:00:56,24
"2500000010027C53","DS1925",2026-05-10 18:05:56,24
"2500000010027C53","DS1925",2026-05-10 18:10:56,24
"2500000010027C53","DS1925",2026-05-10 18:15:56,24
"2500000010027C53","DS1925",2026-05-10 18:20:56,24
"2500000010027C53","DS1925",2026-05-10 18:25:56,24
"2500000010027C53","DS1925",2026-05-10 18:30:56,24
"2500000010027C53","DS1925",2026-05-10 18:35:56,24.5
"2500000010027C53","DS1925",2026-05-10 18:40:56,24.5
"2500000010027C53","DS1925",2026-05-10 18:45:56,24.5
"2500000010027C53","DS1925",2026-05-10 18:50:56,24.5
"2500000010027C53","DS1925",2026-05-10 18:55:56,24.5
"2500000010027C53","DS1925",2026-05-10 19:00:56,24.5
"2500000010027C53","DS1925",2026-05-10 19:05:56,24.5
"2500000010027C53","DS1925",2026-05-10 19:10:56,24.5
"2500000010027C53","DS1925",2026-05-10 19:15:56,24.5
"2500000010027C53","DS1925",2026-05-10 19:20:56,24.5
"2500000010027C53","DS1925",2026-05-10 19:25:56,24
"2500000010027C53","DS1925",2026-05-10 19:30:56,24
"2500000010027C53","DS1925",2026-05-10 19:35:56,24
"2500000010027C53","DS1925",2026-05-10 19:40:56,24.5
"2500000010027C53","DS1925",2026-05-10 19:45:56,24.5
"2500000010027C53","DS1925",2026-05-10 19:50:56,24.5
"2500000010027C53","DS1925",2026-05-10 19:55:56,24.5
"2500000010027C53","DS1925",2026-05-10 20:00:56,24.5
"2500000010027C53","DS1925",2026-05-10 20:05:56,24.5
"2500000010027C53","DS1925",2026-05-10 20:10:56,24.5
"2500000010027C53","DS1925",2026-05-10 20:15:56,24.5
"2500000010027C53","DS1925",2026-05-10 20:20:56,24.5
"2500000010027C53","DS1925",2026-05-10 20:25:56,24.5
"2500000010027C53","DS1925",2026-05-10 20:30:56,24.5
"2500000010027C53","DS1925",2026-05-10 20:35:56,24.5
"2500000010027C53","DS1925",2026-05-10 20:40:56,24
"2500000010027C53","DS1925",2026-05-10 20:45:56,24
"2500000010027C53","DS1925",2026-05-10 20:50:56,24
"2500000010027C53","DS1925",2026-05-10 20:55:56,24
"2500000010027C53","DS1925",2026-05-10 21:00:56,24
"2500000010027C53","DS1925",2026-05-10 21:05:56,24
"2500000010027C53","DS1925",2026-05-10 21:10:56,24
"2500000010027C53","DS1925",2026-05-10 21:15:56,23.5
"2500000010027C53","DS1925",2026-05-10 21:20:56,23.5
"2500000010027C53","DS1925",2026-05-10 21:25:56,23
"2500000010027C53","DS1925",2026-05-10 21:30:56,23
"2500000010027C53","DS1925",2026-05-10 21:35:56,23
"2500000010027C53","DS1925",2026-05-10 21:40:56,23
"2500000010027C53","DS1925",2026-05-10 21:45:56,23
"2500000010027C53","DS1925",2026-05-10 21:50:56,23
"2500000010027C53","DS1925",2026-05-10 21:55:56,23
"2500000010027C53","DS1925",2026-05-10 22:00:56,23
"2500000010027C53","DS1925",2026-05-10 22:05:56,23
"2500000010027C53","DS1925",2026-05-10 22:10:56,23
"2500000010027C53","DS1925",2026-05-10 22:15:56,23
"2500000010027C53","DS1925",2026-05-10 22:20:56,23
"2500000010027C53","DS1925",2026-05-10 22:25:56,23
"2500000010027C53","DS1925",2026-05-10 22:30:56,23
"2500000010027C53","DS1925",2026-05-10 22:35:56,23
"2500000010027C53","DS1925",2026-05-10 22:40:56,23
"2500000010027C53","DS1925",2026-05-10 22:45:56,23
"2500000010027C53","DS1925",2026-05-10 22:50:56,23
"2500000010027C53","DS1925",2026-05-10 22:55:56,23
"2500000010027C53","DS1925",2026-05-10 23:00:56,23
"2500000010027C53","DS1925",2026-05-10 23:05:56,23
"2500000010027C53","DS1925",2026-05-10 23:10:56,23
"2500000010027C53","DS1925",2026-05-10 23:15:56,24
"9A000000107AC953","DS1925",2026-05-01 14:31:55,22.5
"9A000000107AC953","DS1925",2026-05-01 14:36:55,22.5
"9A000000107AC953","DS1925",2026-05-01 14:41:55,22.5
"9A000000107AC953","DS1925",2026-05-01 14:46:55,23.5
"9A000000107AC953","DS1925",2026-05-01 14:51:55,23.5
"9A000000107AC953","DS1925",2026-05-01 14:56:55,23
"9A000000107AC953","DS1925",2026-05-01 15:01:55,23
"9A000000107AC953","DS1925",2026-05-01 15:06:55,23
"9A000000107AC953","DS1925",2026-05-01 15:11:55,23
"9A000000107AC953","DS1925",2026-05-01 15:16:55,22.5
"9A000000107AC953","DS1925",2026-05-01 15:21:55,25
"9A000000107AC953","DS1925",2026-05-01 15:26:55,26.5
"9A000000107AC953","DS1925",2026-05-01 15:31:55,29
"9A000000107AC953","DS1925",2026-05-01 15:36:55,33.5
"9A000000107AC953","DS1925",2026-05-01 15:41:55,48.5
"9A000000107AC953","DS1925",2026-05-01 15:46:55,48
"9A000000107AC953","DS1925",2026-05-01 15:51:55,47
"9A000000107AC953","DS1925",2026-05-01 15:56:55,45.5
"9A000000107AC953","DS1925",2026-05-01 16:01:55,44.5
"9A000000107AC953","DS1925",2026-05-01 16:06:55,43.5
"9A000000107AC953","DS1925",2026-05-01 16:11:55,46
"9A000000107AC953","DS1925",2026-05-01 16:16:55,45
"9A000000107AC953","DS1925",2026-05-01 16:21:55,44
"9A000000107AC953","DS1925",2026-05-01 16:26:55,43
"9A000000107AC953","DS1925",2026-05-01 16:31:55,37
"9A000000107AC953","DS1925",2026-05-01 16:36:55,27.5
"9A000000107AC953","DS1925",2026-05-01 16:41:55,25.5
"9A000000107AC953","DS1925",2026-05-01 16:46:55,3.5
"9A000000107AC953","DS1925",2026-05-01 16:51:55,0.5
"9A000000107AC953","DS1925",2026-05-01 16:56:55,0
"9A000000107AC953","DS1925",2026-05-01 17:01:55,0
"9A000000107AC953","DS1925",2026-05-01 17:06:55,0
"9A000000107AC953","DS1925",2026-05-01 17:11:55,0
"9A000000107AC953","DS1925",2026-05-01 17:16:55,9
"9A000000107AC953","DS1925",2026-05-01 17:21:55,16
"9A000000107AC953","DS1925",2026-05-01 17:26:55,19.5
"9A000000107AC953","DS1925",2026-05-01 17:31:55,21
"9A000000107AC953","DS1925",2026-05-01 17:36:55,21.5
"9A000000107AC953","DS1925",2026-05-01 17:41:55,22
"9A000000107AC953","DS1925",2026-05-01 17:46:55,22
"9A000000107AC953","DS1925",2026-05-01 17:51:55,21
"9A000000107AC953","DS1925",2026-05-01 17:56:55,20.5
"9A000000107AC953","DS1925",2026-05-01 18:01:55,19.5
"9A000000107AC953","DS1925",2026-05-01 18:06:55,18.5
"9A000000107AC953","DS1925",2026-05-01 18:11:55,17.5
"9A000000107AC953","DS1925",2026-05-01 18:16:55,17
"9A000000107AC953","DS1925",2026-05-01 18:21:55,16.5
"9A000000107AC953","DS1925",2026-05-01 18:26:55,16.5
"9A000000107AC953","DS1925",2026-05-01 18:31:55,17
"9A000000107AC953","DS1925",2026-05-01 18:36:55,17
"9A000000107AC953","DS1925",2026-05-01 18:41:55,17.5
"9A000000107AC953","DS1925",2026-05-01 18:46:55,18
"9A000000107AC953","DS1925",2026-05-01 18:51:55,18
"9A000000107AC953","DS1925",2026-05-01 18:56:55,18.5
"9A000000107AC953","DS1925",2026-05-01 19:01:55,19
"9A000000107AC953","DS1925",2026-05-01 19:06:55,19.5
"9A000000107AC953","DS1925",2026-05-01 19:11:55,20
"9A000000107AC953","DS1925",2026-05-01 19:16:55,20
"9A000000107AC953","DS1925",2026-05-01 19:21:55,20.5
"9A000000107AC953","DS1925",2026-05-01 19:26:55,20.5
"9A000000107AC953","DS1925",2026-05-01 19:31:55,20.5
"9A000000107AC953","DS1925",2026-05-01 19:36:55,21
"9A000000107AC953","DS1925",2026-05-01 19:41:55,21
"9A000000107AC953","DS1925",2026-05-01 19:46:55,21
"9A000000107AC953","DS1925",2026-05-01 19:51:55,21
"9A000000107AC953","DS1925",2026-05-01 19:56:55,21
"9A000000107AC953","DS1925",2026-05-01 20:01:55,21
"9A000000107AC953","DS1925",2026-05-01 20:06:55,21
"9A000000107AC953","DS1925",2026-05-01 20:11:55,21.5
"9A000000107AC953","DS1925",2026-05-01 20:16:55,21.5
"9A000000107AC953","DS1925",2026-05-01 20:21:55,21.5
"9A000000107AC953","DS1925",2026-05-01 20:26:55,21.5
"9A000000107AC953","DS1925",2026-05-01 20:31:55,21.5
"9A000000107AC953","DS1925",2026-05-01 20:36:55,21.5
"9A000000107AC953","DS1925",2026-05-01 20:41:55,21.5
"9A000000107AC953","DS1925",2026-05-01 20:46:55,21.5
"9A000000107AC953","DS1925",2026-05-01 20:51:55,21.5
"9A000000107AC953","DS1925",2026-05-01 20:56:55,21.5
"9A000000107AC953","DS1925",2026-05-01 21:01:55,21.5
"9A000000107AC953","DS1925",2026-05-01 21:06:55,21.5
"9A000000107AC953","DS1925",2026-05-01 21:11:55,21.5
"9A000000107AC953","DS1925",2026-05-01 21:16:55,21.5
"9A000000107AC953","DS1925",2026-05-01 21:21:55,21.5
"9A000000107AC953","DS1925",2026-05-01 21:26:55,21.5
"9A000000107AC953","DS1925",2026-05-01 21:31:55,21.5
"9A000000107AC953","DS1925",2026-05-01 21:36:55,21.5
"9A000000107AC953","DS1925",2026-05-01 21:41:55,22
"9A000000107AC953","DS1925",2026-05-01 21:46:55,22
"9A000000107AC953","DS1925",2026-05-01 21:51:55,22
"9A000000107AC953","DS1925",2026-05-01 21:56:55,22
"9A000000107AC953","DS1925",2026-05-01 22:01:55,22
"9A000000107AC953","DS1925",2026-05-01 22:06:55,22
"9A000000107AC953","DS1925",2026-05-01 22:11:55,22
"9A000000107AC953","DS1925",2026-05-01 22:16:55,22
"9A000000107AC953","DS1925",2026-05-01 22:21:55,22
"9A000000107AC953","DS1925",2026-05-01 22:26:55,22
"9A000000107AC953","DS1925",2026-05-01 22:31:55,22
"9A000000107AC953","DS1925",2026-05-01 22:36:55,22
"9A000000107AC953","DS1925",2026-05-01 22:41:55,22
"9A000000107AC953","DS1925",2026-05-01 22:46:55,22
"9A000000107AC953","DS1925",2026-05-01 22:51:55,22.5
"9A000000107AC953","DS1925",2026-05-01 22:56:55,22.5
"9A000000107AC953","DS1925",2026-05-01 23:01:55,22.5
"9A000000107AC953","DS1925",2026-05-01 23:06:55,22.5
"9A000000107AC953","DS1925",2026-05-01 23:11:55,22.5
"9A000000107AC953","DS1925",2026-05-01 23:16:55,22.5
"9A000000107AC953","DS1925",2026-05-01 23:21:55,22.5
"9A000000107AC953","DS1925",2026-05-01 23:26:55,22.5
"9A000000107AC953","DS1925",2026-05-01 23:31:55,22.5
"9A000000107AC953","DS1925",2026-05-01 23:36:55,22.5
"9A000000107AC953","DS1925",2026-05-01 23:41:55,22.5
"9A000000107AC953","DS1925",2026-05-01 23:46:55,22.5
"9A000000107AC953","DS1925",2026-05-01 23:51:55,22.5
"9A000000107AC953","DS1925",2026-05-01 23:56:55,22.5
"9A000000107AC953","DS1925",2026-05-02 00:01:55,22.5
"9A000000107AC953","DS1925",2026-05-02 00:06:55,22.5
"9A000000107AC953","DS1925",2026-05-02 00:11:55,22.5
"9A000000107AC953","DS1925",2026-05-02 00:16:55,22.5
"9A000000107AC953","DS1925",2026-05-02 00:21:55,22.5
"9A000000107AC953","DS1925",2026-05-02 00:26:55,22.5
"9A000000107AC953","DS1925",2026-05-02 00:31:55,22.5
"9A000000107AC953","DS1925",2026-05-02 00:36:55,22.5
"9A000000107AC953","DS1925",2026-05-02 00:41:55,22.5
"9A000000107AC953","DS1925",2026-05-02 00:46:55,22.5
"9A000000107AC953","DS1925",2026-05-02 00:51:55,22.5
"9A000000107AC953","DS1925",2026-05-02 00:56:55,22.5
"9A000000107AC953","DS1925",2026-05-02 01:01:55,22.5
"9A000000107AC953","DS1925",2026-05-02 01:06:55,22.5
"9A000000107AC953","DS1925",2026-05-02 01:11:55,23
"9A000000107AC953","DS1925",2026-05-02 01:16:55,23
"9A000000107AC953","DS1925",2026-05-02 01:21:55,23
"9A000000107AC953","DS1925",2026-05-02 01:26:55,23.5
"9A000000107AC953","DS1925",2026-05-02 01:31:55,23.5
"9A000000107AC953","DS1925",2026-05-02 01:36:55,23.5
"9A000000107AC953","DS1925",2026-05-02 01:41:55,23.5
"9A000000107AC953","DS1925",2026-05-02 01:46:55,24
"9A000000107AC953","DS1925",2026-05-02 01:51:55,24
"9A000000107AC953","DS1925",2026-05-02 01:56:55,24
"9A000000107AC953","DS1925",2026-05-02 02:01:55,24
"9A000000107AC953","DS1925",2026-05-02 02:06:55,24
"9A000000107AC953","DS1925",2026-05-02 02:11:55,23.5
"9A000000107AC953","DS1925",2026-05-02 02:16:55,23.5
"9A000000107AC953","DS1925",2026-05-02 02:21:55,23.5
"9A000000107AC953","DS1925",2026-05-02 02:26:55,23.5
"9A000000107AC953","DS1925",2026-05-02 02:31:55,23.5
"9A000000107AC953","DS1925",2026-05-02 02:36:55,23.5
"9A000000107AC953","DS1925",2026-05-02 02:41:55,23.5
"9A000000107AC953","DS1925",2026-05-02 02:46:55,23.5
"9A000000107AC953","DS1925",2026-05-02 02:51:55,23.5
"9A000000107AC953","DS1925",2026-05-02 02:56:55,23.5
"9A000000107AC953","DS1925",2026-05-02 03:01:55,23.5
"9A000000107AC953","DS1925",2026-05-02 03:06:55,23.5
"9A000000107AC953","DS1925",2026-05-02 03:11:55,23.5
"9A000000107AC953","DS1925",2026-05-02 03:16:55,23.5
"9A000000107AC953","DS1925",2026-05-02 03:21:55,23.5
"9A000000107AC953","DS1925",2026-05-02 03:26:55,23.5
"9A000000107AC953","DS1925",2026-05-02 03:31:55,23.5
"9A000000107AC953","DS1925",2026-05-02 03:36:55,23.5
"9A000000107AC953","DS1925",2026-05-02 03:41:55,23.5
"9A000000107AC953","DS1925",2026-05-02 03:46:55,23.5
"9A000000107AC953","DS1925",2026-05-02 03:51:55,23.5
"9A000000107AC953","DS1925",2026-05-02 03:56:55,23.5
"9A000000107AC953","DS1925",2026-05-02 04:01:55,23.5
"9A000000107AC953","DS1925",2026-05-02 04:06:55,23.5
"9A000000107AC953","DS1925",2026-05-02 04:11:55,23.5
"9A000000107AC953","DS1925",2026-05-02 04:16:55,23.5
"9A000000107AC953","DS1925",2026-05-02 04:21:55,23.5
"9A000000107AC953","DS1925",2026-05-02 04:26:55,23.5
"9A000000107AC953","DS1925",2026-05-02 04:31:55,23.5
"9A000000107AC953","DS1925",2026-05-02 04:36:55,23
"9A000000107AC953","DS1925",2026-05-02 04:41:55,23
"9A000000107AC953","DS1925",2026-05-02 04:46:55,23
"9A000000107AC953","DS1925",2026-05-02 04:51:55,23
"9A000000107AC953","DS1925",2026-05-02 04:56:55,23
"9A000000107AC953","DS1925",2026-05-02 05:01:55,23
"9A000000107AC953","DS1925",2026-05-02 05:06:55,23
"9A000000107AC953","DS1925",2026-05-02 05:11:55,23
"9A000000107AC953","DS1925",2026-05-02 05:16:55,23
"9A000000107AC953","DS1925",2026-05-02 05:21:55,23
"9A000000107AC953","DS1925",2026-05-02 05:26:55,23
"9A000000107AC953","DS1925",2026-05-02 05:31:55,23.5
"9A000000107AC953","DS1925",2026-05-02 05:36:55,23.5
"9A000000107AC953","DS1925",2026-05-02 05:41:55,23.5
"9A000000107AC953","DS1925",2026-05-02 05:46:55,23.5
"9A000000107AC953","DS1925",2026-05-02 05:51:55,23.5
"9A000000107AC953","DS1925",2026-05-02 05:56:55,23.5
"9A000000107AC953","DS1925",2026-05-02 06:01:55,24
"9A000000107AC953","DS1925",2026-05-02 06:06:55,23.5
"9A000000107AC953","DS1925",2026-05-02 06:11:55,23.5
"9A000000107AC953","DS1925",2026-05-02 06:16:55,23.5
"9A000000107AC953","DS1925",2026-05-02 06:21:55,23.5
"9A000000107AC953","DS1925",2026-05-02 06:26:55,23.5
"9A000000107AC953","DS1925",2026-05-02 06:31:55,23.5
"9A000000107AC953","DS1925",2026-05-02 06:36:55,23.5
"9A000000107AC953","DS1925",2026-05-02 06:41:55,23.5
"9A000000107AC953","DS1925",2026-05-02 06:46:55,23.5
"9A000000107AC953","DS1925",2026-05-02 06:51:55,23.5
"9A000000107AC953","DS1925",2026-05-02 06:56:55,23.5
"9A000000107AC953","DS1925",2026-05-02 07:01:55,23.5
"9A000000107AC953","DS1925",2026-05-02 07:06:55,23.5
"9A000000107AC953","DS1925",2026-05-02 07:11:55,23.5
"9A000000107AC953","DS1925",2026-05-02 07:16:55,23.5
"9A000000107AC953","DS1925",2026-05-02 07:21:55,23.5
"9A000000107AC953","DS1925",2026-05-02 07:26:55,23.5
"9A000000107AC953","DS1925",2026-05-02 07:31:55,23.5
"9A000000107AC953","DS1925",2026-05-02 07:36:55,23.5
"9A000000107AC953","DS1925",2026-05-02 07:41:55,23
"9A000000107AC953","DS1925",2026-05-02 07:46:55,23
"9A000000107AC953","DS1925",2026-05-02 07:51:55,23
"9A000000107AC953","DS1925",2026-05-02 07:56:55,23
"9A000000107AC953","DS1925",2026-05-02 08:01:55,23
"9A000000107AC953","DS1925",2026-05-02 08:06:55,23
"9A000000107AC953","DS1925",2026-05-02 08:11:55,23
"9A000000107AC953","DS1925",2026-05-02 08:16:55,22.5
"9A000000107AC953","DS1925",2026-05-02 08:21:55,22.5
"9A000000107AC953","DS1925",2026-05-02 08:26:55,23
"9A000000107AC953","DS1925",2026-05-02 08:31:55,23
"9A000000107AC953","DS1925",2026-05-02 08:36:55,23
"9A000000107AC953","DS1925",2026-05-02 08:41:55,23
"9A000000107AC953","DS1925",2026-05-02 08:46:55,23
"9A000000107AC953","DS1925",2026-05-02 08:51:55,23
"9A000000107AC953","DS1925",2026-05-02 08:56:55,23
"9A000000107AC953","DS1925",2026-05-02 09:01:55,23
"9A000000107AC953","DS1925",2026-05-02 09:06:55,23
"9A000000107AC953","DS1925",2026-05-02 09:11:55,23
"9A000000107AC953","DS1925",2026-05-02 09:16:55,23
"9A000000107AC953","DS1925",2026-05-02 09:21:55,23
"9A000000107AC953","DS1925",2026-05-02 09:26:55,23
"9A000000107AC953","DS1925",2026-05-02 09:31:55,23
"9A000000107AC953","DS1925",2026-05-02 09:36:55,23
"9A000000107AC953","DS1925",2026-05-02 09:41:55,22.5
"9A000000107AC953","DS1925",2026-05-02 09:46:55,22.5
"9A000000107AC953","DS1925",2026-05-02 09:51:55,22.5
"9A000000107AC953","DS1925",2026-05-02 09:56:55,22.5
"9A000000107AC953","DS1925",2026-05-02 10:01:55,22.5
"9A000000107AC953","DS1925",2026-05-02 10:06:55,22.5
"9A000000107AC953","DS1925",2026-05-02 10:11:55,22.5
"9A000000107AC953","DS1925",2026-05-02 10:16:55,22.5
"9A000000107AC953","DS1925",2026-05-02 10:21:55,22
"9A000000107AC953","DS1925",2026-05-02 10:26:55,22
"9A000000107AC953","DS1925",2026-05-02 10:31:55,22
"9A000000107AC953","DS1925",2026-05-02 10:36:55,22
"9A000000107AC953","DS1925",2026-05-02 10:41:55,22
"9A000000107AC953","DS1925",2026-05-02 10:46:55,22
"9A000000107AC953","DS1925",2026-05-02 10:51:55,22
"9A000000107AC953","DS1925",2026-05-02 10:56:55,22
"9A000000107AC953","DS1925",2026-05-02 11:01:55,21.5
"9A000000107AC953","DS1925",2026-05-02 11:06:55,21.5
"9A000000107AC953","DS1925",2026-05-02 11:11:55,21.5
"9A000000107AC953","DS1925",2026-05-02 11:16:55,21.5
"9A000000107AC953","DS1925",2026-05-02 11:21:55,21.5
"9A000000107AC953","DS1925",2026-05-02 11:26:55,21.5
"9A000000107AC953","DS1925",2026-05-02 11:31:55,21.5
"9A000000107AC953","DS1925",2026-05-02 11:36:55,21.5
"9A000000107AC953","DS1925",2026-05-02 11:41:55,21.5
"9A000000107AC953","DS1925",2026-05-02 11:46:55,21.5
"9A000000107AC953","DS1925",2026-05-02 11:51:55,21
"9A000000107AC953","DS1925",2026-05-02 11:56:55,21
"9A000000107AC953","DS1925",2026-05-02 12:01:55,21.5
"9A000000107AC953","DS1925",2026-05-02 12:06:55,21.5
"9A000000107AC953","DS1925",2026-05-02 12:11:55,21.5
"9A000000107AC953","DS1925",2026-05-02 12:16:55,21.5
"9A000000107AC953","DS1925",2026-05-02 12:21:55,21.5
"9A000000107AC953","DS1925",2026-05-02 12:26:55,21.5
"9A000000107AC953","DS1925",2026-05-02 12:31:55,21.5
"9A000000107AC953","DS1925",2026-05-02 12:36:55,21.5
"9A000000107AC953","DS1925",2026-05-02 12:41:55,21.5
"9A000000107AC953","DS1925",2026-05-02 12:46:55,22
"9A000000107AC953","DS1925",2026-05-02 12:51:55,22
"9A000000107AC953","DS1925",2026-05-02 12:56:55,22
"9A000000107AC953","DS1925",2026-05-02 13:01:55,22
"9A000000107AC953","DS1925",2026-05-02 13:06:55,22
"9A000000107AC953","DS1925",2026-05-02 13:11:55,22
"9A000000107AC953","DS1925",2026-05-02 13:16:55,22
"9A000000107AC953","DS1925",2026-05-02 13:21:55,22
"9A000000107AC953","DS1925",2026-05-02 13:26:55,22
"9A000000107AC953","DS1925",2026-05-02 13:31:55,22
"9A000000107AC953","DS1925",2026-05-02 13:36:55,22
"9A000000107AC953","DS1925",2026-05-02 13:41:55,22
"9A000000107AC953","DS1925",2026-05-02 13:46:55,22
"9A000000107AC953","DS1925",2026-05-02 13:51:55,22.5
"9A000000107AC953","DS1925",2026-05-02 13:56:55,22.5
"9A000000107AC953","DS1925",2026-05-02 14:01:55,22.5
"9A000000107AC953","DS1925",2026-05-02 14:06:55,22.5
"9A000000107AC953","DS1925",2026-05-02 14:11:55,22.5
"9A000000107AC953","DS1925",2026-05-02 14:16:55,22.5
"9A000000107AC953","DS1925",2026-05-02 14:21:55,22.5
"9A000000107AC953","DS1925",2026-05-02 14:26:55,22.5
"9A000000107AC953","DS1925",2026-05-02 14:31:55,22.5
"9A000000107AC953","DS1925",2026-05-02 14:36:55,23
"9A000000107AC953","DS1925",2026-05-02 14:41:55,23
"9A000000107AC953","DS1925",2026-05-02 14:46:55,23
"9A000000107AC953","DS1925",2026-05-02 14:51:55,23
"9A000000107AC953","DS1925",2026-05-02 14:56:55,23
"9A000000107AC953","DS1925",2026-05-02 15:01:55,23
"9A000000107AC953","DS1925",2026-05-02 15:06:55,23
"9A000000107AC953","DS1925",2026-05-02 15:11:55,23
"9A000000107AC953","DS1925",2026-05-02 15:16:55,23
"9A000000107AC953","DS1925",2026-05-02 15:21:55,23
"9A000000107AC953","DS1925",2026-05-02 15:26:55,23
"9A000000107AC953","DS1925",2026-05-02 15:31:55,23
"9A000000107AC953","DS1925",2026-05-02 15:36:55,23
"9A000000107AC953","DS1925",2026-05-02 15:41:55,23
"9A000000107AC953","DS1925",2026-05-02 15:46:55,23
"9A000000107AC953","DS1925",2026-05-02 15:51:55,22.5
"9A000000107AC953","DS1925",2026-05-02 15:56:55,22.5
"9A000000107AC953","DS1925",2026-05-02 16:01:55,22.5
"9A000000107AC953","DS1925",2026-05-02 16:06:55,22.5
"9A000000107AC953","DS1925",2026-05-02 16:11:55,22.5
"9A000000107AC953","DS1925",2026-05-02 16:16:55,22.5
"9A000000107AC953","DS1925",2026-05-02 16:21:55,22.5
"9A000000107AC953","DS1925",2026-05-02 16:26:55,22.5
"9A000000107AC953","DS1925",2026-05-02 16:31:55,22.5
"9A000000107AC953","DS1925",2026-05-02 16:36:55,22.5
"9A000000107AC953","DS1925",2026-05-02 16:41:55,22.5
"9A000000107AC953","DS1925",2026-05-02 16:46:55,22
"9A000000107AC953","DS1925",2026-05-02 16:51:55,22
"9A000000107AC953","DS1925",2026-05-02 16:56:55,22
"9A000000107AC953","DS1925",2026-05-02 17:01:55,22
"9A000000107AC953","DS1925",2026-05-02 17:06:55,22
"9A000000107AC953","DS1925",2026-05-02 17:11:55,22
"9A000000107AC953","DS1925",2026-05-02 17:16:55,22
"9A000000107AC953","DS1925",2026-05-02 17:21:55,22
"9A000000107AC953","DS1925",2026-05-02 17:26:55,22
"9A000000107AC953","DS1925",2026-05-02 17:31:55,22
"9A000000107AC953","DS1925",2026-05-02 17:36:55,22
"9A000000107AC953","DS1925",2026-05-02 17:41:55,22
"9A000000107AC953","DS1925",2026-05-02 17:46:55,22
"9A000000107AC953","DS1925",2026-05-02 17:51:55,22
"9A000000107AC953","DS1925",2026-05-02 17:56:55,22
"9A000000107AC953","DS1925",2026-05-02 18:01:55,22
"9A000000107AC953","DS1925",2026-05-02 18:06:55,22
"9A000000107AC953","DS1925",2026-05-02 18:11:55,22
"9A000000107AC953","DS1925",2026-05-02 18:16:55,22
"9A000000107AC953","DS1925",2026-05-02 18:21:55,22
"9A000000107AC953","DS1925",2026-05-02 18:26:55,22.5
"9A000000107AC953","DS1925",2026-05-02 18:31:55,22.5
"9A000000107AC953","DS1925",2026-05-02 18:36:55,22
"9A000000107AC953","DS1925",2026-05-02 18:41:55,22.5
"9A000000107AC953","DS1925",2026-05-02 18:46:55,22
"9A000000107AC953","DS1925",2026-05-02 18:51:55,22
"9A000000107AC953","DS1925",2026-05-02 18:56:55,22
"9A000000107AC953","DS1925",2026-05-02 19:01:55,22
"9A000000107AC953","DS1925",2026-05-02 19:06:55,22
"9A000000107AC953","DS1925",2026-05-02 19:11:55,22
"9A000000107AC953","DS1925",2026-05-02 19:16:55,21.5
"9A000000107AC953","DS1925",2026-05-02 19:21:55,21.5
"9A000000107AC953","DS1925",2026-05-02 19:26:55,21.5
"9A000000107AC953","DS1925",2026-05-02 19:31:55,21.5
"9A000000107AC953","DS1925",2026-05-02 19:36:55,21.5
"9A000000107AC953","DS1925",2026-05-02 19:41:55,21
"9A000000107AC953","DS1925",2026-05-02 19:46:55,21
"9A000000107AC953","DS1925",2026-05-02 19:51:55,21
"9A000000107AC953","DS1925",2026-05-02 19:56:55,21
"9A000000107AC953","DS1925",2026-05-02 20:01:55,21
"9A000000107AC953","DS1925",2026-05-02 20:06:55,21
"9A000000107AC953","DS1925",2026-05-02 20:11:55,21
"9A000000107AC953","DS1925",2026-05-02 20:16:55,21
"9A000000107AC953","DS1925",2026-05-02 20:21:55,21
"9A000000107AC953","DS1925",2026-05-02 20:26:55,21
"9A000000107AC953","DS1925",2026-05-02 20:31:55,21
"9A000000107AC953","DS1925",2026-05-02 20:36:55,21
"9A000000107AC953","DS1925",2026-05-02 20:41:55,21
"9A000000107AC953","DS1925",2026-05-02 20:46:55,21
"9A000000107AC953","DS1925",2026-05-02 20:51:55,21
"9A000000107AC953","DS1925",2026-05-02 20:56:55,21
"9A000000107AC953","DS1925",2026-05-02 21:01:55,21
"9A000000107AC953","DS1925",2026-05-02 21:06:55,21
"9A000000107AC953","DS1925",2026-05-02 21:11:55,21
"9A000000107AC953","DS1925",2026-05-02 21:16:55,21
"9A000000107AC953","DS1925",2026-05-02 21:21:55,21
"9A000000107AC953","DS1925",2026-05-02 21:26:55,21
"9A000000107AC953","DS1925",2026-05-02 21:31:55,21
"9A000000107AC953","DS1925",2026-05-02 21:36:55,21
"9A000000107AC953","DS1925",2026-05-02 21:41:55,21
"9A000000107AC953","DS1925",2026-05-02 21:46:55,21
"9A000000107AC953","DS1925",2026-05-02 21:51:55,21
"9A000000107AC953","DS1925",2026-05-02 21:56:55,21
"9A000000107AC953","DS1925",2026-05-02 22:01:55,21
"9A000000107AC953","DS1925",2026-05-02 22:06:55,21
"9A000000107AC953","DS1925",2026-05-02 22:11:55,21
"9A000000107AC953","DS1925",2026-05-02 22:16:55,21
"9A000000107AC953","DS1925",2026-05-02 22:21:55,21
"9A000000107AC953","DS1925",2026-05-02 22:26:55,21
"9A000000107AC953","DS1925",2026-05-02 22:31:55,21
"9A000000107AC953","DS1925",2026-05-02 22:36:55,21
"9A000000107AC953","DS1925",2026-05-02 22:41:55,21
"9A000000107AC953","DS1925",2026-05-02 22:46:55,21
"9A000000107AC953","DS1925",2026-05-02 22:51:55,20.5
"9A000000107AC953","DS1925",2026-05-02 22:56:55,20.5
"9A000000107AC953","DS1925",2026-05-02 23:01:55,20.5
"9A000000107AC953","DS1925",2026-05-02 23:06:55,20.5
"9A000000107AC953","DS1925",2026-05-02 23:11:55,20.5
"9A000000107AC953","DS1925",2026-05-02 23:16:55,20.5
"9A000000107AC953","DS1925",2026-05-02 23:21:55,20.5
"9A000000107AC953","DS1925",2026-05-02 23:26:55,20.5
"9A000000107AC953","DS1925",2026-05-02 23:31:55,20.5
"9A000000107AC953","DS1925",2026-05-02 23:36:55,20.5
"9A000000107AC953","DS1925",2026-05-02 23:41:55,20.5
"9A000000107AC953","DS1925",2026-05-02 23:46:55,20.5
"9A000000107AC953","DS1925",2026-05-02 23:51:55,20.5
"9A000000107AC953","DS1925",2026-05-02 23:56:55,20.5
"9A000000107AC953","DS1925",2026-05-03 00:01:55,20.5
"9A000000107AC953","DS1925",2026-05-03 00:06:55,20.5
"9A000000107AC953","DS1925",2026-05-03 00:11:55,20.5
"9A000000107AC953","DS1925",2026-05-03 00:16:55,20.5
"9A000000107AC953","DS1925",2026-05-03 00:21:55,20.5
"9A000000107AC953","DS1925",2026-05-03 00:26:55,20.5
"9A000000107AC953","DS1925",2026-05-03 00:31:55,20.5
"9A000000107AC953","DS1925",2026-05-03 00:36:55,20.5
"9A000000107AC953","DS1925",2026-05-03 00:41:55,20.5
"9A000000107AC953","DS1925",2026-05-03 00:46:55,20.5
"9A000000107AC953","DS1925",2026-05-03 00:51:55,20.5
"9A000000107AC953","DS1925",2026-05-03 00:56:55,20.5
"9A000000107AC953","DS1925",2026-05-03 01:01:55,20.5
"9A000000107AC953","DS1925",2026-05-03 01:06:55,20.5
"9A000000107AC953","DS1925",2026-05-03 01:11:55,20.5
"9A000000107AC953","DS1925",2026-05-03 01:16:55,20.5
"9A000000107AC953","DS1925",2026-05-03 01:21:55,20.5
"9A000000107AC953","DS1925",2026-05-03 01:26:55,20.5
"9A000000107AC953","DS1925",2026-05-03 01:31:55,20
"9A000000107AC953","DS1925",2026-05-03 01:36:55,20
"9A000000107AC953","DS1925",2026-05-03 01:41:55,20
"9A000000107AC953","DS1925",2026-05-03 01:46:55,20
"9A000000107AC953","DS1925",2026-05-03 01:51:55,20
"9A000000107AC953","DS1925",2026-05-03 01:56:55,20
"9A000000107AC953","DS1925",2026-05-03 02:01:55,20
"9A000000107AC953","DS1925",2026-05-03 02:06:55,20
"9A000000107AC953","DS1925",2026-05-03 02:11:55,20
"9A000000107AC953","DS1925",2026-05-03 02:16:55,20
"9A000000107AC953","DS1925",2026-05-03 02:21:55,20
"9A000000107AC953","DS1925",2026-05-03 02:26:55,20
"9A000000107AC953","DS1925",2026-05-03 02:31:55,20
"9A000000107AC953","DS1925",2026-05-03 02:36:55,20
"9A000000107AC953","DS1925",2026-05-03 02:41:55,20
"9A000000107AC953","DS1925",2026-05-03 02:46:55,19.5
"9A000000107AC953","DS1925",2026-05-03 02:51:55,19.5
"9A000000107AC953","DS1925",2026-05-03 02:56:55,19.5
"9A000000107AC953","DS1925",2026-05-03 03:01:55,19.5
"9A000000107AC953","DS1925",2026-05-03 03:06:55,19.5
"9A000000107AC953","DS1925",2026-05-03 03:11:55,19.5
"9A000000107AC953","DS1925",2026-05-03 03:16:55,19.5
"9A000000107AC953","DS1925",2026-05-03 03:21:55,19.5
"9A000000107AC953","DS1925",2026-05-03 03:26:55,19.5
"9A000000107AC953","DS1925",2026-05-03 03:31:55,19.5
"9A000000107AC953","DS1925",2026-05-03 03:36:55,19.5
"9A000000107AC953","DS1925",2026-05-03 03:41:55,19.5
"9A000000107AC953","DS1925",2026-05-03 03:46:55,19.5
"9A000000107AC953","DS1925",2026-05-03 03:51:55,19.5
"9A000000107AC953","DS1925",2026-05-03 03:56:55,19.5
"9A000000107AC953","DS1925",2026-05-03 04:01:55,19.5
"9A000000107AC953","DS1925",2026-05-03 04:06:55,19
"9A000000107AC953","DS1925",2026-05-03 04:11:55,19
"9A000000107AC953","DS1925",2026-05-03 04:16:55,19
"9A000000107AC953","DS1925",2026-05-03 04:21:55,19
"9A000000107AC953","DS1925",2026-05-03 04:26:55,19
"9A000000107AC953","DS1925",2026-05-03 04:31:55,19
"9A000000107AC953","DS1925",2026-05-03 04:36:55,19
"9A000000107AC953","DS1925",2026-05-03 04:41:55,19
"9A000000107AC953","DS1925",2026-05-03 04:46:55,19
"9A000000107AC953","DS1925",2026-05-03 04:51:55,19
"9A000000107AC953","DS1925",2026-05-03 04:56:55,19
"9A000000107AC953","DS1925",2026-05-03 05:01:55,19
"9A000000107AC953","DS1925",2026-05-03 05:06:55,19
"9A000000107AC953","DS1925",2026-05-03 05:11:55,19
"9A000000107AC953","DS1925",2026-05-03 05:16:55,19
"9A000000107AC953","DS1925",2026-05-03 05:21:55,19
"9A000000107AC953","DS1925",2026-05-03 05:26:55,18.5
"9A000000107AC953","DS1925",2026-05-03 05:31:55,18.5
"9A000000107AC953","DS1925",2026-05-03 05:36:55,18.5
"9A000000107AC953","DS1925",2026-05-03 05:41:55,18.5
"9A000000107AC953","DS1925",2026-05-03 05:46:55,18.5
"9A000000107AC953","DS1925",2026-05-03 05:51:55,18.5
"9A000000107AC953","DS1925",2026-05-03 05:56:55,18.5
"9A000000107AC953","DS1925",2026-05-03 06:01:55,18.5
"9A000000107AC953","DS1925",2026-05-03 06:06:55,18.5
"9A000000107AC953","DS1925",2026-05-03 06:11:55,18.5
"9A000000107AC953","DS1925",2026-05-03 06:16:55,18.5
"9A000000107AC953","DS1925",2026-05-03 06:21:55,18.5
"9A000000107AC953","DS1925",2026-05-03 06:26:55,18.5
"9A000000107AC953","DS1925",2026-05-03 06:31:55,18.5
"9A000000107AC953","DS1925",2026-05-03 06:36:55,18.5
"9A000000107AC953","DS1925",2026-05-03 06:41:55,18.5
"9A000000107AC953","DS1925",2026-05-03 06:46:55,18.5
"9A000000107AC953","DS1925",2026-05-03 06:51:55,18
"9A000000107AC953","DS1925",2026-05-03 06:56:55,18
"9A000000107AC953","DS1925",2026-05-03 07:01:55,18
"9A000000107AC953","DS1925",2026-05-03 07:06:55,18
"9A000000107AC953","DS1925",2026-05-03 07:11:55,18
"9A000000107AC953","DS1925",2026-05-03 07:16:55,18
"9A000000107AC953","DS1925",2026-05-03 07:21:55,18
"9A000000107AC953","DS1925",2026-05-03 07:26:55,18
"9A000000107AC953","DS1925",2026-05-03 07:31:55,18
"9A000000107AC953","DS1925",2026-05-03 07:36:55,18
"9A000000107AC953","DS1925",2026-05-03 07:41:55,18
"9A000000107AC953","DS1925",2026-05-03 07:46:55,18
"9A000000107AC953","DS1925",2026-05-03 07:51:55,18
"9A000000107AC953","DS1925",2026-05-03 07:56:55,18
"9A000000107AC953","DS1925",2026-05-03 08:01:55,18
"9A000000107AC953","DS1925",2026-05-03 08:06:55,18
"9A000000107AC953","DS1925",2026-05-03 08:11:55,18
"9A000000107AC953","DS1925",2026-05-03 08:16:55,17.5
"9A000000107AC953","DS1925",2026-05-03 08:21:55,17.5
"9A000000107AC953","DS1925",2026-05-03 08:26:55,17.5
"9A000000107AC953","DS1925",2026-05-03 08:31:55,17.5
"9A000000107AC953","DS1925",2026-05-03 08:36:55,17.5
"9A000000107AC953","DS1925",2026-05-03 08:41:55,17.5
"9A000000107AC953","DS1925",2026-05-03 08:46:55,17.5
"9A000000107AC953","DS1925",2026-05-03 08:51:55,17.5
"9A000000107AC953","DS1925",2026-05-03 08:56:55,17.5
"9A000000107AC953","DS1925",2026-05-03 09:01:55,17.5
"9A000000107AC953","DS1925",2026-05-03 09:06:55,17.5
"9A000000107AC953","DS1925",2026-05-03 09:11:55,17
"9A000000107AC953","DS1925",2026-05-03 09:16:55,17
"9A000000107AC953","DS1925",2026-05-03 09:21:55,17
"9A000000107AC953","DS1925",2026-05-03 09:26:55,17
"9A000000107AC953","DS1925",2026-05-03 09:31:55,17
"9A000000107AC953","DS1925",2026-05-03 09:36:55,17
"9A000000107AC953","DS1925",2026-05-03 09:41:55,17
"9A000000107AC953","DS1925",2026-05-03 09:46:55,17
"9A000000107AC953","DS1925",2026-05-03 09:51:55,17
"9A000000107AC953","DS1925",2026-05-03 09:56:55,17
"9A000000107AC953","DS1925",2026-05-03 10:01:55,17
"9A000000107AC953","DS1925",2026-05-03 10:06:55,17
"9A000000107AC953","DS1925",2026-05-03 10:11:55,17
"9A000000107AC953","DS1925",2026-05-03 10:16:55,17
"9A000000107AC953","DS1925",2026-05-03 10:21:55,17
"9A000000107AC953","DS1925",2026-05-03 10:26:55,17
"9A000000107AC953","DS1925",2026-05-03 10:31:55,17
"9A000000107AC953","DS1925",2026-05-03 10:36:55,17
"9A000000107AC953","DS1925",2026-05-03 10:41:55,17
"9A000000107AC953","DS1925",2026-05-03 10:46:55,17
"9A000000107AC953","DS1925",2026-05-03 10:51:55,17
"9A000000107AC953","DS1925",2026-05-03 10:56:55,17
"9A000000107AC953","DS1925",2026-05-03 11:01:55,17
"9A000000107AC953","DS1925",2026-05-03 11:06:55,17
"9A000000107AC953","DS1925",2026-05-03 11:11:55,17
"9A000000107AC953","DS1925",2026-05-03 11:16:55,17
"9A000000107AC953","DS1925",2026-05-03 11:21:55,17
"9A000000107AC953","DS1925",2026-05-03 11:26:55,17
"9A000000107AC953","DS1925",2026-05-03 11:31:55,17.5
"9A000000107AC953","DS1925",2026-05-03 11:36:55,17.5
"9A000000107AC953","DS1925",2026-05-03 11:41:55,17.5
"9A000000107AC953","DS1925",2026-05-03 11:46:55,17.5
"9A000000107AC953","DS1925",2026-05-03 11:51:55,17.5
"9A000000107AC953","DS1925",2026-05-03 11:56:55,17.5
"9A000000107AC953","DS1925",2026-05-03 12:01:55,17.5
"9A000000107AC953","DS1925",2026-05-03 12:06:55,17.5
"9A000000107AC953","DS1925",2026-05-03 12:11:55,18
"9A000000107AC953","DS1925",2026-05-03 12:16:55,18
"9A000000107AC953","DS1925",2026-05-03 12:21:55,18
"9A000000107AC953","DS1925",2026-05-03 12:26:55,18.5
"9A000000107AC953","DS1925",2026-05-03 12:31:55,18.5
"9A000000107AC953","DS1925",2026-05-03 12:36:55,18.5
"9A000000107AC953","DS1925",2026-05-03 12:41:55,18.5
"9A000000107AC953","DS1925",2026-05-03 12:46:55,18.5
"9A000000107AC953","DS1925",2026-05-03 12:51:55,18.5
"9A000000107AC953","DS1925",2026-05-03 12:56:55,18.5
"9A000000107AC953","DS1925",2026-05-03 13:01:55,18.5
"9A000000107AC953","DS1925",2026-05-03 13:06:55,19
"9A000000107AC953","DS1925",2026-05-03 13:11:55,19
"9A000000107AC953","DS1925",2026-05-03 13:16:55,19
"9A000000107AC953","DS1925",2026-05-03 13:21:55,19
"9A000000107AC953","DS1925",2026-05-03 13:26:55,19
"9A000000107AC953","DS1925",2026-05-03 13:31:55,19
"9A000000107AC953","DS1925",2026-05-03 13:36:55,19
"9A000000107AC953","DS1925",2026-05-03 13:41:55,19.5
"9A000000107AC953","DS1925",2026-05-03 13:46:55,19.5
"9A000000107AC953","DS1925",2026-05-03 13:51:55,19.5
"9A000000107AC953","DS1925",2026-05-03 13:56:55,20
"9A000000107AC953","DS1925",2026-05-03 14:01:55,20
"9A000000107AC953","DS1925",2026-05-03 14:06:55,20.5
"9A000000107AC953","DS1925",2026-05-03 14:11:55,20.5
"9A000000107AC953","DS1925",2026-05-03 14:16:55,20.5
"9A000000107AC953","DS1925",2026-05-03 14:21:55,20.5
"9A000000107AC953","DS1925",2026-05-03 14:26:55,20.5
"9A000000107AC953","DS1925",2026-05-03 14:31:55,21
"9A000000107AC953","DS1925",2026-05-03 14:36:55,21
"9A000000107AC953","DS1925",2026-05-03 14:41:55,21
"9A000000107AC953","DS1925",2026-05-03 14:46:55,21.5
"9A000000107AC953","DS1925",2026-05-03 14:51:55,21.5
"9A000000107AC953","DS1925",2026-05-03 14:56:55,22
"9A000000107AC953","DS1925",2026-05-03 15:01:55,22
"9A000000107AC953","DS1925",2026-05-03 15:06:55,22
"9A000000107AC953","DS1925",2026-05-03 15:11:55,22.5
"9A000000107AC953","DS1925",2026-05-03 15:16:55,23
"9A000000107AC953","DS1925",2026-05-03 15:21:55,23
"9A000000107AC953","DS1925",2026-05-03 15:26:55,23.5
"9A000000107AC953","DS1925",2026-05-03 15:31:55,23.5
"9A000000107AC953","DS1925",2026-05-03 15:36:55,23.5
"9A000000107AC953","DS1925",2026-05-03 15:41:55,23
"9A000000107AC953","DS1925",2026-05-03 15:46:55,23.5
"9A000000107AC953","DS1925",2026-05-03 15:51:55,23.5
"9A000000107AC953","DS1925",2026-05-03 15:56:55,23.5
"9A000000107AC953","DS1925",2026-05-03 16:01:55,23.5
"9A000000107AC953","DS1925",2026-05-03 16:06:55,23.5
"9A000000107AC953","DS1925",2026-05-03 16:11:55,23.5
"9A000000107AC953","DS1925",2026-05-03 16:16:55,24
"9A000000107AC953","DS1925",2026-05-03 16:21:55,24
"9A000000107AC953","DS1925",2026-05-03 16:26:55,24
"9A000000107AC953","DS1925",2026-05-03 16:31:55,24
"9A000000107AC953","DS1925",2026-05-03 16:36:55,24.5
"9A000000107AC953","DS1925",2026-05-03 16:41:55,24.5
"9A000000107AC953","DS1925",2026-05-03 16:46:55,24.5
"9A000000107AC953","DS1925",2026-05-03 16:51:55,24.5
"9A000000107AC953","DS1925",2026-05-03 16:56:55,25
"9A000000107AC953","DS1925",2026-05-03 17:01:55,25
"9A000000107AC953","DS1925",2026-05-03 17:06:55,25
"9A000000107AC953","DS1925",2026-05-03 17:11:55,25
"9A000000107AC953","DS1925",2026-05-03 17:16:55,25
"9A000000107AC953","DS1925",2026-05-03 17:21:55,25.5
"9A000000107AC953","DS1925",2026-05-03 17:26:55,25.5
"9A000000107AC953","DS1925",2026-05-03 17:31:55,25.5
"9A000000107AC953","DS1925",2026-05-03 17:36:55,25.5
"9A000000107AC953","DS1925",2026-05-03 17:41:55,25.5
"9A000000107AC953","DS1925",2026-05-03 17:46:55,25.5
"9A000000107AC953","DS1925",2026-05-03 17:51:55,25.5
"9A000000107AC953","DS1925",2026-05-03 17:56:55,25.5
"9A000000107AC953","DS1925",2026-05-03 18:01:55,25.5
"9A000000107AC953","DS1925",2026-05-03 18:06:55,25.5
"9A000000107AC953","DS1925",2026-05-03 18:11:55,25.5
"9A000000107AC953","DS1925",2026-05-03 18:16:55,25.5
"9A000000107AC953","DS1925",2026-05-03 18:21:55,25.5
"9A000000107AC953","DS1925",2026-05-03 18:26:55,25.5
"9A000000107AC953","DS1925",2026-05-03 18:31:55,25.5
"9A000000107AC953","DS1925",2026-05-03 18:36:55,25.5
"9A000000107AC953","DS1925",2026-05-03 18:41:55,25.5
"9A000000107AC953","DS1925",2026-05-03 18:46:55,25.5
"9A000000107AC953","DS1925",2026-05-03 18:51:55,25.5
"9A000000107AC953","DS1925",2026-05-03 18:56:55,25.5
"9A000000107AC953","DS1925",2026-05-03 19:01:55,25.5
"9A000000107AC953","DS1925",2026-05-03 19:06:55,25.5
"9A000000107AC953","DS1925",2026-05-03 19:11:55,25.5
"9A000000107AC953","DS1925",2026-05-03 19:16:55,25.5
"9A000000107AC953","DS1925",2026-05-03 19:21:55,25.5
"9A000000107AC953","DS1925",2026-05-03 19:26:55,25.5
"9A000000107AC953","DS1925",2026-05-03 19:31:55,25
"9A000000107AC953","DS1925",2026-05-03 19:36:55,25
"9A000000107AC953","DS1925",2026-05-03 19:41:55,25
"9A000000107AC953","DS1925",2026-05-03 19:46:55,25
"9A000000107AC953","DS1925",2026-05-03 19:51:55,25
"9A000000107AC953","DS1925",2026-05-03 19:56:55,25
"9A000000107AC953","DS1925",2026-05-03 20:01:55,25
"9A000000107AC953","DS1925",2026-05-03 20:06:55,25
"9A000000107AC953","DS1925",2026-05-03 20:11:55,25
"9A000000107AC953","DS1925",2026-05-03 20:16:55,24.5
"9A000000107AC953","DS1925",2026-05-03 20:21:55,24.5
"9A000000107AC953","DS1925",2026-05-03 20:26:55,24
"9A000000107AC953","DS1925",2026-05-03 20:31:55,24
"9A000000107AC953","DS1925",2026-05-03 20:36:55,24
"9A000000107AC953","DS1925",2026-05-03 20:41:55,24
"9A000000107AC953","DS1925",2026-05-03 20:46:55,23.5
"9A000000107AC953","DS1925",2026-05-03 20:51:55,23.5
"9A000000107AC953","DS1925",2026-05-03 20:56:55,23.5
"9A000000107AC953","DS1925",2026-05-03 21:01:55,23.5
"9A000000107AC953","DS1925",2026-05-03 21:06:55,23
"9A000000107AC953","DS1925",2026-05-03 21:11:55,23
"9A000000107AC953","DS1925",2026-05-03 21:16:55,23
"9A000000107AC953","DS1925",2026-05-03 21:21:55,22.5
"9A000000107AC953","DS1925",2026-05-03 21:26:55,22.5
"9A000000107AC953","DS1925",2026-05-03 21:31:55,22.5
"9A000000107AC953","DS1925",2026-05-03 21:36:55,22.5
"9A000000107AC953","DS1925",2026-05-03 21:41:55,22.5
"9A000000107AC953","DS1925",2026-05-03 21:46:55,22.5
"9A000000107AC953","DS1925",2026-05-03 21:51:55,22.5
"9A000000107AC953","DS1925",2026-05-03 21:56:55,22.5
"9A000000107AC953","DS1925",2026-05-03 22:01:55,22.5
"9A000000107AC953","DS1925",2026-05-03 22:06:55,22.5
"9A000000107AC953","DS1925",2026-05-03 22:11:55,22.5
"9A000000107AC953","DS1925",2026-05-03 22:16:55,22.5
"9A000000107AC953","DS1925",2026-05-03 22:21:55,22.5
"9A000000107AC953","DS1925",2026-05-03 22:26:55,22.5
"9A000000107AC953","DS1925",2026-05-03 22:31:55,22.5
"9A000000107AC953","DS1925",2026-05-03 22:36:55,23
"9A000000107AC953","DS1925",2026-05-03 22:41:55,23
"9A000000107AC953","DS1925",2026-05-03 22:46:55,23
"9A000000107AC953","DS1925",2026-05-03 22:51:55,23
"9A000000107AC953","DS1925",2026-05-03 22:56:55,23
"9A000000107AC953","DS1925",2026-05-03 23:01:55,23
"9A000000107AC953","DS1925",2026-05-03 23:06:55,23
"9A000000107AC953","DS1925",2026-05-03 23:11:55,23
"9A000000107AC953","DS1925",2026-05-03 23:16:55,23
"9A000000107AC953","DS1925",2026-05-03 23:21:55,23
"9A000000107AC953","DS1925",2026-05-03 23:26:55,23
"9A000000107AC953","DS1925",2026-05-03 23:31:55,23
"9A000000107AC953","DS1925",2026-05-03 23:36:55,23
"9A000000107AC953","DS1925",2026-05-03 23:41:55,23
"9A000000107AC953","DS1925",2026-05-03 23:46:55,23
"9A000000107AC953","DS1925",2026-05-03 23:51:55,23
"9A000000107AC953","DS1925",2026-05-03 23:56:55,23
"9A000000107AC953","DS1925",2026-05-04 00:01:55,23
"9A000000107AC953","DS1925",2026-05-04 00:06:55,23
"9A000000107AC953","DS1925",2026-05-04 00:11:55,23
"9A000000107AC953","DS1925",2026-05-04 00:16:55,23
"9A000000107AC953","DS1925",2026-05-04 00:21:55,23
"9A000000107AC953","DS1925",2026-05-04 00:26:55,23
"9A000000107AC953","DS1925",2026-05-04 00:31:55,22.5
"9A000000107AC953","DS1925",2026-05-04 00:36:55,22.5
"9A000000107AC953","DS1925",2026-05-04 00:41:55,22.5
"9A000000107AC953","DS1925",2026-05-04 00:46:55,22.5
"9A000000107AC953","DS1925",2026-05-04 00:51:55,22.5
"9A000000107AC953","DS1925",2026-05-04 00:56:55,22.5
"9A000000107AC953","DS1925",2026-05-04 01:01:55,22.5
"9A000000107AC953","DS1925",2026-05-04 01:06:55,22.5
"9A000000107AC953","DS1925",2026-05-04 01:11:55,22.5
"9A000000107AC953","DS1925",2026-05-04 01:16:55,22.5
"9A000000107AC953","DS1925",2026-05-04 01:21:55,22.5
"9A000000107AC953","DS1925",2026-05-04 01:26:55,22.5
"9A000000107AC953","DS1925",2026-05-04 01:31:55,22
"9A000000107AC953","DS1925",2026-05-04 01:36:55,22
"9A000000107AC953","DS1925",2026-05-04 01:41:55,22
"9A000000107AC953","DS1925",2026-05-04 01:46:55,22
"9A000000107AC953","DS1925",2026-05-04 01:51:55,22
"9A000000107AC953","DS1925",2026-05-04 01:56:55,22
"9A000000107AC953","DS1925",2026-05-04 02:01:55,22
"9A000000107AC953","DS1925",2026-05-04 02:06:55,22
"9A000000107AC953","DS1925",2026-05-04 02:11:55,22
"9A000000107AC953","DS1925",2026-05-04 02:16:55,22
"9A000000107AC953","DS1925",2026-05-04 02:21:55,22
"9A000000107AC953","DS1925",2026-05-04 02:26:55,22
"9A000000107AC953","DS1925",2026-05-04 02:31:55,21.5
"9A000000107AC953","DS1925",2026-05-04 02:36:55,21.5
"9A000000107AC953","DS1925",2026-05-04 02:41:55,21.5
"9A000000107AC953","DS1925",2026-05-04 02:46:55,21.5
"9A000000107AC953","DS1925",2026-05-04 02:51:55,21.5
"9A000000107AC953","DS1925",2026-05-04 02:56:55,21.5
"9A000000107AC953","DS1925",2026-05-04 03:01:55,21.5
"9A000000107AC953","DS1925",2026-05-04 03:06:55,21.5
"9A000000107AC953","DS1925",2026-05-04 03:11:55,21.5
"9A000000107AC953","DS1925",2026-05-04 03:16:55,21.5
"9A000000107AC953","DS1925",2026-05-04 03:21:55,21.5
"9A000000107AC953","DS1925",2026-05-04 03:26:55,21.5
"9A000000107AC953","DS1925",2026-05-04 03:31:55,21.5
"9A000000107AC953","DS1925",2026-05-04 03:36:55,21.5
"9A000000107AC953","DS1925",2026-05-04 03:41:55,21.5
"9A000000107AC953","DS1925",2026-05-04 03:46:55,21
"9A000000107AC953","DS1925",2026-05-04 03:51:55,21
"9A000000107AC953","DS1925",2026-05-04 03:56:55,21
"9A000000107AC953","DS1925",2026-05-04 04:01:55,21
"9A000000107AC953","DS1925",2026-05-04 04:06:55,21
"9A000000107AC953","DS1925",2026-05-04 04:11:55,21
"9A000000107AC953","DS1925",2026-05-04 04:16:55,21
"9A000000107AC953","DS1925",2026-05-04 04:21:55,21
"9A000000107AC953","DS1925",2026-05-04 04:26:55,21
"9A000000107AC953","DS1925",2026-05-04 04:31:55,21
"9A000000107AC953","DS1925",2026-05-04 04:36:55,21
"9A000000107AC953","DS1925",2026-05-04 04:41:55,21
"9A000000107AC953","DS1925",2026-05-04 04:46:55,21
"9A000000107AC953","DS1925",2026-05-04 04:51:55,21
"9A000000107AC953","DS1925",2026-05-04 04:56:55,21
"9A000000107AC953","DS1925",2026-05-04 05:01:55,21
"9A000000107AC953","DS1925",2026-05-04 05:06:55,21
"9A000000107AC953","DS1925",2026-05-04 05:11:55,21
"9A000000107AC953","DS1925",2026-05-04 05:16:55,20.5
"9A000000107AC953","DS1925",2026-05-04 05:21:55,20.5
"9A000000107AC953","DS1925",2026-05-04 05:26:55,20.5
"9A000000107AC953","DS1925",2026-05-04 05:31:55,20.5
"9A000000107AC953","DS1925",2026-05-04 05:36:55,20.5
"9A000000107AC953","DS1925",2026-05-04 05:41:55,20.5
"9A000000107AC953","DS1925",2026-05-04 05:46:55,20.5
"9A000000107AC953","DS1925",2026-05-04 05:51:55,20.5
"9A000000107AC953","DS1925",2026-05-04 05:56:55,20.5
"9A000000107AC953","DS1925",2026-05-04 06:01:55,20.5
"9A000000107AC953","DS1925",2026-05-04 06:06:55,20.5
"9A000000107AC953","DS1925",2026-05-04 06:11:55,20.5
"9A000000107AC953","DS1925",2026-05-04 06:16:55,20.5
"9A000000107AC953","DS1925",2026-05-04 06:21:55,20.5
"9A000000107AC953","DS1925",2026-05-04 06:26:55,20.5
"9A000000107AC953","DS1925",2026-05-04 06:31:55,20.5
"9A000000107AC953","DS1925",2026-05-04 06:36:55,20.5
"9A000000107AC953","DS1925",2026-05-04 06:41:55,20.5
"9A000000107AC953","DS1925",2026-05-04 06:46:55,20.5
"9A000000107AC953","DS1925",2026-05-04 06:51:55,20
"9A000000107AC953","DS1925",2026-05-04 06:56:55,20
"9A000000107AC953","DS1925",2026-05-04 07:01:55,20
"9A000000107AC953","DS1925",2026-05-04 07:06:55,20
"9A000000107AC953","DS1925",2026-05-04 07:11:55,20
"9A000000107AC953","DS1925",2026-05-04 07:16:55,20
"9A000000107AC953","DS1925",2026-05-04 07:21:55,20
"9A000000107AC953","DS1925",2026-05-04 07:26:55,20
"9A000000107AC953","DS1925",2026-05-04 07:31:55,20
"9A000000107AC953","DS1925",2026-05-04 07:36:55,20
"9A000000107AC953","DS1925",2026-05-04 07:41:55,20
"9A000000107AC953","DS1925",2026-05-04 07:46:55,20
"9A000000107AC953","DS1925",2026-05-04 07:51:55,20
"9A000000107AC953","DS1925",2026-05-04 07:56:55,20
"9A000000107AC953","DS1925",2026-05-04 08:01:55,20
"9A000000107AC953","DS1925",2026-05-04 08:06:55,20
"9A000000107AC953","DS1925",2026-05-04 08:11:55,20
"9A000000107AC953","DS1925",2026-05-04 08:16:55,20
"9A000000107AC953","DS1925",2026-05-04 08:21:55,20
"9A000000107AC953","DS1925",2026-05-04 08:26:55,20
"9A000000107AC953","DS1925",2026-05-04 08:31:55,20
"9A000000107AC953","DS1925",2026-05-04 08:36:55,20
"9A000000107AC953","DS1925",2026-05-04 08:41:55,20
"9A000000107AC953","DS1925",2026-05-04 08:46:55,20
"9A000000107AC953","DS1925",2026-05-04 08:51:55,20
"9A000000107AC953","DS1925",2026-05-04 08:56:55,20
"9A000000107AC953","DS1925",2026-05-04 09:01:55,20
"9A000000107AC953","DS1925",2026-05-04 09:06:55,20
"9A000000107AC953","DS1925",2026-05-04 09:11:55,20
"9A000000107AC953","DS1925",2026-05-04 09:16:55,20
"9A000000107AC953","DS1925",2026-05-04 09:21:55,20
"9A000000107AC953","DS1925",2026-05-04 09:26:55,20
"9A000000107AC953","DS1925",2026-05-04 09:31:55,20
"9A000000107AC953","DS1925",2026-05-04 09:36:55,20
"9A000000107AC953","DS1925",2026-05-04 09:41:55,20
"9A000000107AC953","DS1925",2026-05-04 09:46:55,20
"9A000000107AC953","DS1925",2026-05-04 09:51:55,20
"9A000000107AC953","DS1925",2026-05-04 09:56:55,20
"9A000000107AC953","DS1925",2026-05-04 10:01:55,20
"9A000000107AC953","DS1925",2026-05-04 10:06:55,20
"9A000000107AC953","DS1925",2026-05-04 10:11:55,20.5
"9A000000107AC953","DS1925",2026-05-04 10:16:55,20.5
"9A000000107AC953","DS1925",2026-05-04 10:21:55,20.5
"9A000000107AC953","DS1925",2026-05-04 10:26:55,20.5
"9A000000107AC953","DS1925",2026-05-04 10:31:55,20.5
"9A000000107AC953","DS1925",2026-05-04 10:36:55,20.5
"9A000000107AC953","DS1925",2026-05-04 10:41:55,20.5
"9A000000107AC953","DS1925",2026-05-04 10:46:55,20
"9A000000107AC953","DS1925",2026-05-04 10:51:55,19.5
"9A000000107AC953","DS1925",2026-05-04 10:56:55,19.5
"9A000000107AC953","DS1925",2026-05-04 11:01:55,20
"9A000000107AC953","DS1925",2026-05-04 11:06:55,19
"9A000000107AC953","DS1925",2026-05-04 11:11:55,18.5
"9A000000107AC953","DS1925",2026-05-04 11:16:55,19
"9A000000107AC953","DS1925",2026-05-04 11:21:55,18.5
"9A000000107AC953","DS1925",2026-05-04 11:26:55,18
"9A000000107AC953","DS1925",2026-05-04 11:31:55,22.5
"9A000000107AC953","DS1925",2026-05-04 11:36:55,24
"9A000000107AC953","DS1925",2026-05-04 11:41:55,24.5
"9A000000107AC953","DS1925",2026-05-04 11:46:55,24.5
"9A000000107AC953","DS1925",2026-05-04 11:51:55,25
"9A000000107AC953","DS1925",2026-05-04 11:56:55,25
"9A000000107AC953","DS1925",2026-05-04 12:01:55,25
"9A000000107AC953","DS1925",2026-05-04 12:06:55,25
"9A000000107AC953","DS1925",2026-05-04 12:11:55,25
"9A000000107AC953","DS1925",2026-05-04 12:16:55,25
"9A000000107AC953","DS1925",2026-05-04 12:21:55,25
"9A000000107AC953","DS1925",2026-05-04 12:26:55,25
"9A000000107AC953","DS1925",2026-05-04 12:31:55,25
"9A000000107AC953","DS1925",2026-05-04 12:36:55,25.5
"9A000000107AC953","DS1925",2026-05-04 12:41:55,25.5
"9A000000107AC953","DS1925",2026-05-04 12:46:55,25.5
"9A000000107AC953","DS1925",2026-05-04 12:51:55,25.5
"9A000000107AC953","DS1925",2026-05-04 12:56:55,25.5
"9A000000107AC953","DS1925",2026-05-04 13:01:55,25.5
"9A000000107AC953","DS1925",2026-05-04 13:06:55,25.5
"9A000000107AC953","DS1925",2026-05-04 13:11:55,25
"9A000000107AC953","DS1925",2026-05-04 13:16:55,25
"9A000000107AC953","DS1925",2026-05-04 13:21:55,25
"9A000000107AC953","DS1925",2026-05-04 13:26:55,25
"9A000000107AC953","DS1925",2026-05-04 13:31:55,24.5
"9A000000107AC953","DS1925",2026-05-04 13:36:55,24.5
"9A000000107AC953","DS1925",2026-05-04 13:41:55,25
"9A000000107AC953","DS1925",2026-05-04 13:46:55,25
"9A000000107AC953","DS1925",2026-05-04 13:51:55,25.5
"9A000000107AC953","DS1925",2026-05-04 13:56:55,25.5
"9A000000107AC953","DS1925",2026-05-04 14:01:55,25.5
"9A000000107AC953","DS1925",2026-05-04 14:06:55,25.5
"9A000000107AC953","DS1925",2026-05-04 14:11:55,25
"9A000000107AC953","DS1925",2026-05-04 14:16:55,25
"9A000000107AC953","DS1925",2026-05-04 14:21:55,25
"9A000000107AC953","DS1925",2026-05-04 14:26:55,25
"9A000000107AC953","DS1925",2026-05-04 14:31:55,25
"9A000000107AC953","DS1925",2026-05-04 14:36:55,25
"9A000000107AC953","DS1925",2026-05-04 14:41:55,25
"9A000000107AC953","DS1925",2026-05-04 14:46:55,25.5
"9A000000107AC953","DS1925",2026-05-04 14:51:55,26
"9A000000107AC953","DS1925",2026-05-04 14:56:55,26
"9A000000107AC953","DS1925",2026-05-04 15:01:55,26
"9A000000107AC953","DS1925",2026-05-04 15:06:55,26.5
"9A000000107AC953","DS1925",2026-05-04 15:11:55,26.5
"9A000000107AC953","DS1925",2026-05-04 15:16:55,26.5
"9A000000107AC953","DS1925",2026-05-04 15:21:55,24.5
"9A000000107AC953","DS1925",2026-05-04 15:26:55,23.5
"9A000000107AC953","DS1925",2026-05-04 15:31:55,23.5
"9A000000107AC953","DS1925",2026-05-04 15:36:55,23.5
"9A000000107AC953","DS1925",2026-05-04 15:41:55,23.5
"9A000000107AC953","DS1925",2026-05-04 15:46:55,23.5
"9A000000107AC953","DS1925",2026-05-04 15:51:55,23
"9A000000107AC953","DS1925",2026-05-04 15:56:55,23.5
"9A000000107AC953","DS1925",2026-05-04 16:01:55,23.5
"9A000000107AC953","DS1925",2026-05-04 16:06:55,23
"9A000000107AC953","DS1925",2026-05-04 16:11:55,23
"9A000000107AC953","DS1925",2026-05-04 16:16:55,23
"9A000000107AC953","DS1925",2026-05-04 16:21:55,23
"9A000000107AC953","DS1925",2026-05-04 16:26:55,23
"9A000000107AC953","DS1925",2026-05-04 16:31:55,23
"9A000000107AC953","DS1925",2026-05-04 16:36:55,23
"9A000000107AC953","DS1925",2026-05-04 16:41:55,23
"9A000000107AC953","DS1925",2026-05-04 16:46:55,23
"9A000000107AC953","DS1925",2026-05-04 16:51:55,22.5
"9A000000107AC953","DS1925",2026-05-04 16:56:55,22.5
"9A000000107AC953","DS1925",2026-05-04 17:01:55,22.5
"9A000000107AC953","DS1925",2026-05-04 17:06:55,22.5
"9A000000107AC953","DS1925",2026-05-04 17:11:55,22.5
"9A000000107AC953","DS1925",2026-05-04 17:16:55,22.5
"9A000000107AC953","DS1925",2026-05-04 17:21:55,23
"9A000000107AC953","DS1925",2026-05-04 17:26:55,23
"9A000000107AC953","DS1925",2026-05-04 17:31:55,23
"9A000000107AC953","DS1925",2026-05-04 17:36:55,23
"9A000000107AC953","DS1925",2026-05-04 17:41:55,23
"9A000000107AC953","DS1925",2026-05-04 17:46:55,23
"9A000000107AC953","DS1925",2026-05-04 17:51:55,23
"9A000000107AC953","DS1925",2026-05-04 17:56:55,23
"9A000000107AC953","DS1925",2026-05-04 18:01:55,23
"9A000000107AC953","DS1925",2026-05-04 18:06:55,23
"9A000000107AC953","DS1925",2026-05-04 18:11:55,22.5
"9A000000107AC953","DS1925",2026-05-04 18:16:55,22.5
"9A000000107AC953","DS1925",2026-05-04 18:21:55,22.5
"9A000000107AC953","DS1925",2026-05-04 18:26:55,22.5
"9A000000107AC953","DS1925",2026-05-04 18:31:55,22.5
"9A000000107AC953","DS1925",2026-05-04 18:36:55,22.5
"9A000000107AC953","DS1925",2026-05-04 18:41:55,22.5
"9A000000107AC953","DS1925",2026-05-04 18:46:55,22.5
"9A000000107AC953","DS1925",2026-05-04 18:51:55,22.5
"9A000000107AC953","DS1925",2026-05-04 18:56:55,22.5
"9A000000107AC953","DS1925",2026-05-04 19:01:55,22.5
"9A000000107AC953","DS1925",2026-05-04 19:06:55,22.5
"9A000000107AC953","DS1925",2026-05-04 19:11:55,22.5
"9A000000107AC953","DS1925",2026-05-04 19:16:55,22.5
"9A000000107AC953","DS1925",2026-05-04 19:21:55,22.5
"9A000000107AC953","DS1925",2026-05-04 19:26:55,22.5
"9A000000107AC953","DS1925",2026-05-04 19:31:55,22.5
"9A000000107AC953","DS1925",2026-05-04 19:36:55,22.5
"9A000000107AC953","DS1925",2026-05-04 19:41:55,22.5
"9A000000107AC953","DS1925",2026-05-04 19:46:55,22.5
"9A000000107AC953","DS1925",2026-05-04 19:51:55,22.5
"9A000000107AC953","DS1925",2026-05-04 19:56:55,22.5
"9A000000107AC953","DS1925",2026-05-04 20:01:55,22.5
"9A000000107AC953","DS1925",2026-05-04 20:06:55,22.5
"9A000000107AC953","DS1925",2026-05-04 20:11:55,22.5
"9A000000107AC953","DS1925",2026-05-04 20:16:55,22.5
"9A000000107AC953","DS1925",2026-05-04 20:21:55,22.5
"9A000000107AC953","DS1925",2026-05-04 20:26:55,22.5
"9A000000107AC953","DS1925",2026-05-04 20:31:55,22.5
"9A000000107AC953","DS1925",2026-05-04 20:36:55,22.5
"9A000000107AC953","DS1925",2026-05-04 20:41:55,22.5
"9A000000107AC953","DS1925",2026-05-04 20:46:55,22.5
"9A000000107AC953","DS1925",2026-05-04 20:51:55,22.5
"9A000000107AC953","DS1925",2026-05-04 20:56:55,22.5
"9A000000107AC953","DS1925",2026-05-04 21:01:55,22.5
"9A000000107AC953","DS1925",2026-05-04 21:06:55,22.5
"9A000000107AC953","DS1925",2026-05-04 21:11:55,22.5
"9A000000107AC953","DS1925",2026-05-04 21:16:55,22.5
"9A000000107AC953","DS1925",2026-05-04 21:21:55,22.5
"9A000000107AC953","DS1925",2026-05-04 21:26:55,22.5
"9A000000107AC953","DS1925",2026-05-04 21:31:55,22.5
"9A000000107AC953","DS1925",2026-05-04 21:36:55,22.5
"9A000000107AC953","DS1925",2026-05-04 21:41:55,22.5
"9A000000107AC953","DS1925",2026-05-04 21:46:55,22.5
"9A000000107AC953","DS1925",2026-05-04 21:51:55,22.5
"9A000000107AC953","DS1925",2026-05-04 21:56:55,22.5
"9A000000107AC953","DS1925",2026-05-04 22:01:55,22.5
"9A000000107AC953","DS1925",2026-05-04 22:06:55,22.5
"9A000000107AC953","DS1925",2026-05-04 22:11:55,22.5
"9A000000107AC953","DS1925",2026-05-04 22:16:55,22.5
"9A000000107AC953","DS1925",2026-05-04 22:21:55,22.5
"9A000000107AC953","DS1925",2026-05-04 22:26:55,22.5
"9A000000107AC953","DS1925",2026-05-04 22:31:55,22.5
"9A000000107AC953","DS1925",2026-05-04 22:36:55,22.5
"9A000000107AC953","DS1925",2026-05-04 22:41:55,22.5
"9A000000107AC953","DS1925",2026-05-04 22:46:55,22.5
"9A000000107AC953","DS1925",2026-05-04 22:51:55,22.5
"9A000000107AC953","DS1925",2026-05-04 22:56:55,22.5
"9A000000107AC953","DS1925",2026-05-04 23:01:55,22.5
"9A000000107AC953","DS1925",2026-05-04 23:06:55,22.5
"9A000000107AC953","DS1925",2026-05-04 23:11:55,22.5
"9A000000107AC953","DS1925",2026-05-04 23:16:55,22.5
"9A000000107AC953","DS1925",2026-05-04 23:21:55,22.5
"9A000000107AC953","DS1925",2026-05-04 23:26:55,22.5
"9A000000107AC953","DS1925",2026-05-04 23:31:55,22.5
"9A000000107AC953","DS1925",2026-05-04 23:36:55,22.5
"9A000000107AC953","DS1925",2026-05-04 23:41:55,22.5
"9A000000107AC953","DS1925",2026-05-04 23:46:55,22.5
"9A000000107AC953","DS1925",2026-05-04 23:51:55,22.5
"9A000000107AC953","DS1925",2026-05-04 23:56:55,22.5
"9A000000107AC953","DS1925",2026-05-05 00:01:55,22.5
"9A000000107AC953","DS1925",2026-05-05 00:06:55,22.5
"9A000000107AC953","DS1925",2026-05-05 00:11:55,22.5
"9A000000107AC953","DS1925",2026-05-05 00:16:55,22
"9A000000107AC953","DS1925",2026-05-05 00:21:55,22
"9A000000107AC953","DS1925",2026-05-05 00:26:55,22
"9A000000107AC953","DS1925",2026-05-05 00:31:55,22
"9A000000107AC953","DS1925",2026-05-05 00:36:55,22
"9A000000107AC953","DS1925",2026-05-05 00:41:55,22
"9A000000107AC953","DS1925",2026-05-05 00:46:55,22
"9A000000107AC953","DS1925",2026-05-05 00:51:55,22
"9A000000107AC953","DS1925",2026-05-05 00:56:55,22
"9A000000107AC953","DS1925",2026-05-05 01:01:55,22
"9A000000107AC953","DS1925",2026-05-05 01:06:55,22.5
"9A000000107AC953","DS1925",2026-05-05 01:11:55,22
"9A000000107AC953","DS1925",2026-05-05 01:16:55,22
"9A000000107AC953","DS1925",2026-05-05 01:21:55,22
"9A000000107AC953","DS1925",2026-05-05 01:26:55,22
"9A000000107AC953","DS1925",2026-05-05 01:31:55,22
"9A000000107AC953","DS1925",2026-05-05 01:36:55,22
"9A000000107AC953","DS1925",2026-05-05 01:41:55,22
"9A000000107AC953","DS1925",2026-05-05 01:46:55,22
"9A000000107AC953","DS1925",2026-05-05 01:51:55,22
"9A000000107AC953","DS1925",2026-05-05 01:56:55,22
"9A000000107AC953","DS1925",2026-05-05 02:01:55,22
"9A000000107AC953","DS1925",2026-05-05 02:06:55,22
"9A000000107AC953","DS1925",2026-05-05 02:11:55,22
"9A000000107AC953","DS1925",2026-05-05 02:16:55,22
"9A000000107AC953","DS1925",2026-05-05 02:21:55,22
"9A000000107AC953","DS1925",2026-05-05 02:26:55,22
"9A000000107AC953","DS1925",2026-05-05 02:31:55,22
"9A000000107AC953","DS1925",2026-05-05 02:36:55,22
"9A000000107AC953","DS1925",2026-05-05 02:41:55,22
"9A000000107AC953","DS1925",2026-05-05 02:46:55,22
"9A000000107AC953","DS1925",2026-05-05 02:51:55,22
"9A000000107AC953","DS1925",2026-05-05 02:56:55,22
"9A000000107AC953","DS1925",2026-05-05 03:01:55,22
"9A000000107AC953","DS1925",2026-05-05 03:06:55,22
"9A000000107AC953","DS1925",2026-05-05 03:11:55,22
"9A000000107AC953","DS1925",2026-05-05 03:16:55,22
"9A000000107AC953","DS1925",2026-05-05 03:21:55,22
"9A000000107AC953","DS1925",2026-05-05 03:26:55,22
"9A000000107AC953","DS1925",2026-05-05 03:31:55,22
"9A000000107AC953","DS1925",2026-05-05 03:36:55,22
"9A000000107AC953","DS1925",2026-05-05 03:41:55,22
"9A000000107AC953","DS1925",2026-05-05 03:46:55,22
"9A000000107AC953","DS1925",2026-05-05 03:51:55,22
"9A000000107AC953","DS1925",2026-05-05 03:56:55,22
"9A000000107AC953","DS1925",2026-05-05 04:01:55,22
"9A000000107AC953","DS1925",2026-05-05 04:06:55,22
"9A000000107AC953","DS1925",2026-05-05 04:11:55,22
"9A000000107AC953","DS1925",2026-05-05 04:16:55,22
"9A000000107AC953","DS1925",2026-05-05 04:21:55,22
"9A000000107AC953","DS1925",2026-05-05 04:26:55,22
"9A000000107AC953","DS1925",2026-05-05 04:31:55,22
"9A000000107AC953","DS1925",2026-05-05 04:36:55,22
"9A000000107AC953","DS1925",2026-05-05 04:41:55,21.5
"9A000000107AC953","DS1925",2026-05-05 04:46:55,21.5
"9A000000107AC953","DS1925",2026-05-05 04:51:55,21.5
"9A000000107AC953","DS1925",2026-05-05 04:56:55,21.5
"9A000000107AC953","DS1925",2026-05-05 05:01:55,21.5
"9A000000107AC953","DS1925",2026-05-05 05:06:55,21.5
"9A000000107AC953","DS1925",2026-05-05 05:11:55,21.5
"9A000000107AC953","DS1925",2026-05-05 05:16:55,21.5
"9A000000107AC953","DS1925",2026-05-05 05:21:55,21.5
"9A000000107AC953","DS1925",2026-05-05 05:26:55,21.5
"9A000000107AC953","DS1925",2026-05-05 05:31:55,21.5
"9A000000107AC953","DS1925",2026-05-05 05:36:55,21.5
"9A000000107AC953","DS1925",2026-05-05 05:41:55,21.5
"9A000000107AC953","DS1925",2026-05-05 05:46:55,21.5
"9A000000107AC953","DS1925",2026-05-05 05:51:55,21.5
"9A000000107AC953","DS1925",2026-05-05 05:56:55,21.5
"9A000000107AC953","DS1925",2026-05-05 06:01:55,21.5
"9A000000107AC953","DS1925",2026-05-05 06:06:55,21.5
"9A000000107AC953","DS1925",2026-05-05 06:11:55,21.5
"9A000000107AC953","DS1925",2026-05-05 06:16:55,21.5
"9A000000107AC953","DS1925",2026-05-05 06:21:55,21.5
"9A000000107AC953","DS1925",2026-05-05 06:26:55,21.5
"9A000000107AC953","DS1925",2026-05-05 06:31:55,21.5
"9A000000107AC953","DS1925",2026-05-05 06:36:55,21.5
"9A000000107AC953","DS1925",2026-05-05 06:41:55,21.5
"9A000000107AC953","DS1925",2026-05-05 06:46:55,21.5
"9A000000107AC953","DS1925",2026-05-05 06:51:55,21.5
"9A000000107AC953","DS1925",2026-05-05 06:56:55,21.5
"9A000000107AC953","DS1925",2026-05-05 07:01:55,21.5
"9A000000107AC953","DS1925",2026-05-05 07:06:55,21.5
"9A000000107AC953","DS1925",2026-05-05 07:11:55,21.5
"9A000000107AC953","DS1925",2026-05-05 07:16:55,21.5
"9A000000107AC953","DS1925",2026-05-05 07:21:55,21.5
"9A000000107AC953","DS1925",2026-05-05 07:26:55,21.5
"9A000000107AC953","DS1925",2026-05-05 07:31:55,21.5
"9A000000107AC953","DS1925",2026-05-05 07:36:55,21.5
"9A000000107AC953","DS1925",2026-05-05 07:41:55,21.5
"9A000000107AC953","DS1925",2026-05-05 07:46:55,21.5
"9A000000107AC953","DS1925",2026-05-05 07:51:55,21.5
"9A000000107AC953","DS1925",2026-05-05 07:56:55,21.5
"9A000000107AC953","DS1925",2026-05-05 08:01:55,21.5
"9A000000107AC953","DS1925",2026-05-05 08:06:55,22
"9A000000107AC953","DS1925",2026-05-05 08:11:55,21.5
"9A000000107AC953","DS1925",2026-05-05 08:16:55,22
"9A000000107AC953","DS1925",2026-05-05 08:21:55,22
"9A000000107AC953","DS1925",2026-05-05 08:26:55,22
"9A000000107AC953","DS1925",2026-05-05 08:31:55,22
"9A000000107AC953","DS1925",2026-05-05 08:36:55,22
"9A000000107AC953","DS1925",2026-05-05 08:41:55,22
"9A000000107AC953","DS1925",2026-05-05 08:46:55,22
"9A000000107AC953","DS1925",2026-05-05 08:51:55,22
"9A000000107AC953","DS1925",2026-05-05 08:56:55,22
"9A000000107AC953","DS1925",2026-05-05 09:01:55,22
"9A000000107AC953","DS1925",2026-05-05 09:06:55,22
"9A000000107AC953","DS1925",2026-05-05 09:11:55,22
"9A000000107AC953","DS1925",2026-05-05 09:16:55,22
"9A000000107AC953","DS1925",2026-05-05 09:21:55,22
"9A000000107AC953","DS1925",2026-05-05 09:26:55,22
"9A000000107AC953","DS1925",2026-05-05 09:31:55,22
"9A000000107AC953","DS1925",2026-05-05 09:36:55,22
"9A000000107AC953","DS1925",2026-05-05 09:41:55,22
"9A000000107AC953","DS1925",2026-05-05 09:46:55,22
"9A000000107AC953","DS1925",2026-05-05 09:51:55,22
"9A000000107AC953","DS1925",2026-05-05 09:56:55,22
"9A000000107AC953","DS1925",2026-05-05 10:01:55,22
"9A000000107AC953","DS1925",2026-05-05 10:06:55,22
"9A000000107AC953","DS1925",2026-05-05 10:11:55,22
"9A000000107AC953","DS1925",2026-05-05 10:16:55,22
"9A000000107AC953","DS1925",2026-05-05 10:21:55,22
"9A000000107AC953","DS1925",2026-05-05 10:26:55,22
"9A000000107AC953","DS1925",2026-05-05 10:31:55,22
"9A000000107AC953","DS1925",2026-05-05 10:36:55,22
"9A000000107AC953","DS1925",2026-05-05 10:41:55,22
"9A000000107AC953","DS1925",2026-05-05 10:46:55,22
"9A000000107AC953","DS1925",2026-05-05 10:51:55,22
"9A000000107AC953","DS1925",2026-05-05 10:56:55,22
"9A000000107AC953","DS1925",2026-05-05 11:01:55,22
"9A000000107AC953","DS1925",2026-05-05 11:06:55,22
"9A000000107AC953","DS1925",2026-05-05 11:11:55,22
"9A000000107AC953","DS1925",2026-05-05 11:16:55,22
"9A000000107AC953","DS1925",2026-05-05 11:21:55,22
"9A000000107AC953","DS1925",2026-05-05 11:26:55,22
"9A000000107AC953","DS1925",2026-05-05 11:31:55,22.5
"9A000000107AC953","DS1925",2026-05-05 11:36:55,22.5
"9A000000107AC953","DS1925",2026-05-05 11:41:55,22.5
"9A000000107AC953","DS1925",2026-05-05 11:46:55,22.5
"9A000000107AC953","DS1925",2026-05-05 11:51:55,22.5
"9A000000107AC953","DS1925",2026-05-05 11:56:55,22.5
"9A000000107AC953","DS1925",2026-05-05 12:01:55,22.5
"9A000000107AC953","DS1925",2026-05-05 12:06:55,22.5
"9A000000107AC953","DS1925",2026-05-05 12:11:55,22.5
"9A000000107AC953","DS1925",2026-05-05 12:16:55,22.5
"9A000000107AC953","DS1925",2026-05-05 12:21:55,22.5
"9A000000107AC953","DS1925",2026-05-05 12:26:55,22.5
"9A000000107AC953","DS1925",2026-05-05 12:31:55,22.5
"9A000000107AC953","DS1925",2026-05-05 12:36:55,22.5
"9A000000107AC953","DS1925",2026-05-05 12:41:55,22.5
"9A000000107AC953","DS1925",2026-05-05 12:46:55,22.5
"9A000000107AC953","DS1925",2026-05-05 12:51:55,22.5
"9A000000107AC953","DS1925",2026-05-05 12:56:55,22.5
"9A000000107AC953","DS1925",2026-05-05 13:01:55,22.5
"9A000000107AC953","DS1925",2026-05-05 13:06:55,23
"9A000000107AC953","DS1925",2026-05-05 13:11:55,23
"9A000000107AC953","DS1925",2026-05-05 13:16:55,23
"9A000000107AC953","DS1925",2026-05-05 13:21:55,23
"9A000000107AC953","DS1925",2026-05-05 13:26:55,23
"9A000000107AC953","DS1925",2026-05-05 13:31:55,23
"9A000000107AC953","DS1925",2026-05-05 13:36:55,23
"9A000000107AC953","DS1925",2026-05-05 13:41:55,23
"9A000000107AC953","DS1925",2026-05-05 13:46:55,23
"9A000000107AC953","DS1925",2026-05-05 13:51:55,23
"9A000000107AC953","DS1925",2026-05-05 13:56:55,23
"9A000000107AC953","DS1925",2026-05-05 14:01:55,23
"9A000000107AC953","DS1925",2026-05-05 14:06:55,23
"9A000000107AC953","DS1925",2026-05-05 14:11:55,23
"9A000000107AC953","DS1925",2026-05-05 14:16:55,23
"9A000000107AC953","DS1925",2026-05-05 14:21:55,23
"9A000000107AC953","DS1925",2026-05-05 14:26:55,23
"9A000000107AC953","DS1925",2026-05-05 14:31:55,23
"9A000000107AC953","DS1925",2026-05-05 14:36:55,23
"9A000000107AC953","DS1925",2026-05-05 14:41:55,23
"9A000000107AC953","DS1925",2026-05-05 14:46:55,23
"9A000000107AC953","DS1925",2026-05-05 14:51:55,23
"9A000000107AC953","DS1925",2026-05-05 14:56:55,23
"9A000000107AC953","DS1925",2026-05-05 15:01:55,23
"9A000000107AC953","DS1925",2026-05-05 15:06:55,23
"9A000000107AC953","DS1925",2026-05-05 15:11:55,23
"9A000000107AC953","DS1925",2026-05-05 15:16:55,22.5
"9A000000107AC953","DS1925",2026-05-05 15:21:55,22.5
"9A000000107AC953","DS1925",2026-05-05 15:26:55,22
"9A000000107AC953","DS1925",2026-05-05 15:31:55,21.5
"9A000000107AC953","DS1925",2026-05-05 15:36:55,21.5
"9A000000107AC953","DS1925",2026-05-05 15:41:55,21.5
"9A000000107AC953","DS1925",2026-05-05 15:46:55,21
"9A000000107AC953","DS1925",2026-05-05 15:51:55,21
"9A000000107AC953","DS1925",2026-05-05 15:56:55,20.5
"9A000000107AC953","DS1925",2026-05-05 16:01:55,20.5
"9A000000107AC953","DS1925",2026-05-05 16:06:55,20.5
"9A000000107AC953","DS1925",2026-05-05 16:11:55,20.5
"9A000000107AC953","DS1925",2026-05-05 16:16:55,20.5
"9A000000107AC953","DS1925",2026-05-05 16:21:55,20.5
"9A000000107AC953","DS1925",2026-05-05 16:26:55,20.5
"9A000000107AC953","DS1925",2026-05-05 16:31:55,20.5
"9A000000107AC953","DS1925",2026-05-05 16:36:55,20.5
"9A000000107AC953","DS1925",2026-05-05 16:41:55,20.5
"9A000000107AC953","DS1925",2026-05-05 16:46:55,20
"9A000000107AC953","DS1925",2026-05-05 16:51:55,20
"9A000000107AC953","DS1925",2026-05-05 16:56:55,20
"9A000000107AC953","DS1925",2026-05-05 17:01:55,20
"9A000000107AC953","DS1925",2026-05-05 17:06:55,19.5
"9A000000107AC953","DS1925",2026-05-05 17:11:55,19.5
"9A000000107AC953","DS1925",2026-05-05 17:16:55,19.5
"9A000000107AC953","DS1925",2026-05-05 17:21:55,19.5
"9A000000107AC953","DS1925",2026-05-05 17:26:55,19
"9A000000107AC953","DS1925",2026-05-05 17:31:55,19
"9A000000107AC953","DS1925",2026-05-05 17:36:55,19
"9A000000107AC953","DS1925",2026-05-05 17:41:55,18.5
"9A000000107AC953","DS1925",2026-05-05 17:46:55,18.5
"9A000000107AC953","DS1925",2026-05-05 17:51:55,18.5
"9A000000107AC953","DS1925",2026-05-05 17:56:55,18
"9A000000107AC953","DS1925",2026-05-05 18:01:55,18
"9A000000107AC953","DS1925",2026-05-05 18:06:55,17.5
"9A000000107AC953","DS1925",2026-05-05 18:11:55,17.5
"9A000000107AC953","DS1925",2026-05-05 18:16:55,17.5
"9A000000107AC953","DS1925",2026-05-05 18:21:55,17
"9A000000107AC953","DS1925",2026-05-05 18:26:55,17
"9A000000107AC953","DS1925",2026-05-05 18:31:55,16.5
"9A000000107AC953","DS1925",2026-05-05 18:36:55,16
"9A000000107AC953","DS1925",2026-05-05 18:41:55,16
"9A000000107AC953","DS1925",2026-05-05 18:46:55,15.5
"9A000000107AC953","DS1925",2026-05-05 18:51:55,15.5
"9A000000107AC953","DS1925",2026-05-05 18:56:55,15
"9A000000107AC953","DS1925",2026-05-05 19:01:55,15
"9A000000107AC953","DS1925",2026-05-05 19:06:55,15
"9A000000107AC953","DS1925",2026-05-05 19:11:55,14.5
"9A000000107AC953","DS1925",2026-05-05 19:16:55,14.5
"9A000000107AC953","DS1925",2026-05-05 19:21:55,14.5
"9A000000107AC953","DS1925",2026-05-05 19:26:55,14.5
"9A000000107AC953","DS1925",2026-05-05 19:31:55,14.5
"9A000000107AC953","DS1925",2026-05-05 19:36:55,14.5
"9A000000107AC953","DS1925",2026-05-05 19:41:55,14
"9A000000107AC953","DS1925",2026-05-05 19:46:55,14
"9A000000107AC953","DS1925",2026-05-05 19:51:55,14
"9A000000107AC953","DS1925",2026-05-05 19:56:55,14
"9A000000107AC953","DS1925",2026-05-05 20:01:55,14
"9A000000107AC953","DS1925",2026-05-05 20:06:55,14
"9A000000107AC953","DS1925",2026-05-05 20:11:55,13.5
"9A000000107AC953","DS1925",2026-05-05 20:16:55,13.5
"9A000000107AC953","DS1925",2026-05-05 20:21:55,13.5
"9A000000107AC953","DS1925",2026-05-05 20:26:55,13.5
"9A000000107AC953","DS1925",2026-05-05 20:31:55,13.5
"9A000000107AC953","DS1925",2026-05-05 20:36:55,13
"9A000000107AC953","DS1925",2026-05-05 20:41:55,13
"9A000000107AC953","DS1925",2026-05-05 20:46:55,13
"9A000000107AC953","DS1925",2026-05-05 20:51:55,13
"9A000000107AC953","DS1925",2026-05-05 20:56:55,13
"9A000000107AC953","DS1925",2026-05-05 21:01:55,12.5
"9A000000107AC953","DS1925",2026-05-05 21:06:55,12.5
"9A000000107AC953","DS1925",2026-05-05 21:11:55,12.5
"9A000000107AC953","DS1925",2026-05-05 21:16:55,12.5
"9A000000107AC953","DS1925",2026-05-05 21:21:55,12.5
"9A000000107AC953","DS1925",2026-05-05 21:26:55,12.5
"9A000000107AC953","DS1925",2026-05-05 21:31:55,12.5
"9A000000107AC953","DS1925",2026-05-05 21:36:55,12
"9A000000107AC953","DS1925",2026-05-05 21:41:55,12
"9A000000107AC953","DS1925",2026-05-05 21:46:55,12
"9A000000107AC953","DS1925",2026-05-05 21:51:55,12
"9A000000107AC953","DS1925",2026-05-05 21:56:55,12
"9A000000107AC953","DS1925",2026-05-05 22:01:55,12
"9A000000107AC953","DS1925",2026-05-05 22:06:55,12
"9A000000107AC953","DS1925",2026-05-05 22:11:55,12
"9A000000107AC953","DS1925",2026-05-05 22:16:55,11.5
"9A000000107AC953","DS1925",2026-05-05 22:21:55,11.5
"9A000000107AC953","DS1925",2026-05-05 22:26:55,11.5
"9A000000107AC953","DS1925",2026-05-05 22:31:55,11.5
"9A000000107AC953","DS1925",2026-05-05 22:36:55,11.5
"9A000000107AC953","DS1925",2026-05-05 22:41:55,11.5
"9A000000107AC953","DS1925",2026-05-05 22:46:55,11.5
"9A000000107AC953","DS1925",2026-05-05 22:51:55,11.5
"9A000000107AC953","DS1925",2026-05-05 22:56:55,11.5
"9A000000107AC953","DS1925",2026-05-05 23:01:55,11.5
"9A000000107AC953","DS1925",2026-05-05 23:06:55,11.5
"9A000000107AC953","DS1925",2026-05-05 23:11:55,11
"9A000000107AC953","DS1925",2026-05-05 23:16:55,11
"9A000000107AC953","DS1925",2026-05-05 23:21:55,11
"9A000000107AC953","DS1925",2026-05-05 23:26:55,11
"9A000000107AC953","DS1925",2026-05-05 23:31:55,11
"9A000000107AC953","DS1925",2026-05-05 23:36:55,11
"9A000000107AC953","DS1925",2026-05-05 23:41:55,11
"9A000000107AC953","DS1925",2026-05-05 23:46:55,11
"9A000000107AC953","DS1925",2026-05-05 23:51:55,11
"9A000000107AC953","DS1925",2026-05-05 23:56:55,11
"9A000000107AC953","DS1925",2026-05-06 00:01:55,11
"9A000000107AC953","DS1925",2026-05-06 00:06:55,11
"9A000000107AC953","DS1925",2026-05-06 00:11:55,11
"9A000000107AC953","DS1925",2026-05-06 00:16:55,10.5
"9A000000107AC953","DS1925",2026-05-06 00:21:55,10.5
"9A000000107AC953","DS1925",2026-05-06 00:26:55,10.5
"9A000000107AC953","DS1925",2026-05-06 00:31:55,10.5
"9A000000107AC953","DS1925",2026-05-06 00:36:55,10.5
"9A000000107AC953","DS1925",2026-05-06 00:41:55,10.5
"9A000000107AC953","DS1925",2026-05-06 00:46:55,10.5
"9A000000107AC953","DS1925",2026-05-06 00:51:55,10.5
"9A000000107AC953","DS1925",2026-05-06 00:56:55,10.5
"9A000000107AC953","DS1925",2026-05-06 01:01:55,10.5
"9A000000107AC953","DS1925",2026-05-06 01:06:55,10.5
"9A000000107AC953","DS1925",2026-05-06 01:11:55,10.5
"9A000000107AC953","DS1925",2026-05-06 01:16:55,10
"9A000000107AC953","DS1925",2026-05-06 01:21:55,10
"9A000000107AC953","DS1925",2026-05-06 01:26:55,10
"9A000000107AC953","DS1925",2026-05-06 01:31:55,10
"9A000000107AC953","DS1925",2026-05-06 01:36:55,10
"9A000000107AC953","DS1925",2026-05-06 01:41:55,10
"9A000000107AC953","DS1925",2026-05-06 01:46:55,10
"9A000000107AC953","DS1925",2026-05-06 01:51:55,10
"9A000000107AC953","DS1925",2026-05-06 01:56:55,10
"9A000000107AC953","DS1925",2026-05-06 02:01:55,10
"9A000000107AC953","DS1925",2026-05-06 02:06:55,10
"9A000000107AC953","DS1925",2026-05-06 02:11:55,9.5
"9A000000107AC953","DS1925",2026-05-06 02:16:55,9.5
"9A000000107AC953","DS1925",2026-05-06 02:21:55,9.5
"9A000000107AC953","DS1925",2026-05-06 02:26:55,9.5
"9A000000107AC953","DS1925",2026-05-06 02:31:55,9.5
"9A000000107AC953","DS1925",2026-05-06 02:36:55,9.5
"9A000000107AC953","DS1925",2026-05-06 02:41:55,9.5
"9A000000107AC953","DS1925",2026-05-06 02:46:55,9.5
"9A000000107AC953","DS1925",2026-05-06 02:51:55,9.5
"9A000000107AC953","DS1925",2026-05-06 02:56:55,9.5
"9A000000107AC953","DS1925",2026-05-06 03:01:55,9.5
"9A000000107AC953","DS1925",2026-05-06 03:06:55,9.5
"9A000000107AC953","DS1925",2026-05-06 03:11:55,9.5
"9A000000107AC953","DS1925",2026-05-06 03:16:55,9.5
"9A000000107AC953","DS1925",2026-05-06 03:21:55,9.5
"9A000000107AC953","DS1925",2026-05-06 03:26:55,9.5
"9A000000107AC953","DS1925",2026-05-06 03:31:55,9
"9A000000107AC953","DS1925",2026-05-06 03:36:55,9
"9A000000107AC953","DS1925",2026-05-06 03:41:55,9
"9A000000107AC953","DS1925",2026-05-06 03:46:55,9
"9A000000107AC953","DS1925",2026-05-06 03:51:55,9
"9A000000107AC953","DS1925",2026-05-06 03:56:55,9
"9A000000107AC953","DS1925",2026-05-06 04:01:55,9
"9A000000107AC953","DS1925",2026-05-06 04:06:55,9
"9A000000107AC953","DS1925",2026-05-06 04:11:55,9
"9A000000107AC953","DS1925",2026-05-06 04:16:55,9
"9A000000107AC953","DS1925",2026-05-06 04:21:55,9
"9A000000107AC953","DS1925",2026-05-06 04:26:55,9
"9A000000107AC953","DS1925",2026-05-06 04:31:55,9
"9A000000107AC953","DS1925",2026-05-06 04:36:55,9
"9A000000107AC953","DS1925",2026-05-06 04:41:55,9
"9A000000107AC953","DS1925",2026-05-06 04:46:55,9
"9A000000107AC953","DS1925",2026-05-06 04:51:55,9
"9A000000107AC953","DS1925",2026-05-06 04:56:55,9
"9A000000107AC953","DS1925",2026-05-06 05:01:55,9
"9A000000107AC953","DS1925",2026-05-06 05:06:55,9
"9A000000107AC953","DS1925",2026-05-06 05:11:55,9
"9A000000107AC953","DS1925",2026-05-06 05:16:55,9
"9A000000107AC953","DS1925",2026-05-06 05:21:55,9
"9A000000107AC953","DS1925",2026-05-06 05:26:55,9
"9A000000107AC953","DS1925",2026-05-06 05:31:55,8.5
"9A000000107AC953","DS1925",2026-05-06 05:36:55,8.5
"9A000000107AC953","DS1925",2026-05-06 05:41:55,8.5
"9A000000107AC953","DS1925",2026-05-06 05:46:55,8.5
"9A000000107AC953","DS1925",2026-05-06 05:51:55,8.5
"9A000000107AC953","DS1925",2026-05-06 05:56:55,8.5
"9A000000107AC953","DS1925",2026-05-06 06:01:55,8.5
"9A000000107AC953","DS1925",2026-05-06 06:06:55,8.5
"9A000000107AC953","DS1925",2026-05-06 06:11:55,8.5
"9A000000107AC953","DS1925",2026-05-06 06:16:55,8.5
"9A000000107AC953","DS1925",2026-05-06 06:21:55,8.5
"9A000000107AC953","DS1925",2026-05-06 06:26:55,8.5
"9A000000107AC953","DS1925",2026-05-06 06:31:55,8.5
"9A000000107AC953","DS1925",2026-05-06 06:36:55,8.5
"9A000000107AC953","DS1925",2026-05-06 06:41:55,8.5
"9A000000107AC953","DS1925",2026-05-06 06:46:55,8.5
"9A000000107AC953","DS1925",2026-05-06 06:51:55,8.5
"9A000000107AC953","DS1925",2026-05-06 06:56:55,8.5
"9A000000107AC953","DS1925",2026-05-06 07:01:55,8.5
"9A000000107AC953","DS1925",2026-05-06 07:06:55,8.5
"9A000000107AC953","DS1925",2026-05-06 07:11:55,8.5
"9A000000107AC953","DS1925",2026-05-06 07:16:55,8.5
"9A000000107AC953","DS1925",2026-05-06 07:21:55,8.5
"9A000000107AC953","DS1925",2026-05-06 07:26:55,8.5
"9A000000107AC953","DS1925",2026-05-06 07:31:55,9
"9A000000107AC953","DS1925",2026-05-06 07:36:55,9
"9A000000107AC953","DS1925",2026-05-06 07:41:55,9
"9A000000107AC953","DS1925",2026-05-06 07:46:55,9
"9A000000107AC953","DS1925",2026-05-06 07:51:55,9
"9A000000107AC953","DS1925",2026-05-06 07:56:55,9
"9A000000107AC953","DS1925",2026-05-06 08:01:55,9
"9A000000107AC953","DS1925",2026-05-06 08:06:55,9
"9A000000107AC953","DS1925",2026-05-06 08:11:55,9
"9A000000107AC953","DS1925",2026-05-06 08:16:55,9
"9A000000107AC953","DS1925",2026-05-06 08:21:55,9
"9A000000107AC953","DS1925",2026-05-06 08:26:55,9
"9A000000107AC953","DS1925",2026-05-06 08:31:55,9
"9A000000107AC953","DS1925",2026-05-06 08:36:55,9
"9A000000107AC953","DS1925",2026-05-06 08:41:55,9
"9A000000107AC953","DS1925",2026-05-06 08:46:55,9
"9A000000107AC953","DS1925",2026-05-06 08:51:55,9.5
"9A000000107AC953","DS1925",2026-05-06 08:56:55,9.5
"9A000000107AC953","DS1925",2026-05-06 09:01:55,9.5
"9A000000107AC953","DS1925",2026-05-06 09:06:55,9.5
"9A000000107AC953","DS1925",2026-05-06 09:11:55,9.5
"9A000000107AC953","DS1925",2026-05-06 09:16:55,9.5
"9A000000107AC953","DS1925",2026-05-06 09:21:55,9.5
"9A000000107AC953","DS1925",2026-05-06 09:26:55,9.5
"9A000000107AC953","DS1925",2026-05-06 09:31:55,9.5
"9A000000107AC953","DS1925",2026-05-06 09:36:55,9.5
"9A000000107AC953","DS1925",2026-05-06 09:41:55,9.5
"9A000000107AC953","DS1925",2026-05-06 09:46:55,10
"9A000000107AC953","DS1925",2026-05-06 09:51:55,10
"9A000000107AC953","DS1925",2026-05-06 09:56:55,10
"9A000000107AC953","DS1925",2026-05-06 10:01:55,10
"9A000000107AC953","DS1925",2026-05-06 10:06:55,10
"9A000000107AC953","DS1925",2026-05-06 10:11:55,10
"9A000000107AC953","DS1925",2026-05-06 10:16:55,10
"9A000000107AC953","DS1925",2026-05-06 10:21:55,10
"9A000000107AC953","DS1925",2026-05-06 10:26:55,10.5
"9A000000107AC953","DS1925",2026-05-06 10:31:55,10.5
"9A000000107AC953","DS1925",2026-05-06 10:36:55,10.5
"9A000000107AC953","DS1925",2026-05-06 10:41:55,10.5
"9A000000107AC953","DS1925",2026-05-06 10:46:55,10.5
"9A000000107AC953","DS1925",2026-05-06 10:51:55,10.5
"9A000000107AC953","DS1925",2026-05-06 10:56:55,10.5
"9A000000107AC953","DS1925",2026-05-06 11:01:55,10.5
"9A000000107AC953","DS1925",2026-05-06 11:06:55,10.5
"9A000000107AC953","DS1925",2026-05-06 11:11:55,11
"9A000000107AC953","DS1925",2026-05-06 11:16:55,11
"9A000000107AC953","DS1925",2026-05-06 11:21:55,11
"9A000000107AC953","DS1925",2026-05-06 11:26:55,11.5
"9A000000107AC953","DS1925",2026-05-06 11:31:55,11.5
"9A000000107AC953","DS1925",2026-05-06 11:36:55,11.5
"9A000000107AC953","DS1925",2026-05-06 11:41:55,12
"9A000000107AC953","DS1925",2026-05-06 11:46:55,12
"9A000000107AC953","DS1925",2026-05-06 11:51:55,12
"9A000000107AC953","DS1925",2026-05-06 11:56:55,12
"9A000000107AC953","DS1925",2026-05-06 12:01:55,12
"9A000000107AC953","DS1925",2026-05-06 12:06:55,12
"9A000000107AC953","DS1925",2026-05-06 12:11:55,12
"9A000000107AC953","DS1925",2026-05-06 12:16:55,12
"9A000000107AC953","DS1925",2026-05-06 12:21:55,12
"9A000000107AC953","DS1925",2026-05-06 12:26:55,12
"9A000000107AC953","DS1925",2026-05-06 12:31:55,12
"9A000000107AC953","DS1925",2026-05-06 12:36:55,12
"9A000000107AC953","DS1925",2026-05-06 12:41:55,12
"9A000000107AC953","DS1925",2026-05-06 12:46:55,12
"9A000000107AC953","DS1925",2026-05-06 12:51:55,12
"9A000000107AC953","DS1925",2026-05-06 12:56:55,12
"9A000000107AC953","DS1925",2026-05-06 13:01:55,12
"9A000000107AC953","DS1925",2026-05-06 13:06:55,12
"9A000000107AC953","DS1925",2026-05-06 13:11:55,12
"9A000000107AC953","DS1925",2026-05-06 13:16:55,12
"9A000000107AC953","DS1925",2026-05-06 13:21:55,12
"9A000000107AC953","DS1925",2026-05-06 13:26:55,12
"9A000000107AC953","DS1925",2026-05-06 13:31:55,12
"9A000000107AC953","DS1925",2026-05-06 13:36:55,12
"9A000000107AC953","DS1925",2026-05-06 13:41:55,12.5
"9A000000107AC953","DS1925",2026-05-06 13:46:55,12.5
"9A000000107AC953","DS1925",2026-05-06 13:51:55,13
"9A000000107AC953","DS1925",2026-05-06 13:56:55,13
"9A000000107AC953","DS1925",2026-05-06 14:01:55,13.5
"9A000000107AC953","DS1925",2026-05-06 14:06:55,13.5
"9A000000107AC953","DS1925",2026-05-06 14:11:55,14
"9A000000107AC953","DS1925",2026-05-06 14:16:55,14
"9A000000107AC953","DS1925",2026-05-06 14:21:55,14
"9A000000107AC953","DS1925",2026-05-06 14:26:55,14.5
"9A000000107AC953","DS1925",2026-05-06 14:31:55,14.5
"9A000000107AC953","DS1925",2026-05-06 14:36:55,14.5
"9A000000107AC953","DS1925",2026-05-06 14:41:55,15
"9A000000107AC953","DS1925",2026-05-06 14:46:55,15
"9A000000107AC953","DS1925",2026-05-06 14:51:55,15
"9A000000107AC953","DS1925",2026-05-06 14:56:55,15
"9A000000107AC953","DS1925",2026-05-06 15:01:55,15
"9A000000107AC953","DS1925",2026-05-06 15:06:55,15
"9A000000107AC953","DS1925",2026-05-06 15:11:55,15.5
"9A000000107AC953","DS1925",2026-05-06 15:16:55,15.5
"9A000000107AC953","DS1925",2026-05-06 15:21:55,16
"9A000000107AC953","DS1925",2026-05-06 15:26:55,16.5
"9A000000107AC953","DS1925",2026-05-06 15:31:55,16.5
"9A000000107AC953","DS1925",2026-05-06 15:36:55,16.5
"9A000000107AC953","DS1925",2026-05-06 15:41:55,17
"9A000000107AC953","DS1925",2026-05-06 15:46:55,17.5
"9A000000107AC953","DS1925",2026-05-06 15:51:55,17.5
"9A000000107AC953","DS1925",2026-05-06 15:56:55,17.5
"9A000000107AC953","DS1925",2026-05-06 16:01:55,17.5
"9A000000107AC953","DS1925",2026-05-06 16:06:55,17
"9A000000107AC953","DS1925",2026-05-06 16:11:55,17
"9A000000107AC953","DS1925",2026-05-06 16:16:55,17.5
"9A000000107AC953","DS1925",2026-05-06 16:21:55,17
"9A000000107AC953","DS1925",2026-05-06 16:26:55,17
"9A000000107AC953","DS1925",2026-05-06 16:31:55,16.5
"9A000000107AC953","DS1925",2026-05-06 16:36:55,16.5
"9A000000107AC953","DS1925",2026-05-06 16:41:55,16.5
"9A000000107AC953","DS1925",2026-05-06 16:46:55,16
"9A000000107AC953","DS1925",2026-05-06 16:51:55,16
"9A000000107AC953","DS1925",2026-05-06 16:56:55,16
"9A000000107AC953","DS1925",2026-05-06 17:01:55,15.5
"9A000000107AC953","DS1925",2026-05-06 17:06:55,15.5
"9A000000107AC953","DS1925",2026-05-06 17:11:55,15.5
"9A000000107AC953","DS1925",2026-05-06 17:16:55,15.5
"9A000000107AC953","DS1925",2026-05-06 17:21:55,15.5
"9A000000107AC953","DS1925",2026-05-06 17:26:55,15
"9A000000107AC953","DS1925",2026-05-06 17:31:55,15
"9A000000107AC953","DS1925",2026-05-06 17:36:55,15
"9A000000107AC953","DS1925",2026-05-06 17:41:55,14.5
"9A000000107AC953","DS1925",2026-05-06 17:46:55,14.5
"9A000000107AC953","DS1925",2026-05-06 17:51:55,14.5
"9A000000107AC953","DS1925",2026-05-06 17:56:55,14.5
"9A000000107AC953","DS1925",2026-05-06 18:01:55,14.5
"9A000000107AC953","DS1925",2026-05-06 18:06:55,14
"9A000000107AC953","DS1925",2026-05-06 18:11:55,14
"9A000000107AC953","DS1925",2026-05-06 18:16:55,14
"9A000000107AC953","DS1925",2026-05-06 18:21:55,14
"9A000000107AC953","DS1925",2026-05-06 18:26:55,13.5
"9A000000107AC953","DS1925",2026-05-06 18:31:55,13.5
"9A000000107AC953","DS1925",2026-05-06 18:36:55,13.5
"9A000000107AC953","DS1925",2026-05-06 18:41:55,13.5
"9A000000107AC953","DS1925",2026-05-06 18:46:55,13.5
"9A000000107AC953","DS1925",2026-05-06 18:51:55,13.5
"9A000000107AC953","DS1925",2026-05-06 18:56:55,13
"9A000000107AC953","DS1925",2026-05-06 19:01:55,13
"9A000000107AC953","DS1925",2026-05-06 19:06:55,13
"9A000000107AC953","DS1925",2026-05-06 19:11:55,13
"9A000000107AC953","DS1925",2026-05-06 19:16:55,13
"9A000000107AC953","DS1925",2026-05-06 19:21:55,13
"9A000000107AC953","DS1925",2026-05-06 19:26:55,12.5
"9A000000107AC953","DS1925",2026-05-06 19:31:55,12.5
"9A000000107AC953","DS1925",2026-05-06 19:36:55,12.5
"9A000000107AC953","DS1925",2026-05-06 19:41:55,12.5
"9A000000107AC953","DS1925",2026-05-06 19:46:55,12
"9A000000107AC953","DS1925",2026-05-06 19:51:55,12
"9A000000107AC953","DS1925",2026-05-06 19:56:55,12
"9A000000107AC953","DS1925",2026-05-06 20:01:55,12
"9A000000107AC953","DS1925",2026-05-06 20:06:55,11.5
"9A000000107AC953","DS1925",2026-05-06 20:11:55,11.5
"9A000000107AC953","DS1925",2026-05-06 20:16:55,11.5
"9A000000107AC953","DS1925",2026-05-06 20:21:55,11.5
"9A000000107AC953","DS1925",2026-05-06 20:26:55,11.5
"9A000000107AC953","DS1925",2026-05-06 20:31:55,11
"9A000000107AC953","DS1925",2026-05-06 20:36:55,11
"9A000000107AC953","DS1925",2026-05-06 20:41:55,11
"9A000000107AC953","DS1925",2026-05-06 20:46:55,11
"9A000000107AC953","DS1925",2026-05-06 20:51:55,11
"9A000000107AC953","DS1925",2026-05-06 20:56:55,11
"9A000000107AC953","DS1925",2026-05-06 21:01:55,11
"9A000000107AC953","DS1925",2026-05-06 21:06:55,10.5
"9A000000107AC953","DS1925",2026-05-06 21:11:55,10.5
"9A000000107AC953","DS1925",2026-05-06 21:16:55,10.5
"9A000000107AC953","DS1925",2026-05-06 21:21:55,10.5
"9A000000107AC953","DS1925",2026-05-06 21:26:55,10.5
"9A000000107AC953","DS1925",2026-05-06 21:31:55,10.5
"9A000000107AC953","DS1925",2026-05-06 21:36:55,10.5
"9A000000107AC953","DS1925",2026-05-06 21:41:55,10.5
"9A000000107AC953","DS1925",2026-05-06 21:46:55,10.5
"9A000000107AC953","DS1925",2026-05-06 21:51:55,10.5
"9A000000107AC953","DS1925",2026-05-06 21:56:55,10.5
"9A000000107AC953","DS1925",2026-05-06 22:01:55,10.5
"9A000000107AC953","DS1925",2026-05-06 22:06:55,10.5
"9A000000107AC953","DS1925",2026-05-06 22:11:55,10.5
"9A000000107AC953","DS1925",2026-05-06 22:16:55,10
"9A000000107AC953","DS1925",2026-05-06 22:21:55,10
"9A000000107AC953","DS1925",2026-05-06 22:26:55,10.5
"9A000000107AC953","DS1925",2026-05-06 22:31:55,10
"9A000000107AC953","DS1925",2026-05-06 22:36:55,10
"9A000000107AC953","DS1925",2026-05-06 22:41:55,10
"9A000000107AC953","DS1925",2026-05-06 22:46:55,10
"9A000000107AC953","DS1925",2026-05-06 22:51:55,10
"9A000000107AC953","DS1925",2026-05-06 22:56:55,10
"9A000000107AC953","DS1925",2026-05-06 23:01:55,10
"9A000000107AC953","DS1925",2026-05-06 23:06:55,10
"9A000000107AC953","DS1925",2026-05-06 23:11:55,10
"9A000000107AC953","DS1925",2026-05-06 23:16:55,10
"9A000000107AC953","DS1925",2026-05-06 23:21:55,9.5
"9A000000107AC953","DS1925",2026-05-06 23:26:55,9.5
"9A000000107AC953","DS1925",2026-05-06 23:31:55,9.5
"9A000000107AC953","DS1925",2026-05-06 23:36:55,9.5
"9A000000107AC953","DS1925",2026-05-06 23:41:55,9.5
"9A000000107AC953","DS1925",2026-05-06 23:46:55,9.5
"9A000000107AC953","DS1925",2026-05-06 23:51:55,9.5
"9A000000107AC953","DS1925",2026-05-06 23:56:55,9.5
"9A000000107AC953","DS1925",2026-05-07 00:01:55,9
"9A000000107AC953","DS1925",2026-05-07 00:06:55,9
"9A000000107AC953","DS1925",2026-05-07 00:11:55,9
"9A000000107AC953","DS1925",2026-05-07 00:16:55,9
"9A000000107AC953","DS1925",2026-05-07 00:21:55,9
"9A000000107AC953","DS1925",2026-05-07 00:26:55,9
"9A000000107AC953","DS1925",2026-05-07 00:31:55,9
"9A000000107AC953","DS1925",2026-05-07 00:36:55,9
"9A000000107AC953","DS1925",2026-05-07 00:41:55,9
"9A000000107AC953","DS1925",2026-05-07 00:46:55,9
"9A000000107AC953","DS1925",2026-05-07 00:51:55,9
"9A000000107AC953","DS1925",2026-05-07 00:56:55,9
"9A000000107AC953","DS1925",2026-05-07 01:01:55,9
"9A000000107AC953","DS1925",2026-05-07 01:06:55,9
"9A000000107AC953","DS1925",2026-05-07 01:11:55,9
"9A000000107AC953","DS1925",2026-05-07 01:16:55,8.5
"9A000000107AC953","DS1925",2026-05-07 01:21:55,8.5
"9A000000107AC953","DS1925",2026-05-07 01:26:55,8.5
"9A000000107AC953","DS1925",2026-05-07 01:31:55,8.5
"9A000000107AC953","DS1925",2026-05-07 01:36:55,8.5
"9A000000107AC953","DS1925",2026-05-07 01:41:55,8.5
"9A000000107AC953","DS1925",2026-05-07 01:46:55,8.5
"9A000000107AC953","DS1925",2026-05-07 01:51:55,8
"9A000000107AC953","DS1925",2026-05-07 01:56:55,8
"9A000000107AC953","DS1925",2026-05-07 02:01:55,8
"9A000000107AC953","DS1925",2026-05-07 02:06:55,8
"9A000000107AC953","DS1925",2026-05-07 02:11:55,8
"9A000000107AC953","DS1925",2026-05-07 02:16:55,8
"9A000000107AC953","DS1925",2026-05-07 02:21:55,7.5
"9A000000107AC953","DS1925",2026-05-07 02:26:55,7.5
"9A000000107AC953","DS1925",2026-05-07 02:31:55,7.5
"9A000000107AC953","DS1925",2026-05-07 02:36:55,7.5
"9A000000107AC953","DS1925",2026-05-07 02:41:55,7.5
"9A000000107AC953","DS1925",2026-05-07 02:46:55,7.5
"9A000000107AC953","DS1925",2026-05-07 02:51:55,7.5
"9A000000107AC953","DS1925",2026-05-07 02:56:55,7
"9A000000107AC953","DS1925",2026-05-07 03:01:55,7
"9A000000107AC953","DS1925",2026-05-07 03:06:55,7
"9A000000107AC953","DS1925",2026-05-07 03:11:55,7
"9A000000107AC953","DS1925",2026-05-07 03:16:55,7
"9A000000107AC953","DS1925",2026-05-07 03:21:55,7
"9A000000107AC953","DS1925",2026-05-07 03:26:55,7
"9A000000107AC953","DS1925",2026-05-07 03:31:55,7
"9A000000107AC953","DS1925",2026-05-07 03:36:55,6.5
"9A000000107AC953","DS1925",2026-05-07 03:41:55,6.5
"9A000000107AC953","DS1925",2026-05-07 03:46:55,6.5
"9A000000107AC953","DS1925",2026-05-07 03:51:55,6.5
"9A000000107AC953","DS1925",2026-05-07 03:56:55,6.5
"9A000000107AC953","DS1925",2026-05-07 04:01:55,6.5
"9A000000107AC953","DS1925",2026-05-07 04:06:55,6.5
"9A000000107AC953","DS1925",2026-05-07 04:11:55,6.5
"9A000000107AC953","DS1925",2026-05-07 04:16:55,6.5
"9A000000107AC953","DS1925",2026-05-07 04:21:55,6.5
"9A000000107AC953","DS1925",2026-05-07 04:26:55,6
"9A000000107AC953","DS1925",2026-05-07 04:31:55,6
"9A000000107AC953","DS1925",2026-05-07 04:36:55,6
"9A000000107AC953","DS1925",2026-05-07 04:41:55,6
"9A000000107AC953","DS1925",2026-05-07 04:46:55,6
"9A000000107AC953","DS1925",2026-05-07 04:51:55,6
"9A000000107AC953","DS1925",2026-05-07 04:56:55,6
"9A000000107AC953","DS1925",2026-05-07 05:01:55,6
"9A000000107AC953","DS1925",2026-05-07 05:06:55,5.5
"9A000000107AC953","DS1925",2026-05-07 05:11:55,5.5
"9A000000107AC953","DS1925",2026-05-07 05:16:55,5.5
"9A000000107AC953","DS1925",2026-05-07 05:21:55,5.5
"9A000000107AC953","DS1925",2026-05-07 05:26:55,5.5
"9A000000107AC953","DS1925",2026-05-07 05:31:55,5.5
"9A000000107AC953","DS1925",2026-05-07 05:36:55,5.5
"9A000000107AC953","DS1925",2026-05-07 05:41:55,5
"9A000000107AC953","DS1925",2026-05-07 05:46:55,5
"9A000000107AC953","DS1925",2026-05-07 05:51:55,5
"9A000000107AC953","DS1925",2026-05-07 05:56:55,5
"9A000000107AC953","DS1925",2026-05-07 06:01:55,5
"9A000000107AC953","DS1925",2026-05-07 06:06:55,5
"9A000000107AC953","DS1925",2026-05-07 06:11:55,5
"9A000000107AC953","DS1925",2026-05-07 06:16:55,5
"9A000000107AC953","DS1925",2026-05-07 06:21:55,5
"9A000000107AC953","DS1925",2026-05-07 06:26:55,5
"9A000000107AC953","DS1925",2026-05-07 06:31:55,5
"9A000000107AC953","DS1925",2026-05-07 06:36:55,5
"9A000000107AC953","DS1925",2026-05-07 06:41:55,5
"9A000000107AC953","DS1925",2026-05-07 06:46:55,5
"9A000000107AC953","DS1925",2026-05-07 06:51:55,5
"9A000000107AC953","DS1925",2026-05-07 06:56:55,5
"9A000000107AC953","DS1925",2026-05-07 07:01:55,5
"9A000000107AC953","DS1925",2026-05-07 07:06:55,5
"9A000000107AC953","DS1925",2026-05-07 07:11:55,5.5
"9A000000107AC953","DS1925",2026-05-07 07:16:55,5.5
"9A000000107AC953","DS1925",2026-05-07 07:21:55,5.5
"9A000000107AC953","DS1925",2026-05-07 07:26:55,5.5
"9A000000107AC953","DS1925",2026-05-07 07:31:55,5.5
"9A000000107AC953","DS1925",2026-05-07 07:36:55,5.5
"9A000000107AC953","DS1925",2026-05-07 07:41:55,5.5
"9A000000107AC953","DS1925",2026-05-07 07:46:55,5.5
"9A000000107AC953","DS1925",2026-05-07 07:51:55,5.5
"9A000000107AC953","DS1925",2026-05-07 07:56:55,5.5
"9A000000107AC953","DS1925",2026-05-07 08:01:55,5.5
"9A000000107AC953","DS1925",2026-05-07 08:06:55,6
"9A000000107AC953","DS1925",2026-05-07 08:11:55,6
"9A000000107AC953","DS1925",2026-05-07 08:16:55,6
"9A000000107AC953","DS1925",2026-05-07 08:21:55,6
"9A000000107AC953","DS1925",2026-05-07 08:26:55,6
"9A000000107AC953","DS1925",2026-05-07 08:31:55,6.5
"9A000000107AC953","DS1925",2026-05-07 08:36:55,6.5
"9A000000107AC953","DS1925",2026-05-07 08:41:55,6.5
"9A000000107AC953","DS1925",2026-05-07 08:46:55,6.5
"9A000000107AC953","DS1925",2026-05-07 08:51:55,7
"9A000000107AC953","DS1925",2026-05-07 08:56:55,7
"9A000000107AC953","DS1925",2026-05-07 09:01:55,7
"9A000000107AC953","DS1925",2026-05-07 09:06:55,7.5
"9A000000107AC953","DS1925",2026-05-07 09:11:55,7.5
"9A000000107AC953","DS1925",2026-05-07 09:16:55,7.5
"9A000000107AC953","DS1925",2026-05-07 09:21:55,8
"9A000000107AC953","DS1925",2026-05-07 09:26:55,8
"9A000000107AC953","DS1925",2026-05-07 09:31:55,8.5
"9A000000107AC953","DS1925",2026-05-07 09:36:55,8.5
"9A000000107AC953","DS1925",2026-05-07 09:41:55,8.5
"9A000000107AC953","DS1925",2026-05-07 09:46:55,9
"9A000000107AC953","DS1925",2026-05-07 09:51:55,9
"9A000000107AC953","DS1925",2026-05-07 09:56:55,9.5
"9A000000107AC953","DS1925",2026-05-07 10:01:55,10
"9A000000107AC953","DS1925",2026-05-07 10:06:55,10
"9A000000107AC953","DS1925",2026-05-07 10:11:55,10.5
"9A000000107AC953","DS1925",2026-05-07 10:16:55,11
"9A000000107AC953","DS1925",2026-05-07 10:21:55,11.5
"9A000000107AC953","DS1925",2026-05-07 10:26:55,11.5
"9A000000107AC953","DS1925",2026-05-07 10:31:55,12
"9A000000107AC953","DS1925",2026-05-07 10:36:55,12.5
"9A000000107AC953","DS1925",2026-05-07 10:41:55,12.5
"9A000000107AC953","DS1925",2026-05-07 10:46:55,12.5
"9A000000107AC953","DS1925",2026-05-07 10:51:55,13
"9A000000107AC953","DS1925",2026-05-07 10:56:55,12.5
"9A000000107AC953","DS1925",2026-05-07 11:01:55,13
"9A000000107AC953","DS1925",2026-05-07 11:06:55,13
"9A000000107AC953","DS1925",2026-05-07 11:11:55,13
"9A000000107AC953","DS1925",2026-05-07 11:16:55,13.5
"9A000000107AC953","DS1925",2026-05-07 11:21:55,13.5
"9A000000107AC953","DS1925",2026-05-07 11:26:55,13.5
"9A000000107AC953","DS1925",2026-05-07 11:31:55,13.5
"9A000000107AC953","DS1925",2026-05-07 11:36:55,14
"9A000000107AC953","DS1925",2026-05-07 11:41:55,14
"9A000000107AC953","DS1925",2026-05-07 11:46:55,14.5
"9A000000107AC953","DS1925",2026-05-07 11:51:55,14.5
"9A000000107AC953","DS1925",2026-05-07 11:56:55,15
"9A000000107AC953","DS1925",2026-05-07 12:01:55,15.5
"9A000000107AC953","DS1925",2026-05-07 12:06:55,16
"9A000000107AC953","DS1925",2026-05-07 12:11:55,16.5
"9A000000107AC953","DS1925",2026-05-07 12:16:55,16.5
"9A000000107AC953","DS1925",2026-05-07 12:21:55,16.5
"9A000000107AC953","DS1925",2026-05-07 12:26:55,16.5
"9A000000107AC953","DS1925",2026-05-07 12:31:55,16.5
"9A000000107AC953","DS1925",2026-05-07 12:36:55,16.5
"9A000000107AC953","DS1925",2026-05-07 12:41:55,16.5
"9A000000107AC953","DS1925",2026-05-07 12:46:55,16.5
"9A000000107AC953","DS1925",2026-05-07 12:51:55,16.5
"9A000000107AC953","DS1925",2026-05-07 12:56:55,16.5
"9A000000107AC953","DS1925",2026-05-07 13:01:55,16.5
"9A000000107AC953","DS1925",2026-05-07 13:06:55,17
"9A000000107AC953","DS1925",2026-05-07 13:11:55,17
"9A000000107AC953","DS1925",2026-05-07 13:16:55,17.5
"9A000000107AC953","DS1925",2026-05-07 13:21:55,18
"9A000000107AC953","DS1925",2026-05-07 13:26:55,18
"9A000000107AC953","DS1925",2026-05-07 13:31:55,18
"9A000000107AC953","DS1925",2026-05-07 13:36:55,18.5
"9A000000107AC953","DS1925",2026-05-07 13:41:55,18.5
"9A000000107AC953","DS1925",2026-05-07 13:46:55,18.5
"9A000000107AC953","DS1925",2026-05-07 13:51:55,19
"9A000000107AC953","DS1925",2026-05-07 13:56:55,19
"9A000000107AC953","DS1925",2026-05-07 14:01:55,19
"9A000000107AC953","DS1925",2026-05-07 14:06:55,19
"9A000000107AC953","DS1925",2026-05-07 14:11:55,18.5
"9A000000107AC953","DS1925",2026-05-07 14:16:55,18.5
"9A000000107AC953","DS1925",2026-05-07 14:21:55,18.5
"9A000000107AC953","DS1925",2026-05-07 14:26:55,18.5
"9A000000107AC953","DS1925",2026-05-07 14:31:55,18.5
"9A000000107AC953","DS1925",2026-05-07 14:36:55,18.5
"9A000000107AC953","DS1925",2026-05-07 14:41:55,18.5
"9A000000107AC953","DS1925",2026-05-07 14:46:55,18.5
"9A000000107AC953","DS1925",2026-05-07 14:51:55,18.5
"9A000000107AC953","DS1925",2026-05-07 14:56:55,18.5
"9A000000107AC953","DS1925",2026-05-07 15:01:55,18.5
"9A000000107AC953","DS1925",2026-05-07 15:06:55,18.5
"9A000000107AC953","DS1925",2026-05-07 15:11:55,19
"9A000000107AC953","DS1925",2026-05-07 15:16:55,19
"9A000000107AC953","DS1925",2026-05-07 15:21:55,19.5
"9A000000107AC953","DS1925",2026-05-07 15:26:55,20
"9A000000107AC953","DS1925",2026-05-07 15:31:55,20
"9A000000107AC953","DS1925",2026-05-07 15:36:55,20
"9A000000107AC953","DS1925",2026-05-07 15:41:55,20
"9A000000107AC953","DS1925",2026-05-07 15:46:55,20
"9A000000107AC953","DS1925",2026-05-07 15:51:55,20
"9A000000107AC953","DS1925",2026-05-07 15:56:55,20
"9A000000107AC953","DS1925",2026-05-07 16:01:55,20
"9A000000107AC953","DS1925",2026-05-07 16:06:55,20.5
"9A000000107AC953","DS1925",2026-05-07 16:11:55,20.5
"9A000000107AC953","DS1925",2026-05-07 16:16:55,20.5
"9A000000107AC953","DS1925",2026-05-07 16:21:55,20.5
"9A000000107AC953","DS1925",2026-05-07 16:26:55,20.5
"9A000000107AC953","DS1925",2026-05-07 16:31:55,20.5
"9A000000107AC953","DS1925",2026-05-07 16:36:55,20.5
"9A000000107AC953","DS1925",2026-05-07 16:41:55,21
"9A000000107AC953","DS1925",2026-05-07 16:46:55,21
"9A000000107AC953","DS1925",2026-05-07 16:51:55,20.5
"9A000000107AC953","DS1925",2026-05-07 16:56:55,20.5
"9A000000107AC953","DS1925",2026-05-07 17:01:55,20
"9A000000107AC953","DS1925",2026-05-07 17:06:55,20
"9A000000107AC953","DS1925",2026-05-07 17:11:55,19.5
"9A000000107AC953","DS1925",2026-05-07 17:16:55,19.5
"9A000000107AC953","DS1925",2026-05-07 17:21:55,19
"9A000000107AC953","DS1925",2026-05-07 17:26:55,19
"9A000000107AC953","DS1925",2026-05-07 17:31:55,19
"9A000000107AC953","DS1925",2026-05-07 17:36:55,18.5
"9A000000107AC953","DS1925",2026-05-07 17:41:55,18
"9A000000107AC953","DS1925",2026-05-07 17:46:55,18
"9A000000107AC953","DS1925",2026-05-07 17:51:55,17.5
"9A000000107AC953","DS1925",2026-05-07 17:56:55,17.5
"9A000000107AC953","DS1925",2026-05-07 18:01:55,17
"9A000000107AC953","DS1925",2026-05-07 18:06:55,16.5
"9A000000107AC953","DS1925",2026-05-07 18:11:55,16.5
"9A000000107AC953","DS1925",2026-05-07 18:16:55,16
"9A000000107AC953","DS1925",2026-05-07 18:21:55,16
"9A000000107AC953","DS1925",2026-05-07 18:26:55,15.5
"9A000000107AC953","DS1925",2026-05-07 18:31:55,15.5
"9A000000107AC953","DS1925",2026-05-07 18:36:55,15
"9A000000107AC953","DS1925",2026-05-07 18:41:55,15
"9A000000107AC953","DS1925",2026-05-07 18:46:55,15
"9A000000107AC953","DS1925",2026-05-07 18:51:55,14.5
"9A000000107AC953","DS1925",2026-05-07 18:56:55,14.5
"9A000000107AC953","DS1925",2026-05-07 19:01:55,14.5
"9A000000107AC953","DS1925",2026-05-07 19:06:55,14
"9A000000107AC953","DS1925",2026-05-07 19:11:55,14
"9A000000107AC953","DS1925",2026-05-07 19:16:55,14
"9A000000107AC953","DS1925",2026-05-07 19:21:55,14
"9A000000107AC953","DS1925",2026-05-07 19:26:55,13.5
"9A000000107AC953","DS1925",2026-05-07 19:31:55,13.5
"9A000000107AC953","DS1925",2026-05-07 19:36:55,13.5
"9A000000107AC953","DS1925",2026-05-07 19:41:55,13.5
"9A000000107AC953","DS1925",2026-05-07 19:46:55,13
"9A000000107AC953","DS1925",2026-05-07 19:51:55,13
"9A000000107AC953","DS1925",2026-05-07 19:56:55,13
"9A000000107AC953","DS1925",2026-05-07 20:01:55,13
"9A000000107AC953","DS1925",2026-05-07 20:06:55,12.5
"9A000000107AC953","DS1925",2026-05-07 20:11:55,12.5
"9A000000107AC953","DS1925",2026-05-07 20:16:55,12.5
"9A000000107AC953","DS1925",2026-05-07 20:21:55,12.5
"9A000000107AC953","DS1925",2026-05-07 20:26:55,12
"9A000000107AC953","DS1925",2026-05-07 20:31:55,12
"9A000000107AC953","DS1925",2026-05-07 20:36:55,12
"9A000000107AC953","DS1925",2026-05-07 20:41:55,11.5
"9A000000107AC953","DS1925",2026-05-07 20:46:55,11.5
"9A000000107AC953","DS1925",2026-05-07 20:51:55,11.5
"9A000000107AC953","DS1925",2026-05-07 20:56:55,11.5
"9A000000107AC953","DS1925",2026-05-07 21:01:55,11
"9A000000107AC953","DS1925",2026-05-07 21:06:55,11
"9A000000107AC953","DS1925",2026-05-07 21:11:55,11
"9A000000107AC953","DS1925",2026-05-07 21:16:55,11
"9A000000107AC953","DS1925",2026-05-07 21:21:55,11
"9A000000107AC953","DS1925",2026-05-07 21:26:55,10.5
"9A000000107AC953","DS1925",2026-05-07 21:31:55,10.5
"9A000000107AC953","DS1925",2026-05-07 21:36:55,10.5
"9A000000107AC953","DS1925",2026-05-07 21:41:55,10.5
"9A000000107AC953","DS1925",2026-05-07 21:46:55,10
"9A000000107AC953","DS1925",2026-05-07 21:51:55,10
"9A000000107AC953","DS1925",2026-05-07 21:56:55,10
"9A000000107AC953","DS1925",2026-05-07 22:01:55,10
"9A000000107AC953","DS1925",2026-05-07 22:06:55,9.5
"9A000000107AC953","DS1925",2026-05-07 22:11:55,9.5
"9A000000107AC953","DS1925",2026-05-07 22:16:55,9.5
"9A000000107AC953","DS1925",2026-05-07 22:21:55,9.5
"9A000000107AC953","DS1925",2026-05-07 22:26:55,9
"9A000000107AC953","DS1925",2026-05-07 22:31:55,9
"9A000000107AC953","DS1925",2026-05-07 22:36:55,9
"9A000000107AC953","DS1925",2026-05-07 22:41:55,9
"9A000000107AC953","DS1925",2026-05-07 22:46:55,9
"9A000000107AC953","DS1925",2026-05-07 22:51:55,9
"9A000000107AC953","DS1925",2026-05-07 22:56:55,8.5
"9A000000107AC953","DS1925",2026-05-07 23:01:55,8.5
"9A000000107AC953","DS1925",2026-05-07 23:06:55,8.5
"9A000000107AC953","DS1925",2026-05-07 23:11:55,8.5
"9A000000107AC953","DS1925",2026-05-07 23:16:55,8.5
"9A000000107AC953","DS1925",2026-05-07 23:21:55,8
"9A000000107AC953","DS1925",2026-05-07 23:26:55,8
"9A000000107AC953","DS1925",2026-05-07 23:31:55,8
"9A000000107AC953","DS1925",2026-05-07 23:36:55,8
"9A000000107AC953","DS1925",2026-05-07 23:41:55,8
"9A000000107AC953","DS1925",2026-05-07 23:46:55,8
"9A000000107AC953","DS1925",2026-05-07 23:51:55,8
"9A000000107AC953","DS1925",2026-05-07 23:56:55,7.5
"9A000000107AC953","DS1925",2026-05-08 00:01:55,7.5
"9A000000107AC953","DS1925",2026-05-08 00:06:55,7.5
"9A000000107AC953","DS1925",2026-05-08 00:11:55,7.5
"9A000000107AC953","DS1925",2026-05-08 00:16:55,7.5
"9A000000107AC953","DS1925",2026-05-08 00:21:55,7.5
"9A000000107AC953","DS1925",2026-05-08 00:26:55,7.5
"9A000000107AC953","DS1925",2026-05-08 00:31:55,7.5
"9A000000107AC953","DS1925",2026-05-08 00:36:55,7.5
"9A000000107AC953","DS1925",2026-05-08 00:41:55,7.5
"9A000000107AC953","DS1925",2026-05-08 00:46:55,7.5
"9A000000107AC953","DS1925",2026-05-08 00:51:55,7.5
"9A000000107AC953","DS1925",2026-05-08 00:56:55,7.5
"9A000000107AC953","DS1925",2026-05-08 01:01:55,7.5
"9A000000107AC953","DS1925",2026-05-08 01:06:55,7.5
"9A000000107AC953","DS1925",2026-05-08 01:11:55,7.5
"9A000000107AC953","DS1925",2026-05-08 01:16:55,7.5
"9A000000107AC953","DS1925",2026-05-08 01:21:55,7
"9A000000107AC953","DS1925",2026-05-08 01:26:55,7.5
"9A000000107AC953","DS1925",2026-05-08 01:31:55,7
"9A000000107AC953","DS1925",2026-05-08 01:36:55,7
"9A000000107AC953","DS1925",2026-05-08 01:41:55,7
"9A000000107AC953","DS1925",2026-05-08 01:46:55,7
"9A000000107AC953","DS1925",2026-05-08 01:51:55,7
"9A000000107AC953","DS1925",2026-05-08 01:56:55,7
"9A000000107AC953","DS1925",2026-05-08 02:01:55,7
"9A000000107AC953","DS1925",2026-05-08 02:06:55,7
"9A000000107AC953","DS1925",2026-05-08 02:11:55,7
"9A000000107AC953","DS1925",2026-05-08 02:16:55,7
"9A000000107AC953","DS1925",2026-05-08 02:21:55,7
"9A000000107AC953","DS1925",2026-05-08 02:26:55,7
"9A000000107AC953","DS1925",2026-05-08 02:31:55,7
"9A000000107AC953","DS1925",2026-05-08 02:36:55,7
"9A000000107AC953","DS1925",2026-05-08 02:41:55,7
"9A000000107AC953","DS1925",2026-05-08 02:46:55,7
"9A000000107AC953","DS1925",2026-05-08 02:51:55,7
"9A000000107AC953","DS1925",2026-05-08 02:56:55,7
"9A000000107AC953","DS1925",2026-05-08 03:01:55,7
"9A000000107AC953","DS1925",2026-05-08 03:06:55,7
"9A000000107AC953","DS1925",2026-05-08 03:11:55,7
"9A000000107AC953","DS1925",2026-05-08 03:16:55,7
"9A000000107AC953","DS1925",2026-05-08 03:21:55,6.5
"9A000000107AC953","DS1925",2026-05-08 03:26:55,6.5
"9A000000107AC953","DS1925",2026-05-08 03:31:55,6.5
"9A000000107AC953","DS1925",2026-05-08 03:36:55,6.5
"9A000000107AC953","DS1925",2026-05-08 03:41:55,6.5
"9A000000107AC953","DS1925",2026-05-08 03:46:55,6.5
"9A000000107AC953","DS1925",2026-05-08 03:51:55,6.5
"9A000000107AC953","DS1925",2026-05-08 03:56:55,6.5
"9A000000107AC953","DS1925",2026-05-08 04:01:55,6.5
"9A000000107AC953","DS1925",2026-05-08 04:06:55,6.5
"9A000000107AC953","DS1925",2026-05-08 04:11:55,6.5
"9A000000107AC953","DS1925",2026-05-08 04:16:55,6.5
"9A000000107AC953","DS1925",2026-05-08 04:21:55,6.5
"9A000000107AC953","DS1925",2026-05-08 04:26:55,6.5
"9A000000107AC953","DS1925",2026-05-08 04:31:55,6.5
"9A000000107AC953","DS1925",2026-05-08 04:36:55,6.5
"9A000000107AC953","DS1925",2026-05-08 04:41:55,6.5
"9A000000107AC953","DS1925",2026-05-08 04:46:55,6.5
"9A000000107AC953","DS1925",2026-05-08 04:51:55,6.5
"9A000000107AC953","DS1925",2026-05-08 04:56:55,6.5
"9A000000107AC953","DS1925",2026-05-08 05:01:55,6.5
"9A000000107AC953","DS1925",2026-05-08 05:06:55,6.5
"9A000000107AC953","DS1925",2026-05-08 05:11:55,6
"9A000000107AC953","DS1925",2026-05-08 05:16:55,6
"9A000000107AC953","DS1925",2026-05-08 05:21:55,6
"9A000000107AC953","DS1925",2026-05-08 05:26:55,6
"9A000000107AC953","DS1925",2026-05-08 05:31:55,6
"9A000000107AC953","DS1925",2026-05-08 05:36:55,6
"9A000000107AC953","DS1925",2026-05-08 05:41:55,6
"9A000000107AC953","DS1925",2026-05-08 05:46:55,6
"9A000000107AC953","DS1925",2026-05-08 05:51:55,6
"9A000000107AC953","DS1925",2026-05-08 05:56:55,6
"9A000000107AC953","DS1925",2026-05-08 06:01:55,6
"9A000000107AC953","DS1925",2026-05-08 06:06:55,6
"9A000000107AC953","DS1925",2026-05-08 06:11:55,6
"9A000000107AC953","DS1925",2026-05-08 06:16:55,6
"9A000000107AC953","DS1925",2026-05-08 06:21:55,6
"9A000000107AC953","DS1925",2026-05-08 06:26:55,6
"9A000000107AC953","DS1925",2026-05-08 06:31:55,6
"9A000000107AC953","DS1925",2026-05-08 06:36:55,6
"9A000000107AC953","DS1925",2026-05-08 06:41:55,6
"9A000000107AC953","DS1925",2026-05-08 06:46:55,6
"9A000000107AC953","DS1925",2026-05-08 06:51:55,6
"9A000000107AC953","DS1925",2026-05-08 06:56:55,6
"9A000000107AC953","DS1925",2026-05-08 07:01:55,6
"9A000000107AC953","DS1925",2026-05-08 07:06:55,6
"9A000000107AC953","DS1925",2026-05-08 07:11:55,6
"9A000000107AC953","DS1925",2026-05-08 07:16:55,6
"9A000000107AC953","DS1925",2026-05-08 07:21:55,6.5
"9A000000107AC953","DS1925",2026-05-08 07:26:55,6.5
"9A000000107AC953","DS1925",2026-05-08 07:31:55,6.5
"9A000000107AC953","DS1925",2026-05-08 07:36:55,6.5
"9A000000107AC953","DS1925",2026-05-08 07:41:55,6.5
"9A000000107AC953","DS1925",2026-05-08 07:46:55,6.5
"9A000000107AC953","DS1925",2026-05-08 07:51:55,6.5
"9A000000107AC953","DS1925",2026-05-08 07:56:55,7
"9A000000107AC953","DS1925",2026-05-08 08:01:55,7
"9A000000107AC953","DS1925",2026-05-08 08:06:55,7
"9A000000107AC953","DS1925",2026-05-08 08:11:55,7
"9A000000107AC953","DS1925",2026-05-08 08:16:55,7
"9A000000107AC953","DS1925",2026-05-08 08:21:55,7
"9A000000107AC953","DS1925",2026-05-08 08:26:55,7.5
"9A000000107AC953","DS1925",2026-05-08 08:31:55,7.5
"9A000000107AC953","DS1925",2026-05-08 08:36:55,7.5
"9A000000107AC953","DS1925",2026-05-08 08:41:55,7.5
"9A000000107AC953","DS1925",2026-05-08 08:46:55,7.5
"9A000000107AC953","DS1925",2026-05-08 08:51:55,8
"9A000000107AC953","DS1925",2026-05-08 08:56:55,8
"9A000000107AC953","DS1925",2026-05-08 09:01:55,8
"9A000000107AC953","DS1925",2026-05-08 09:06:55,8.5
"9A000000107AC953","DS1925",2026-05-08 09:11:55,8.5
"9A000000107AC953","DS1925",2026-05-08 09:16:55,8.5
"9A000000107AC953","DS1925",2026-05-08 09:21:55,9
"9A000000107AC953","DS1925",2026-05-08 09:26:55,9
"9A000000107AC953","DS1925",2026-05-08 09:31:55,9.5
"9A000000107AC953","DS1925",2026-05-08 09:36:55,9.5
"9A000000107AC953","DS1925",2026-05-08 09:41:55,10
"9A000000107AC953","DS1925",2026-05-08 09:46:55,10
"9A000000107AC953","DS1925",2026-05-08 09:51:55,10.5
"9A000000107AC953","DS1925",2026-05-08 09:56:55,10.5
"9A000000107AC953","DS1925",2026-05-08 10:01:55,11
"9A000000107AC953","DS1925",2026-05-08 10:06:55,11
"9A000000107AC953","DS1925",2026-05-08 10:11:55,11.5
"9A000000107AC953","DS1925",2026-05-08 10:16:55,12
"9A000000107AC953","DS1925",2026-05-08 10:21:55,12
"9A000000107AC953","DS1925",2026-05-08 10:26:55,12.5
"9A000000107AC953","DS1925",2026-05-08 10:31:55,13
"9A000000107AC953","DS1925",2026-05-08 10:36:55,13.5
"9A000000107AC953","DS1925",2026-05-08 10:41:55,14
"9A000000107AC953","DS1925",2026-05-08 10:46:55,14.5
"9A000000107AC953","DS1925",2026-05-08 10:51:55,15
"9A000000107AC953","DS1925",2026-05-08 10:56:55,15.5
"9A000000107AC953","DS1925",2026-05-08 11:01:55,16
"9A000000107AC953","DS1925",2026-05-08 11:06:55,16.5
"9A000000107AC953","DS1925",2026-05-08 11:11:55,17
"9A000000107AC953","DS1925",2026-05-08 11:16:55,17
"9A000000107AC953","DS1925",2026-05-08 11:21:55,17.5
"9A000000107AC953","DS1925",2026-05-08 11:26:55,18
"9A000000107AC953","DS1925",2026-05-08 11:31:55,18
"9A000000107AC953","DS1925",2026-05-08 11:36:55,18.5
"9A000000107AC953","DS1925",2026-05-08 11:41:55,18.5
"9A000000107AC953","DS1925",2026-05-08 11:46:55,19
"9A000000107AC953","DS1925",2026-05-08 11:51:55,19
"9A000000107AC953","DS1925",2026-05-08 11:56:55,19
"9A000000107AC953","DS1925",2026-05-08 12:01:55,19
"9A000000107AC953","DS1925",2026-05-08 12:06:55,19.5
"9A000000107AC953","DS1925",2026-05-08 12:11:55,19.5
"9A000000107AC953","DS1925",2026-05-08 12:16:55,19.5
"9A000000107AC953","DS1925",2026-05-08 12:21:55,19.5
"9A000000107AC953","DS1925",2026-05-08 12:26:55,19.5
"9A000000107AC953","DS1925",2026-05-08 12:31:55,19.5
"9A000000107AC953","DS1925",2026-05-08 12:36:55,19.5
"9A000000107AC953","DS1925",2026-05-08 12:41:55,19.5
"9A000000107AC953","DS1925",2026-05-08 12:46:55,19.5
"9A000000107AC953","DS1925",2026-05-08 12:51:55,19
"9A000000107AC953","DS1925",2026-05-08 12:56:55,19
"9A000000107AC953","DS1925",2026-05-08 13:01:55,18.5
"9A000000107AC953","DS1925",2026-05-08 13:06:55,18.5
"9A000000107AC953","DS1925",2026-05-08 13:11:55,18.5
"9A000000107AC953","DS1925",2026-05-08 13:16:55,18.5
"9A000000107AC953","DS1925",2026-05-08 13:21:55,18.5
"9A000000107AC953","DS1925",2026-05-08 13:26:55,18
"9A000000107AC953","DS1925",2026-05-08 13:31:55,18
"9A000000107AC953","DS1925",2026-05-08 13:36:55,18
"9A000000107AC953","DS1925",2026-05-08 13:41:55,17.5
"9A000000107AC953","DS1925",2026-05-08 13:46:55,17.5
"9A000000107AC953","DS1925",2026-05-08 13:51:55,17.5
"9A000000107AC953","DS1925",2026-05-08 13:56:55,17.5
"9A000000107AC953","DS1925",2026-05-08 14:01:55,17.5
"9A000000107AC953","DS1925",2026-05-08 14:06:55,17.5
"9A000000107AC953","DS1925",2026-05-08 14:11:55,17.5
"9A000000107AC953","DS1925",2026-05-08 14:16:55,17
"9A000000107AC953","DS1925",2026-05-08 14:21:55,17
"9A000000107AC953","DS1925",2026-05-08 14:26:55,17
"9A000000107AC953","DS1925",2026-05-08 14:31:55,17
"9A000000107AC953","DS1925",2026-05-08 14:36:55,16.5
"9A000000107AC953","DS1925",2026-05-08 14:41:55,16.5
"9A000000107AC953","DS1925",2026-05-08 14:46:55,16.5
"9A000000107AC953","DS1925",2026-05-08 14:51:55,17
"9A000000107AC953","DS1925",2026-05-08 14:56:55,17
"9A000000107AC953","DS1925",2026-05-08 15:01:55,17.5
"9A000000107AC953","DS1925",2026-05-08 15:06:55,17.5
"9A000000107AC953","DS1925",2026-05-08 15:11:55,18
"9A000000107AC953","DS1925",2026-05-08 15:16:55,18
"9A000000107AC953","DS1925",2026-05-08 15:21:55,18
"9A000000107AC953","DS1925",2026-05-08 15:26:55,18
"9A000000107AC953","DS1925",2026-05-08 15:31:55,18.5
"9A000000107AC953","DS1925",2026-05-08 15:36:55,18.5
"9A000000107AC953","DS1925",2026-05-08 15:41:55,18.5
"9A000000107AC953","DS1925",2026-05-08 15:46:55,19
"9A000000107AC953","DS1925",2026-05-08 15:51:55,19
"9A000000107AC953","DS1925",2026-05-08 15:56:55,19.5
"9A000000107AC953","DS1925",2026-05-08 16:01:55,23.5
"9A000000107AC953","DS1925",2026-05-08 16:06:55,22.5
"9A000000107AC953","DS1925",2026-05-08 16:11:55,22.5
"9A000000107AC953","DS1925",2026-05-08 16:16:55,23
"9A000000107AC953","DS1925",2026-05-08 16:21:55,23
"9A000000107AC953","DS1925",2026-05-08 16:26:55,23
"9A000000107AC953","DS1925",2026-05-08 16:31:55,23
"9A000000107AC953","DS1925",2026-05-08 16:36:55,23.5
"9A000000107AC953","DS1925",2026-05-08 16:41:55,23.5
"9A000000107AC953","DS1925",2026-05-08 16:46:55,23
"9A000000107AC953","DS1925",2026-05-08 16:51:55,23
"9A000000107AC953","DS1925",2026-05-08 16:56:55,23
"9A000000107AC953","DS1925",2026-05-08 17:01:55,23
"9A000000107AC953","DS1925",2026-05-08 17:06:55,23
"9A000000107AC953","DS1925",2026-05-08 17:11:55,23
"9A000000107AC953","DS1925",2026-05-08 17:16:55,23
"9A000000107AC953","DS1925",2026-05-08 17:21:55,23
"9A000000107AC953","DS1925",2026-05-08 17:26:55,23.5
"9A000000107AC953","DS1925",2026-05-08 17:31:55,23
"9A000000107AC953","DS1925",2026-05-08 17:36:55,23
"9A000000107AC953","DS1925",2026-05-08 17:41:55,22.5
"9A000000107AC953","DS1925",2026-05-08 17:46:55,22.5
"9A000000107AC953","DS1925",2026-05-08 17:51:55,22
"9A000000107AC953","DS1925",2026-05-08 17:56:55,22
"9A000000107AC953","DS1925",2026-05-08 18:01:55,22.5
"9A000000107AC953","DS1925",2026-05-08 18:06:55,22.5
"9A000000107AC953","DS1925",2026-05-08 18:11:55,22.5
"9A000000107AC953","DS1925",2026-05-08 18:16:55,23
"9A000000107AC953","DS1925",2026-05-08 18:21:55,23.5
"9A000000107AC953","DS1925",2026-05-08 18:26:55,23
"9A000000107AC953","DS1925",2026-05-08 18:31:55,22.5
"9A000000107AC953","DS1925",2026-05-08 18:36:55,22
"9A000000107AC953","DS1925",2026-05-08 18:41:55,21.5
"9A000000107AC953","DS1925",2026-05-08 18:46:55,21.5
"9A000000107AC953","DS1925",2026-05-08 18:51:55,21.5
"9A000000107AC953","DS1925",2026-05-08 18:56:55,21
"9A000000107AC953","DS1925",2026-05-08 19:01:55,21
"9A000000107AC953","DS1925",2026-05-08 19:06:55,21
"9A000000107AC953","DS1925",2026-05-08 19:11:55,21
"9A000000107AC953","DS1925",2026-05-08 19:16:55,20.5
"9A000000107AC953","DS1925",2026-05-08 19:21:55,20.5
"9A000000107AC953","DS1925",2026-05-08 19:26:55,20.5
"9A000000107AC953","DS1925",2026-05-08 19:31:55,20.5
"9A000000107AC953","DS1925",2026-05-08 19:36:55,20.5
"9A000000107AC953","DS1925",2026-05-08 19:41:55,20.5
"9A000000107AC953","DS1925",2026-05-08 19:46:55,20.5
"9A000000107AC953","DS1925",2026-05-08 19:51:55,20.5
"9A000000107AC953","DS1925",2026-05-08 19:56:55,20.5
"9A000000107AC953","DS1925",2026-05-08 20:01:55,20.5
"9A000000107AC953","DS1925",2026-05-08 20:06:55,20
"9A000000107AC953","DS1925",2026-05-08 20:11:55,20
"9A000000107AC953","DS1925",2026-05-08 20:16:55,20
"9A000000107AC953","DS1925",2026-05-08 20:21:55,20
"9A000000107AC953","DS1925",2026-05-08 20:26:55,20
"9A000000107AC953","DS1925",2026-05-08 20:31:55,20
"9A000000107AC953","DS1925",2026-05-08 20:36:55,20
"9A000000107AC953","DS1925",2026-05-08 20:41:55,20
"9A000000107AC953","DS1925",2026-05-08 20:46:55,20
"9A000000107AC953","DS1925",2026-05-08 20:51:55,20
"9A000000107AC953","DS1925",2026-05-08 20:56:55,20
"9A000000107AC953","DS1925",2026-05-08 21:01:55,20
"9A000000107AC953","DS1925",2026-05-08 21:06:55,20
"9A000000107AC953","DS1925",2026-05-08 21:11:55,19.5
"9A000000107AC953","DS1925",2026-05-08 21:16:55,19.5
"9A000000107AC953","DS1925",2026-05-08 21:21:55,19.5
"9A000000107AC953","DS1925",2026-05-08 21:26:55,19.5
"9A000000107AC953","DS1925",2026-05-08 21:31:55,19.5
"9A000000107AC953","DS1925",2026-05-08 21:36:55,19.5
"9A000000107AC953","DS1925",2026-05-08 21:41:55,19.5
"9A000000107AC953","DS1925",2026-05-08 21:46:55,19.5
"9A000000107AC953","DS1925",2026-05-08 21:51:55,19.5
"9A000000107AC953","DS1925",2026-05-08 21:56:55,19.5
"9A000000107AC953","DS1925",2026-05-08 22:01:55,19.5
"9A000000107AC953","DS1925",2026-05-08 22:06:55,19.5
"9A000000107AC953","DS1925",2026-05-08 22:11:55,19.5
"9A000000107AC953","DS1925",2026-05-08 22:16:55,19.5
"9A000000107AC953","DS1925",2026-05-08 22:21:55,19.5
"9A000000107AC953","DS1925",2026-05-08 22:26:55,19
"9A000000107AC953","DS1925",2026-05-08 22:31:55,19
"9A000000107AC953","DS1925",2026-05-08 22:36:55,19
"9A000000107AC953","DS1925",2026-05-08 22:41:55,19
"9A000000107AC953","DS1925",2026-05-08 22:46:55,19
"9A000000107AC953","DS1925",2026-05-08 22:51:55,19
"9A000000107AC953","DS1925",2026-05-08 22:56:55,19
"9A000000107AC953","DS1925",2026-05-08 23:01:55,19
"9A000000107AC953","DS1925",2026-05-08 23:06:55,19
"9A000000107AC953","DS1925",2026-05-08 23:11:55,19
"9A000000107AC953","DS1925",2026-05-08 23:16:55,19
"9A000000107AC953","DS1925",2026-05-08 23:21:55,19
"9A000000107AC953","DS1925",2026-05-08 23:26:55,19
"9A000000107AC953","DS1925",2026-05-08 23:31:55,19
"9A000000107AC953","DS1925",2026-05-08 23:36:55,19
"9A000000107AC953","DS1925",2026-05-08 23:41:55,19
"9A000000107AC953","DS1925",2026-05-08 23:46:55,19
"9A000000107AC953","DS1925",2026-05-08 23:51:55,19
"9A000000107AC953","DS1925",2026-05-08 23:56:55,19
"9A000000107AC953","DS1925",2026-05-09 00:01:55,19
"9A000000107AC953","DS1925",2026-05-09 00:06:55,18.5
"9A000000107AC953","DS1925",2026-05-09 00:11:55,18.5
"9A000000107AC953","DS1925",2026-05-09 00:16:55,18.5
"9A000000107AC953","DS1925",2026-05-09 00:21:55,18.5
"9A000000107AC953","DS1925",2026-05-09 00:26:55,18.5
"9A000000107AC953","DS1925",2026-05-09 00:31:55,18.5
"9A000000107AC953","DS1925",2026-05-09 00:36:55,18.5
"9A000000107AC953","DS1925",2026-05-09 00:41:55,18.5
"9A000000107AC953","DS1925",2026-05-09 00:46:55,18.5
"9A000000107AC953","DS1925",2026-05-09 00:51:55,18.5
"9A000000107AC953","DS1925",2026-05-09 00:56:55,18.5
"9A000000107AC953","DS1925",2026-05-09 01:01:55,18.5
"9A000000107AC953","DS1925",2026-05-09 01:06:55,18.5
"9A000000107AC953","DS1925",2026-05-09 01:11:55,18.5
"9A000000107AC953","DS1925",2026-05-09 01:16:55,18.5
"9A000000107AC953","DS1925",2026-05-09 01:21:55,18.5
"9A000000107AC953","DS1925",2026-05-09 01:26:55,18.5
"9A000000107AC953","DS1925",2026-05-09 01:31:55,18.5
"9A000000107AC953","DS1925",2026-05-09 01:36:55,18.5
"9A000000107AC953","DS1925",2026-05-09 01:41:55,18.5
"9A000000107AC953","DS1925",2026-05-09 01:46:55,18.5
"9A000000107AC953","DS1925",2026-05-09 01:51:55,18.5
"9A000000107AC953","DS1925",2026-05-09 01:56:55,18.5
"9A000000107AC953","DS1925",2026-05-09 02:01:55,18.5
"9A000000107AC953","DS1925",2026-05-09 02:06:55,18.5
"9A000000107AC953","DS1925",2026-05-09 02:11:55,18.5
"9A000000107AC953","DS1925",2026-05-09 02:16:55,18.5
"9A000000107AC953","DS1925",2026-05-09 02:21:55,18.5
"9A000000107AC953","DS1925",2026-05-09 02:26:55,18.5
"9A000000107AC953","DS1925",2026-05-09 02:31:55,18.5
"9A000000107AC953","DS1925",2026-05-09 02:36:55,18.5
"9A000000107AC953","DS1925",2026-05-09 02:41:55,18.5
"9A000000107AC953","DS1925",2026-05-09 02:46:55,18.5
"9A000000107AC953","DS1925",2026-05-09 02:51:55,18.5
"9A000000107AC953","DS1925",2026-05-09 02:56:55,18.5
"9A000000107AC953","DS1925",2026-05-09 03:01:55,18.5
"9A000000107AC953","DS1925",2026-05-09 03:06:55,18.5
"9A000000107AC953","DS1925",2026-05-09 03:11:55,18.5
"9A000000107AC953","DS1925",2026-05-09 03:16:55,18.5
"9A000000107AC953","DS1925",2026-05-09 03:21:55,18.5
"9A000000107AC953","DS1925",2026-05-09 03:26:55,18.5
"9A000000107AC953","DS1925",2026-05-09 03:31:55,18.5
"9A000000107AC953","DS1925",2026-05-09 03:36:55,18
"9A000000107AC953","DS1925",2026-05-09 03:41:55,18.5
"9A000000107AC953","DS1925",2026-05-09 03:46:55,18.5
"9A000000107AC953","DS1925",2026-05-09 03:51:55,18.5
"9A000000107AC953","DS1925",2026-05-09 03:56:55,18
"9A000000107AC953","DS1925",2026-05-09 04:01:55,18
"9A000000107AC953","DS1925",2026-05-09 04:06:55,18
"9A000000107AC953","DS1925",2026-05-09 04:11:55,18
"9A000000107AC953","DS1925",2026-05-09 04:16:55,18
"9A000000107AC953","DS1925",2026-05-09 04:21:55,18
"9A000000107AC953","DS1925",2026-05-09 04:26:55,18
"9A000000107AC953","DS1925",2026-05-09 04:31:55,18
"9A000000107AC953","DS1925",2026-05-09 04:36:55,18
"9A000000107AC953","DS1925",2026-05-09 04:41:55,18
"9A000000107AC953","DS1925",2026-05-09 04:46:55,18
"9A000000107AC953","DS1925",2026-05-09 04:51:55,18
"9A000000107AC953","DS1925",2026-05-09 04:56:55,18
"9A000000107AC953","DS1925",2026-05-09 05:01:55,18
"9A000000107AC953","DS1925",2026-05-09 05:06:55,18
"9A000000107AC953","DS1925",2026-05-09 05:11:55,18
"9A000000107AC953","DS1925",2026-05-09 05:16:55,18
"9A000000107AC953","DS1925",2026-05-09 05:21:55,18
"9A000000107AC953","DS1925",2026-05-09 05:26:55,18
"9A000000107AC953","DS1925",2026-05-09 05:31:55,18
"9A000000107AC953","DS1925",2026-05-09 05:36:55,18
"9A000000107AC953","DS1925",2026-05-09 05:41:55,18
"9A000000107AC953","DS1925",2026-05-09 05:46:55,17.5
"9A000000107AC953","DS1925",2026-05-09 05:51:55,18
"9A000000107AC953","DS1925",2026-05-09 05:56:55,17.5
"9A000000107AC953","DS1925",2026-05-09 06:01:55,17.5
"9A000000107AC953","DS1925",2026-05-09 06:06:55,17.5
"9A000000107AC953","DS1925",2026-05-09 06:11:55,17.5
"9A000000107AC953","DS1925",2026-05-09 06:16:55,17.5
"9A000000107AC953","DS1925",2026-05-09 06:21:55,17.5
"9A000000107AC953","DS1925",2026-05-09 06:26:55,17.5
"9A000000107AC953","DS1925",2026-05-09 06:31:55,17.5
"9A000000107AC953","DS1925",2026-05-09 06:36:55,17.5
"9A000000107AC953","DS1925",2026-05-09 06:41:55,17.5
"9A000000107AC953","DS1925",2026-05-09 06:46:55,17.5
"9A000000107AC953","DS1925",2026-05-09 06:51:55,17.5
"9A000000107AC953","DS1925",2026-05-09 06:56:55,17.5
"9A000000107AC953","DS1925",2026-05-09 07:01:55,17.5
"9A000000107AC953","DS1925",2026-05-09 07:06:55,17.5
"9A000000107AC953","DS1925",2026-05-09 07:11:55,17.5
"9A000000107AC953","DS1925",2026-05-09 07:16:55,17.5
"9A000000107AC953","DS1925",2026-05-09 07:21:55,17.5
"9A000000107AC953","DS1925",2026-05-09 07:26:55,17.5
"9A000000107AC953","DS1925",2026-05-09 07:31:55,17.5
"9A000000107AC953","DS1925",2026-05-09 07:36:55,17.5
"9A000000107AC953","DS1925",2026-05-09 07:41:55,17.5
"9A000000107AC953","DS1925",2026-05-09 07:46:55,17.5
"9A000000107AC953","DS1925",2026-05-09 07:51:55,17.5
"9A000000107AC953","DS1925",2026-05-09 07:56:55,17.5
"9A000000107AC953","DS1925",2026-05-09 08:01:55,17.5
"9A000000107AC953","DS1925",2026-05-09 08:06:55,17.5
"9A000000107AC953","DS1925",2026-05-09 08:11:55,17
"9A000000107AC953","DS1925",2026-05-09 08:16:55,17.5
"9A000000107AC953","DS1925",2026-05-09 08:21:55,17.5
"9A000000107AC953","DS1925",2026-05-09 08:26:55,17
"9A000000107AC953","DS1925",2026-05-09 08:31:55,17.5
"9A000000107AC953","DS1925",2026-05-09 08:36:55,17
"9A000000107AC953","DS1925",2026-05-09 08:41:55,17
"9A000000107AC953","DS1925",2026-05-09 08:46:55,17
"9A000000107AC953","DS1925",2026-05-09 08:51:55,17
"9A000000107AC953","DS1925",2026-05-09 08:56:55,17
"9A000000107AC953","DS1925",2026-05-09 09:01:55,17
"9A000000107AC953","DS1925",2026-05-09 09:06:55,17
"9A000000107AC953","DS1925",2026-05-09 09:11:55,17
"9A000000107AC953","DS1925",2026-05-09 09:16:55,17
"9A000000107AC953","DS1925",2026-05-09 09:21:55,17
"9A000000107AC953","DS1925",2026-05-09 09:26:55,17
"9A000000107AC953","DS1925",2026-05-09 09:31:55,17
"9A000000107AC953","DS1925",2026-05-09 09:36:55,17
"9A000000107AC953","DS1925",2026-05-09 09:41:55,17
"9A000000107AC953","DS1925",2026-05-09 09:46:55,17
"9A000000107AC953","DS1925",2026-05-09 09:51:55,17
"9A000000107AC953","DS1925",2026-05-09 09:56:55,17.5
"9A000000107AC953","DS1925",2026-05-09 10:01:55,17.5
"9A000000107AC953","DS1925",2026-05-09 10:06:55,17.5
"9A000000107AC953","DS1925",2026-05-09 10:11:55,17.5
"9A000000107AC953","DS1925",2026-05-09 10:16:55,17.5
"9A000000107AC953","DS1925",2026-05-09 10:21:55,17.5
"9A000000107AC953","DS1925",2026-05-09 10:26:55,17.5
"9A000000107AC953","DS1925",2026-05-09 10:31:55,17.5
"9A000000107AC953","DS1925",2026-05-09 10:36:55,17.5
"9A000000107AC953","DS1925",2026-05-09 10:41:55,17.5
"9A000000107AC953","DS1925",2026-05-09 10:46:55,17.5
"9A000000107AC953","DS1925",2026-05-09 10:51:55,17.5
"9A000000107AC953","DS1925",2026-05-09 10:56:55,17.5
"9A000000107AC953","DS1925",2026-05-09 11:01:55,17.5
"9A000000107AC953","DS1925",2026-05-09 11:06:55,17.5
"9A000000107AC953","DS1925",2026-05-09 11:11:55,17.5
"9A000000107AC953","DS1925",2026-05-09 11:16:55,17.5
"9A000000107AC953","DS1925",2026-05-09 11:21:55,17.5
"9A000000107AC953","DS1925",2026-05-09 11:26:55,17.5
"9A000000107AC953","DS1925",2026-05-09 11:31:55,17.5
"9A000000107AC953","DS1925",2026-05-09 11:36:55,17.5
"9A000000107AC953","DS1925",2026-05-09 11:41:55,17.5
"9A000000107AC953","DS1925",2026-05-09 11:46:55,17.5
"9A000000107AC953","DS1925",2026-05-09 11:51:55,17.5
"9A000000107AC953","DS1925",2026-05-09 11:56:55,18
"9A000000107AC953","DS1925",2026-05-09 12:01:55,18
"9A000000107AC953","DS1925",2026-05-09 12:06:55,18
"9A000000107AC953","DS1925",2026-05-09 12:11:55,18
"9A000000107AC953","DS1925",2026-05-09 12:16:55,18
"9A000000107AC953","DS1925",2026-05-09 12:21:55,18
"9A000000107AC953","DS1925",2026-05-09 12:26:55,18
"9A000000107AC953","DS1925",2026-05-09 12:31:55,18
"9A000000107AC953","DS1925",2026-05-09 12:36:55,18
"9A000000107AC953","DS1925",2026-05-09 12:41:55,18
"9A000000107AC953","DS1925",2026-05-09 12:46:55,18
"9A000000107AC953","DS1925",2026-05-09 12:51:55,18
"9A000000107AC953","DS1925",2026-05-09 12:56:55,18
"9A000000107AC953","DS1925",2026-05-09 13:01:55,18.5
"9A000000107AC953","DS1925",2026-05-09 13:06:55,18.5
"9A000000107AC953","DS1925",2026-05-09 13:11:55,18.5
"9A000000107AC953","DS1925",2026-05-09 13:16:55,18.5
"9A000000107AC953","DS1925",2026-05-09 13:21:55,18.5
"9A000000107AC953","DS1925",2026-05-09 13:26:55,18.5
"9A000000107AC953","DS1925",2026-05-09 13:31:55,18.5
"9A000000107AC953","DS1925",2026-05-09 13:36:55,18.5
"9A000000107AC953","DS1925",2026-05-09 13:41:55,18.5
"9A000000107AC953","DS1925",2026-05-09 13:46:55,18.5
"9A000000107AC953","DS1925",2026-05-09 13:51:55,18.5
"9A000000107AC953","DS1925",2026-05-09 13:56:55,19
"9A000000107AC953","DS1925",2026-05-09 14:01:55,19
"9A000000107AC953","DS1925",2026-05-09 14:06:55,19
"9A000000107AC953","DS1925",2026-05-09 14:11:55,19
"9A000000107AC953","DS1925",2026-05-09 14:16:55,19
"9A000000107AC953","DS1925",2026-05-09 14:21:55,19
"9A000000107AC953","DS1925",2026-05-09 14:26:55,19
"9A000000107AC953","DS1925",2026-05-09 14:31:55,19.5
"9A000000107AC953","DS1925",2026-05-09 14:36:55,19.5
"9A000000107AC953","DS1925",2026-05-09 14:41:55,19.5
"9A000000107AC953","DS1925",2026-05-09 14:46:55,19.5
"9A000000107AC953","DS1925",2026-05-09 14:51:55,19.5
"9A000000107AC953","DS1925",2026-05-09 14:56:55,20
"9A000000107AC953","DS1925",2026-05-09 15:01:55,20
"9A000000107AC953","DS1925",2026-05-09 15:06:55,20
"9A000000107AC953","DS1925",2026-05-09 15:11:55,20
"9A000000107AC953","DS1925",2026-05-09 15:16:55,20
"9A000000107AC953","DS1925",2026-05-09 15:21:55,20.5
"9A000000107AC953","DS1925",2026-05-09 15:26:55,20.5
"9A000000107AC953","DS1925",2026-05-09 15:31:55,20.5
"9A000000107AC953","DS1925",2026-05-09 15:36:55,20.5
"9A000000107AC953","DS1925",2026-05-09 15:41:55,20.5
"9A000000107AC953","DS1925",2026-05-09 15:46:55,21
"9A000000107AC953","DS1925",2026-05-09 15:51:55,21
"9A000000107AC953","DS1925",2026-05-09 15:56:55,21
"9A000000107AC953","DS1925",2026-05-09 16:01:55,21
"9A000000107AC953","DS1925",2026-05-09 16:06:55,21.5
"9A000000107AC953","DS1925",2026-05-09 16:11:55,21.5
"9A000000107AC953","DS1925",2026-05-09 16:16:55,21.5
"9A000000107AC953","DS1925",2026-05-09 16:21:55,21.5
"9A000000107AC953","DS1925",2026-05-09 16:26:55,21.5
"9A000000107AC953","DS1925",2026-05-09 16:31:55,22
"9A000000107AC953","DS1925",2026-05-09 16:36:55,22
"9A000000107AC953","DS1925",2026-05-09 16:41:55,22
"9A000000107AC953","DS1925",2026-05-09 16:46:55,22
"9A000000107AC953","DS1925",2026-05-09 16:51:55,22
"9A000000107AC953","DS1925",2026-05-09 16:56:55,22.5
"9A000000107AC953","DS1925",2026-05-09 17:01:55,22.5
"9A000000107AC953","DS1925",2026-05-09 17:06:55,22.5
"9A000000107AC953","DS1925",2026-05-09 17:11:55,22.5
"9A000000107AC953","DS1925",2026-05-09 17:16:55,22.5
"9A000000107AC953","DS1925",2026-05-09 17:21:55,22.5
"9A000000107AC953","DS1925",2026-05-09 17:26:55,22.5
"9A000000107AC953","DS1925",2026-05-09 17:31:55,22.5
"9A000000107AC953","DS1925",2026-05-09 17:36:55,23
"9A000000107AC953","DS1925",2026-05-09 17:41:55,23
"9A000000107AC953","DS1925",2026-05-09 17:46:55,23
"9A000000107AC953","DS1925",2026-05-09 17:51:55,23
"9A000000107AC953","DS1925",2026-05-09 17:56:55,23
"9A000000107AC953","DS1925",2026-05-09 18:01:55,23
"9A000000107AC953","DS1925",2026-05-09 18:06:55,23
"9A000000107AC953","DS1925",2026-05-09 18:11:55,23
"9A000000107AC953","DS1925",2026-05-09 18:16:55,23
"9A000000107AC953","DS1925",2026-05-09 18:21:55,23
"9A000000107AC953","DS1925",2026-05-09 18:26:55,23
"9A000000107AC953","DS1925",2026-05-09 18:31:55,23
"9A000000107AC953","DS1925",2026-05-09 18:36:55,23
"9A000000107AC953","DS1925",2026-05-09 18:41:55,23
"9A000000107AC953","DS1925",2026-05-09 18:46:55,23
"9A000000107AC953","DS1925",2026-05-09 18:51:55,23
"9A000000107AC953","DS1925",2026-05-09 18:56:55,23.5
"9A000000107AC953","DS1925",2026-05-09 19:01:55,23.5
"9A000000107AC953","DS1925",2026-05-09 19:06:55,23.5
"9A000000107AC953","DS1925",2026-05-09 19:11:55,23.5
"9A000000107AC953","DS1925",2026-05-09 19:16:55,23.5
"9A000000107AC953","DS1925",2026-05-09 19:21:55,23.5
"9A000000107AC953","DS1925",2026-05-09 19:26:55,23.5
"9A000000107AC953","DS1925",2026-05-09 19:31:55,23.5
"9A000000107AC953","DS1925",2026-05-09 19:36:55,23.5
"9A000000107AC953","DS1925",2026-05-09 19:41:55,23.5
"9A000000107AC953","DS1925",2026-05-09 19:46:55,23.5
"9A000000107AC953","DS1925",2026-05-09 19:51:55,23.5
"9A000000107AC953","DS1925",2026-05-09 19:56:55,23.5
"9A000000107AC953","DS1925",2026-05-09 20:01:55,23.5
"9A000000107AC953","DS1925",2026-05-09 20:06:55,23.5
"9A000000107AC953","DS1925",2026-05-09 20:11:55,23.5
"9A000000107AC953","DS1925",2026-05-09 20:16:55,23.5
"9A000000107AC953","DS1925",2026-05-09 20:21:55,23.5
"9A000000107AC953","DS1925",2026-05-09 20:26:55,23.5
"9A000000107AC953","DS1925",2026-05-09 20:31:55,23.5
"9A000000107AC953","DS1925",2026-05-09 20:36:55,23.5
"9A000000107AC953","DS1925",2026-05-09 20:41:55,23.5
"9A000000107AC953","DS1925",2026-05-09 20:46:55,23.5
"9A000000107AC953","DS1925",2026-05-09 20:51:55,23.5
"9A000000107AC953","DS1925",2026-05-09 20:56:55,23.5
"9A000000107AC953","DS1925",2026-05-09 21:01:55,23.5
"9A000000107AC953","DS1925",2026-05-09 21:06:55,23.5
"9A000000107AC953","DS1925",2026-05-09 21:11:55,23.5
"9A000000107AC953","DS1925",2026-05-09 21:16:55,23.5
"9A000000107AC953","DS1925",2026-05-09 21:21:55,23.5
"9A000000107AC953","DS1925",2026-05-09 21:26:55,23.5
"9A000000107AC953","DS1925",2026-05-09 21:31:55,23.5
"9A000000107AC953","DS1925",2026-05-09 21:36:55,23.5
"9A000000107AC953","DS1925",2026-05-09 21:41:55,23.5
"9A000000107AC953","DS1925",2026-05-09 21:46:55,24
"9A000000107AC953","DS1925",2026-05-09 21:51:55,24
"9A000000107AC953","DS1925",2026-05-09 21:56:55,24
"9A000000107AC953","DS1925",2026-05-09 22:01:55,24
"9A000000107AC953","DS1925",2026-05-09 22:06:55,24
"9A000000107AC953","DS1925",2026-05-09 22:11:55,24
"9A000000107AC953","DS1925",2026-05-09 22:16:55,24
"9A000000107AC953","DS1925",2026-05-09 22:21:55,24
"9A000000107AC953","DS1925",2026-05-09 22:26:55,24
"9A000000107AC953","DS1925",2026-05-09 22:31:55,24
"9A000000107AC953","DS1925",2026-05-09 22:36:55,24
"9A000000107AC953","DS1925",2026-05-09 22:41:55,24
"9A000000107AC953","DS1925",2026-05-09 22:46:55,24
"9A000000107AC953","DS1925",2026-05-09 22:51:55,24
"9A000000107AC953","DS1925",2026-05-09 22:56:55,24
"9A000000107AC953","DS1925",2026-05-09 23:01:55,24
"9A000000107AC953","DS1925",2026-05-09 23:06:55,24
"9A000000107AC953","DS1925",2026-05-09 23:11:55,24
"9A000000107AC953","DS1925",2026-05-09 23:16:55,24
"9A000000107AC953","DS1925",2026-05-09 23:21:55,24
"9A000000107AC953","DS1925",2026-05-09 23:26:55,24
"9A000000107AC953","DS1925",2026-05-09 23:31:55,24
"9A000000107AC953","DS1925",2026-05-09 23:36:55,24
"9A000000107AC953","DS1925",2026-05-09 23:41:55,24
"9A000000107AC953","DS1925",2026-05-09 23:46:55,24
"9A000000107AC953","DS1925",2026-05-09 23:51:55,24
"9A000000107AC953","DS1925",2026-05-09 23:56:55,24
"9A000000107AC953","DS1925",2026-05-10 00:01:55,24
"9A000000107AC953","DS1925",2026-05-10 00:06:55,24
"9A000000107AC953","DS1925",2026-05-10 00:11:55,24
"9A000000107AC953","DS1925",2026-05-10 00:16:55,24
"9A000000107AC953","DS1925",2026-05-10 00:21:55,24
"9A000000107AC953","DS1925",2026-05-10 00:26:55,24
"9A000000107AC953","DS1925",2026-05-10 00:31:55,24
"9A000000107AC953","DS1925",2026-05-10 00:36:55,24
"9A000000107AC953","DS1925",2026-05-10 00:41:55,24
"9A000000107AC953","DS1925",2026-05-10 00:46:55,24
"9A000000107AC953","DS1925",2026-05-10 00:51:55,24
"9A000000107AC953","DS1925",2026-05-10 00:56:55,24
"9A000000107AC953","DS1925",2026-05-10 01:01:55,24
"9A000000107AC953","DS1925",2026-05-10 01:06:55,24
"9A000000107AC953","DS1925",2026-05-10 01:11:55,24
"9A000000107AC953","DS1925",2026-05-10 01:16:55,24
"9A000000107AC953","DS1925",2026-05-10 01:21:55,24
"9A000000107AC953","DS1925",2026-05-10 01:26:55,24
"9A000000107AC953","DS1925",2026-05-10 01:31:55,24
"9A000000107AC953","DS1925",2026-05-10 01:36:55,24
"9A000000107AC953","DS1925",2026-05-10 01:41:55,24
"9A000000107AC953","DS1925",2026-05-10 01:46:55,24
"9A000000107AC953","DS1925",2026-05-10 01:51:55,23.5
"9A000000107AC953","DS1925",2026-05-10 01:56:55,23.5
"9A000000107AC953","DS1925",2026-05-10 02:01:55,23.5
"9A000000107AC953","DS1925",2026-05-10 02:06:55,23.5
"9A000000107AC953","DS1925",2026-05-10 02:11:55,23.5
"9A000000107AC953","DS1925",2026-05-10 02:16:55,23.5
"9A000000107AC953","DS1925",2026-05-10 02:21:55,23.5
"9A000000107AC953","DS1925",2026-05-10 02:26:55,23.5
"9A000000107AC953","DS1925",2026-05-10 02:31:55,23.5
"9A000000107AC953","DS1925",2026-05-10 02:36:55,23.5
"9A000000107AC953","DS1925",2026-05-10 02:41:55,23.5
"9A000000107AC953","DS1925",2026-05-10 02:46:55,23.5
"9A000000107AC953","DS1925",2026-05-10 02:51:55,23.5
"9A000000107AC953","DS1925",2026-05-10 02:56:55,23
"9A000000107AC953","DS1925",2026-05-10 03:01:55,23
"9A000000107AC953","DS1925",2026-05-10 03:06:55,23
"9A000000107AC953","DS1925",2026-05-10 03:11:55,23
"9A000000107AC953","DS1925",2026-05-10 03:16:55,23
"9A000000107AC953","DS1925",2026-05-10 03:21:55,23
"9A000000107AC953","DS1925",2026-05-10 03:26:55,23
"9A000000107AC953","DS1925",2026-05-10 03:31:55,23
"9A000000107AC953","DS1925",2026-05-10 03:36:55,23
"9A000000107AC953","DS1925",2026-05-10 03:41:55,23
"9A000000107AC953","DS1925",2026-05-10 03:46:55,23
"9A000000107AC953","DS1925",2026-05-10 03:51:55,23
"9A000000107AC953","DS1925",2026-05-10 03:56:55,23
"9A000000107AC953","DS1925",2026-05-10 04:01:55,23
"9A000000107AC953","DS1925",2026-05-10 04:06:55,23
"9A000000107AC953","DS1925",2026-05-10 04:11:55,23
"9A000000107AC953","DS1925",2026-05-10 04:16:55,22.5
"9A000000107AC953","DS1925",2026-05-10 04:21:55,22.5
"9A000000107AC953","DS1925",2026-05-10 04:26:55,22.5
"9A000000107AC953","DS1925",2026-05-10 04:31:55,22.5
"9A000000107AC953","DS1925",2026-05-10 04:36:55,22.5
"9A000000107AC953","DS1925",2026-05-10 04:41:55,22.5
"9A000000107AC953","DS1925",2026-05-10 04:46:55,22.5
"9A000000107AC953","DS1925",2026-05-10 04:51:55,22.5
"9A000000107AC953","DS1925",2026-05-10 04:56:55,22.5
"9A000000107AC953","DS1925",2026-05-10 05:01:55,22.5
"9A000000107AC953","DS1925",2026-05-10 05:06:55,22.5
"9A000000107AC953","DS1925",2026-05-10 05:11:55,22.5
"9A000000107AC953","DS1925",2026-05-10 05:16:55,22.5
"9A000000107AC953","DS1925",2026-05-10 05:21:55,22
"9A000000107AC953","DS1925",2026-05-10 05:26:55,22
"9A000000107AC953","DS1925",2026-05-10 05:31:55,22
"9A000000107AC953","DS1925",2026-05-10 05:36:55,22
"9A000000107AC953","DS1925",2026-05-10 05:41:55,22
"9A000000107AC953","DS1925",2026-05-10 05:46:55,22
"9A000000107AC953","DS1925",2026-05-10 05:51:55,22
"9A000000107AC953","DS1925",2026-05-10 05:56:55,22
"9A000000107AC953","DS1925",2026-05-10 06:01:55,22
"9A000000107AC953","DS1925",2026-05-10 06:06:55,22
"9A000000107AC953","DS1925",2026-05-10 06:11:55,22
"9A000000107AC953","DS1925",2026-05-10 06:16:55,22
"9A000000107AC953","DS1925",2026-05-10 06:21:55,22
"9A000000107AC953","DS1925",2026-05-10 06:26:55,22
"9A000000107AC953","DS1925",2026-05-10 06:31:55,22
"9A000000107AC953","DS1925",2026-05-10 06:36:55,21.5
"9A000000107AC953","DS1925",2026-05-10 06:41:55,21.5
"9A000000107AC953","DS1925",2026-05-10 06:46:55,21.5
"9A000000107AC953","DS1925",2026-05-10 06:51:55,21.5
"9A000000107AC953","DS1925",2026-05-10 06:56:55,21.5
"9A000000107AC953","DS1925",2026-05-10 07:01:55,21.5
"9A000000107AC953","DS1925",2026-05-10 07:06:55,21.5
"9A000000107AC953","DS1925",2026-05-10 07:11:55,21.5
"9A000000107AC953","DS1925",2026-05-10 07:16:55,21.5
"9A000000107AC953","DS1925",2026-05-10 07:21:55,21.5
"9A000000107AC953","DS1925",2026-05-10 07:26:55,21.5
"9A000000107AC953","DS1925",2026-05-10 07:31:55,21.5
"9A000000107AC953","DS1925",2026-05-10 07:36:55,21.5
"9A000000107AC953","DS1925",2026-05-10 07:41:55,21.5
"9A000000107AC953","DS1925",2026-05-10 07:46:55,21
"9A000000107AC953","DS1925",2026-05-10 07:51:55,21
"9A000000107AC953","DS1925",2026-05-10 07:56:55,21
"9A000000107AC953","DS1925",2026-05-10 08:01:55,21
"9A000000107AC953","DS1925",2026-05-10 08:06:55,21
"9A000000107AC953","DS1925",2026-05-10 08:11:55,21
"9A000000107AC953","DS1925",2026-05-10 08:16:55,21
"9A000000107AC953","DS1925",2026-05-10 08:21:55,21
"9A000000107AC953","DS1925",2026-05-10 08:26:55,21
"9A000000107AC953","DS1925",2026-05-10 08:31:55,21
"9A000000107AC953","DS1925",2026-05-10 08:36:55,21
"9A000000107AC953","DS1925",2026-05-10 08:41:55,21
"9A000000107AC953","DS1925",2026-05-10 08:46:55,21
"9A000000107AC953","DS1925",2026-05-10 08:51:55,21
"9A000000107AC953","DS1925",2026-05-10 08:56:55,21
"9A000000107AC953","DS1925",2026-05-10 09:01:55,21
"9A000000107AC953","DS1925",2026-05-10 09:06:55,21
"9A000000107AC953","DS1925",2026-05-10 09:11:55,21
"9A000000107AC953","DS1925",2026-05-10 09:16:55,21
"9A000000107AC953","DS1925",2026-05-10 09:21:55,21
"9A000000107AC953","DS1925",2026-05-10 09:26:55,20.5
"9A000000107AC953","DS1925",2026-05-10 09:31:55,20.5
"9A000000107AC953","DS1925",2026-05-10 09:36:55,20.5
"9A000000107AC953","DS1925",2026-05-10 09:41:55,20.5
"9A000000107AC953","DS1925",2026-05-10 09:46:55,20.5
"9A000000107AC953","DS1925",2026-05-10 09:51:55,20.5
"9A000000107AC953","DS1925",2026-05-10 09:56:55,20.5
"9A000000107AC953","DS1925",2026-05-10 10:01:55,20.5
"9A000000107AC953","DS1925",2026-05-10 10:06:55,20.5
"9A000000107AC953","DS1925",2026-05-10 10:11:55,20.5
"9A000000107AC953","DS1925",2026-05-10 10:16:55,20.5
"9A000000107AC953","DS1925",2026-05-10 10:21:55,20.5
"9A000000107AC953","DS1925",2026-05-10 10:26:55,20.5
"9A000000107AC953","DS1925",2026-05-10 10:31:55,20.5
"9A000000107AC953","DS1925",2026-05-10 10:36:55,20.5
"9A000000107AC953","DS1925",2026-05-10 10:41:55,20.5
"9A000000107AC953","DS1925",2026-05-10 10:46:55,20.5
"9A000000107AC953","DS1925",2026-05-10 10:51:55,20.5
"9A000000107AC953","DS1925",2026-05-10 10:56:55,20.5
"9A000000107AC953","DS1925",2026-05-10 11:01:55,20.5
"9A000000107AC953","DS1925",2026-05-10 11:06:55,20.5
"9A000000107AC953","DS1925",2026-05-10 11:11:55,20.5
"9A000000107AC953","DS1925",2026-05-10 11:16:55,20.5
"9A000000107AC953","DS1925",2026-05-10 11:21:55,20.5
"9A000000107AC953","DS1925",2026-05-10 11:26:55,20.5
"9A000000107AC953","DS1925",2026-05-10 11:31:55,20.5
"9A000000107AC953","DS1925",2026-05-10 11:36:55,20.5
"9A000000107AC953","DS1925",2026-05-10 11:41:55,20.5
"9A000000107AC953","DS1925",2026-05-10 11:46:55,20.5
"9A000000107AC953","DS1925",2026-05-10 11:51:55,20.5
"9A000000107AC953","DS1925",2026-05-10 11:56:55,20.5
"9A000000107AC953","DS1925",2026-05-10 12:01:55,20.5
"9A000000107AC953","DS1925",2026-05-10 12:06:55,20.5
"9A000000107AC953","DS1925",2026-05-10 12:11:55,20.5
"9A000000107AC953","DS1925",2026-05-10 12:16:55,20.5
"9A000000107AC953","DS1925",2026-05-10 12:21:55,20.5
"9A000000107AC953","DS1925",2026-05-10 12:26:55,20.5
"9A000000107AC953","DS1925",2026-05-10 12:31:55,20.5
"9A000000107AC953","DS1925",2026-05-10 12:36:55,20.5
"9A000000107AC953","DS1925",2026-05-10 12:41:55,20.5
"9A000000107AC953","DS1925",2026-05-10 12:46:55,21
"9A000000107AC953","DS1925",2026-05-10 12:51:55,21
"9A000000107AC953","DS1925",2026-05-10 12:56:55,21
"9A000000107AC953","DS1925",2026-05-10 13:01:55,21
"9A000000107AC953","DS1925",2026-05-10 13:06:55,21
"9A000000107AC953","DS1925",2026-05-10 13:11:55,21
"9A000000107AC953","DS1925",2026-05-10 13:16:55,21
"9A000000107AC953","DS1925",2026-05-10 13:21:55,21
"9A000000107AC953","DS1925",2026-05-10 13:26:55,21
"9A000000107AC953","DS1925",2026-05-10 13:31:55,21.5
"9A000000107AC953","DS1925",2026-05-10 13:36:55,21.5
"9A000000107AC953","DS1925",2026-05-10 13:41:55,21.5
"9A000000107AC953","DS1925",2026-05-10 13:46:55,21.5
"9A000000107AC953","DS1925",2026-05-10 13:51:55,21.5
"9A000000107AC953","DS1925",2026-05-10 13:56:55,21.5
"9A000000107AC953","DS1925",2026-05-10 14:01:55,21.5
"9A000000107AC953","DS1925",2026-05-10 14:06:55,21.5
"9A000000107AC953","DS1925",2026-05-10 14:11:55,22
"9A000000107AC953","DS1925",2026-05-10 14:16:55,22
"9A000000107AC953","DS1925",2026-05-10 14:21:55,22
"9A000000107AC953","DS1925",2026-05-10 14:26:55,22
"9A000000107AC953","DS1925",2026-05-10 14:31:55,22
"9A000000107AC953","DS1925",2026-05-10 14:36:55,22
"9A000000107AC953","DS1925",2026-05-10 14:41:55,22
"9A000000107AC953","DS1925",2026-05-10 14:46:55,22
"9A000000107AC953","DS1925",2026-05-10 14:51:55,22
"9A000000107AC953","DS1925",2026-05-10 14:56:55,22
"9A000000107AC953","DS1925",2026-05-10 15:01:55,22.5
"9A000000107AC953","DS1925",2026-05-10 15:06:55,22.5
"9A000000107AC953","DS1925",2026-05-10 15:11:55,22.5
"9A000000107AC953","DS1925",2026-05-10 15:16:55,22.5
"9A000000107AC953","DS1925",2026-05-10 15:21:55,22.5
"9A000000107AC953","DS1925",2026-05-10 15:26:55,22.5
"9A000000107AC953","DS1925",2026-05-10 15:31:55,22.5
"9A000000107AC953","DS1925",2026-05-10 15:36:55,23
"9A000000107AC953","DS1925",2026-05-10 15:41:55,23
"9A000000107AC953","DS1925",2026-05-10 15:46:55,23
"9A000000107AC953","DS1925",2026-05-10 15:51:55,23
"9A000000107AC953","DS1925",2026-05-10 15:56:55,23
"9A000000107AC953","DS1925",2026-05-10 16:01:55,23
"9A000000107AC953","DS1925",2026-05-10 16:06:55,23.5
"9A000000107AC953","DS1925",2026-05-10 16:11:55,23.5
"9A000000107AC953","DS1925",2026-05-10 16:16:55,23.5
"9A000000107AC953","DS1925",2026-05-10 16:21:55,23.5
"9A000000107AC953","DS1925",2026-05-10 16:26:55,23.5
"9A000000107AC953","DS1925",2026-05-10 16:31:55,23
"9A000000107AC953","DS1925",2026-05-10 16:36:55,23
"9A000000107AC953","DS1925",2026-05-10 16:41:55,23
"9A000000107AC953","DS1925",2026-05-10 16:46:55,23.5
"9A000000107AC953","DS1925",2026-05-10 16:51:55,23.5
"9A000000107AC953","DS1925",2026-05-10 16:56:55,23.5
"9A000000107AC953","DS1925",2026-05-10 17:01:55,23
"9A000000107AC953","DS1925",2026-05-10 17:06:55,23
"9A000000107AC953","DS1925",2026-05-10 17:11:55,23
"9A000000107AC953","DS1925",2026-05-10 17:16:55,23
"9A000000107AC953","DS1925",2026-05-10 17:21:55,23
"9A000000107AC953","DS1925",2026-05-10 17:26:55,23
"9A000000107AC953","DS1925",2026-05-10 17:31:55,23.5
"9A000000107AC953","DS1925",2026-05-10 17:36:55,23.5
"9A000000107AC953","DS1925",2026-05-10 17:41:55,24
"9A000000107AC953","DS1925",2026-05-10 17:46:55,24
"9A000000107AC953","DS1925",2026-05-10 17:51:55,24
"9A000000107AC953","DS1925",2026-05-10 17:56:55,24
"9A000000107AC953","DS1925",2026-05-10 18:01:55,24
"9A000000107AC953","DS1925",2026-05-10 18:06:55,24
"9A000000107AC953","DS1925",2026-05-10 18:11:55,24
"9A000000107AC953","DS1925",2026-05-10 18:16:55,24
"9A000000107AC953","DS1925",2026-05-10 18:21:55,24
"9A000000107AC953","DS1925",2026-05-10 18:26:55,24
"9A000000107AC953","DS1925",2026-05-10 18:31:55,24
"9A000000107AC953","DS1925",2026-05-10 18:36:55,24.5
"9A000000107AC953","DS1925",2026-05-10 18:41:55,24.5
"9A000000107AC953","DS1925",2026-05-10 18:46:55,25
"9A000000107AC953","DS1925",2026-05-10 18:51:55,25
"9A000000107AC953","DS1925",2026-05-10 18:56:55,25
"9A000000107AC953","DS1925",2026-05-10 19:01:55,24.5
"9A000000107AC953","DS1925",2026-05-10 19:06:55,24.5
"9A000000107AC953","DS1925",2026-05-10 19:11:55,24.5
"9A000000107AC953","DS1925",2026-05-10 19:16:55,24.5
"9A000000107AC953","DS1925",2026-05-10 19:21:55,24.5
"9A000000107AC953","DS1925",2026-05-10 19:26:55,24
"9A000000107AC953","DS1925",2026-05-10 19:31:55,24
"9A000000107AC953","DS1925",2026-05-10 19:36:55,24.5
"9A000000107AC953","DS1925",2026-05-10 19:41:55,24.5
"9A000000107AC953","DS1925",2026-05-10 19:46:55,24.5
"9A000000107AC953","DS1925",2026-05-10 19:51:55,24.5
"9A000000107AC953","DS1925",2026-05-10 19:56:55,24.5
"9A000000107AC953","DS1925",2026-05-10 20:01:55,24.5
"9A000000107AC953","DS1925",2026-05-10 20:06:55,24.5
"9A000000107AC953","DS1925",2026-05-10 20:11:55,24.5
"9A000000107AC953","DS1925",2026-05-10 20:16:55,24.5
"9A000000107AC953","DS1925",2026-05-10 20:21:55,24.5
"9A000000107AC953","DS1925",2026-05-10 20:26:55,24.5
"9A000000107AC953","DS1925",2026-05-10 20:31:55,24.5
"9A000000107AC953","DS1925",2026-05-10 20:36:55,24.5
"9A000000107AC953","DS1925",2026-05-10 20:41:55,24.5
"9A000000107AC953","DS1925",2026-05-10 20:46:55,24
"9A000000107AC953","DS1925",2026-05-10 20:51:55,24
"9A000000107AC953","DS1925",2026-05-10 20:56:55,24
"9A000000107AC953","DS1925",2026-05-10 21:01:55,24
"9A000000107AC953","DS1925",2026-05-10 21:06:55,24
"9A000000107AC953","DS1925",2026-05-10 21:11:55,24
"9A000000107AC953","DS1925",2026-05-10 21:16:55,23.5
"9A000000107AC953","DS1925",2026-05-10 21:21:55,23.5
"9A000000107AC953","DS1925",2026-05-10 21:26:55,23
"9A000000107AC953","DS1925",2026-05-10 21:31:55,23
"9A000000107AC953","DS1925",2026-05-10 21:36:55,23
"9A000000107AC953","DS1925",2026-05-10 21:41:55,23
"9A000000107AC953","DS1925",2026-05-10 21:46:55,23
"9A000000107AC953","DS1925",2026-05-10 21:51:55,23
"9A000000107AC953","DS1925",2026-05-10 21:56:55,23
"9A000000107AC953","DS1925",2026-05-10 22:01:55,23
"9A000000107AC953","DS1925",2026-05-10 22:06:55,23
"9A000000107AC953","DS1925",2026-05-10 22:11:55,23
"9A000000107AC953","DS1925",2026-05-10 22:16:55,23
"9A000000107AC953","DS1925",2026-05-10 22:21:55,23
"9A000000107AC953","DS1925",2026-05-10 22:26:55,23
"9A000000107AC953","DS1925",2026-05-10 22:31:55,23
"9A000000107AC953","DS1925",2026-05-10 22:36:55,23
"9A000000107AC953","DS1925",2026-05-10 22:41:55,23
"9A000000107AC953","DS1925",2026-05-10 22:46:55,23
"9A000000107AC953","DS1925",2026-05-10 22:51:55,23
"9A000000107AC953","DS1925",2026-05-10 22:56:55,23
"9A000000107AC953","DS1925",2026-05-10 23:01:55,23
"9A000000107AC953","DS1925",2026-05-10 23:06:55,23
"9A000000107AC953","DS1925",2026-05-10 23:11:55,23
"9A000000107AC953","DS1925",2026-05-10 23:16:55,23
"9A000000107AC953","DS1925",2026-05-10 23:21:55,23
"A4000000103C4153","DS1925",2026-05-04 18:00:20,23
"A4000000103C4153","DS1925",2026-05-04 18:05:20,23
"A4000000103C4153","DS1925",2026-05-04 18:10:20,23
"A4000000103C4153","DS1925",2026-05-04 18:15:20,23
"A4000000103C4153","DS1925",2026-05-04 18:20:20,23
"A4000000103C4153","DS1925",2026-05-04 18:25:20,22.5
"A4000000103C4153","DS1925",2026-05-04 18:30:20,22.5
"A4000000103C4153","DS1925",2026-05-04 18:35:20,22.5
"A4000000103C4153","DS1925",2026-05-04 18:40:20,22.5
"A4000000103C4153","DS1925",2026-05-04 18:45:20,22.5
"A4000000103C4153","DS1925",2026-05-04 18:50:20,22.5
"A4000000103C4153","DS1925",2026-05-04 18:55:20,22.5
"A4000000103C4153","DS1925",2026-05-04 19:00:20,22.5
"A4000000103C4153","DS1925",2026-05-04 19:05:20,22.5
"A4000000103C4153","DS1925",2026-05-04 19:10:20,22.5
"A4000000103C4153","DS1925",2026-05-04 19:15:20,22.5
"A4000000103C4153","DS1925",2026-05-04 19:20:20,22.5
"A4000000103C4153","DS1925",2026-05-04 19:25:20,22.5
"A4000000103C4153","DS1925",2026-05-04 19:30:20,22.5
"A4000000103C4153","DS1925",2026-05-04 19:35:20,22.5
"A4000000103C4153","DS1925",2026-05-04 19:40:20,22.5
"A4000000103C4153","DS1925",2026-05-04 19:45:20,22.5
"A4000000103C4153","DS1925",2026-05-04 19:50:20,22.5
"A4000000103C4153","DS1925",2026-05-04 19:55:20,22.5
"A4000000103C4153","DS1925",2026-05-04 20:00:20,22.5
"A4000000103C4153","DS1925",2026-05-04 20:05:20,22.5
"A4000000103C4153","DS1925",2026-05-04 20:10:20,22.5
"A4000000103C4153","DS1925",2026-05-04 20:15:20,22.5
"A4000000103C4153","DS1925",2026-05-04 20:20:20,22.5
"A4000000103C4153","DS1925",2026-05-04 20:25:20,22.5
"A4000000103C4153","DS1925",2026-05-04 20:30:20,22.5
"A4000000103C4153","DS1925",2026-05-04 20:35:20,22.5
"A4000000103C4153","DS1925",2026-05-04 20:40:20,22.5
"A4000000103C4153","DS1925",2026-05-04 20:45:20,22.5
"A4000000103C4153","DS1925",2026-05-04 20:50:20,22.5
"A4000000103C4153","DS1925",2026-05-04 20:55:20,22.5
"A4000000103C4153","DS1925",2026-05-04 21:00:20,22.5
"A4000000103C4153","DS1925",2026-05-04 21:05:20,22.5
"A4000000103C4153","DS1925",2026-05-04 21:10:20,22.5
"A4000000103C4153","DS1925",2026-05-04 21:15:20,22.5
"A4000000103C4153","DS1925",2026-05-04 21:20:20,22.5
"A4000000103C4153","DS1925",2026-05-04 21:25:20,22.5
"A4000000103C4153","DS1925",2026-05-04 21:30:20,22.5
"A4000000103C4153","DS1925",2026-05-04 21:35:20,22.5
"A4000000103C4153","DS1925",2026-05-04 21:40:20,22.5
"A4000000103C4153","DS1925",2026-05-04 21:45:20,22.5
"A4000000103C4153","DS1925",2026-05-04 21:50:20,22.5
"A4000000103C4153","DS1925",2026-05-04 21:55:20,22.5
"A4000000103C4153","DS1925",2026-05-04 22:00:20,22.5
"A4000000103C4153","DS1925",2026-05-04 22:05:20,22.5
"A4000000103C4153","DS1925",2026-05-04 22:10:20,22.5
"A4000000103C4153","DS1925",2026-05-04 22:15:20,22.5
"A4000000103C4153","DS1925",2026-05-04 22:20:20,22.5
"A4000000103C4153","DS1925",2026-05-04 22:25:20,22.5
"A4000000103C4153","DS1925",2026-05-04 22:30:20,22.5
"A4000000103C4153","DS1925",2026-05-04 22:35:20,22.5
"A4000000103C4153","DS1925",2026-05-04 22:40:20,22.5
"A4000000103C4153","DS1925",2026-05-04 22:45:20,22.5
"A4000000103C4153","DS1925",2026-05-04 22:50:20,22.5
"A4000000103C4153","DS1925",2026-05-04 22:55:20,22.5
"A4000000103C4153","DS1925",2026-05-04 23:00:20,22.5
"A4000000103C4153","DS1925",2026-05-04 23:05:20,22.5
"A4000000103C4153","DS1925",2026-05-04 23:10:20,22.5
"A4000000103C4153","DS1925",2026-05-04 23:15:20,22.5
"A4000000103C4153","DS1925",2026-05-04 23:20:20,22.5
"A4000000103C4153","DS1925",2026-05-04 23:25:20,22.5
"A4000000103C4153","DS1925",2026-05-04 23:30:20,22.5
"A4000000103C4153","DS1925",2026-05-04 23:35:20,22.5
"A4000000103C4153","DS1925",2026-05-04 23:40:20,22.5
"A4000000103C4153","DS1925",2026-05-04 23:45:20,22.5
"A4000000103C4153","DS1925",2026-05-04 23:50:20,22.5
"A4000000103C4153","DS1925",2026-05-04 23:55:20,22.5
"A4000000103C4153","DS1925",2026-05-05 00:00:20,22.5
"A4000000103C4153","DS1925",2026-05-05 00:05:20,22.5
"A4000000103C4153","DS1925",2026-05-05 00:10:20,22.5
"A4000000103C4153","DS1925",2026-05-05 00:15:20,22
"A4000000103C4153","DS1925",2026-05-05 00:20:20,22
"A4000000103C4153","DS1925",2026-05-05 00:25:20,22
"A4000000103C4153","DS1925",2026-05-05 00:30:20,22
"A4000000103C4153","DS1925",2026-05-05 00:35:20,22
"A4000000103C4153","DS1925",2026-05-05 00:40:20,22
"A4000000103C4153","DS1925",2026-05-05 00:45:20,22
"A4000000103C4153","DS1925",2026-05-05 00:50:20,22
"A4000000103C4153","DS1925",2026-05-05 00:55:20,22
"A4000000103C4153","DS1925",2026-05-05 01:00:20,22.5
"A4000000103C4153","DS1925",2026-05-05 01:05:20,22
"A4000000103C4153","DS1925",2026-05-05 01:10:20,22.5
"A4000000103C4153","DS1925",2026-05-05 01:15:20,22.5
"A4000000103C4153","DS1925",2026-05-05 01:20:20,22.5
"A4000000103C4153","DS1925",2026-05-05 01:25:20,22.5
"A4000000103C4153","DS1925",2026-05-05 01:30:20,22.5
"A4000000103C4153","DS1925",2026-05-05 01:35:20,22.5
"A4000000103C4153","DS1925",2026-05-05 01:40:20,22.5
"A4000000103C4153","DS1925",2026-05-05 01:45:20,22
"A4000000103C4153","DS1925",2026-05-05 01:50:20,22
"A4000000103C4153","DS1925",2026-05-05 01:55:20,22
"A4000000103C4153","DS1925",2026-05-05 02:00:20,22
"A4000000103C4153","DS1925",2026-05-05 02:05:20,22
"A4000000103C4153","DS1925",2026-05-05 02:10:20,22
"A4000000103C4153","DS1925",2026-05-05 02:15:20,22
"A4000000103C4153","DS1925",2026-05-05 02:20:20,22
"A4000000103C4153","DS1925",2026-05-05 02:25:20,22
"A4000000103C4153","DS1925",2026-05-05 02:30:20,22
"A4000000103C4153","DS1925",2026-05-05 02:35:20,22
"A4000000103C4153","DS1925",2026-05-05 02:40:20,22
"A4000000103C4153","DS1925",2026-05-05 02:45:20,22
"A4000000103C4153","DS1925",2026-05-05 02:50:20,22
"A4000000103C4153","DS1925",2026-05-05 02:55:20,22
"A4000000103C4153","DS1925",2026-05-05 03:00:20,22
"A4000000103C4153","DS1925",2026-05-05 03:05:20,22
"A4000000103C4153","DS1925",2026-05-05 03:10:20,22
"A4000000103C4153","DS1925",2026-05-05 03:15:20,22
"A4000000103C4153","DS1925",2026-05-05 03:20:20,22
"A4000000103C4153","DS1925",2026-05-05 03:25:20,22
"A4000000103C4153","DS1925",2026-05-05 03:30:20,22
"A4000000103C4153","DS1925",2026-05-05 03:35:20,22
"A4000000103C4153","DS1925",2026-05-05 03:40:20,22
"A4000000103C4153","DS1925",2026-05-05 03:45:20,22
"A4000000103C4153","DS1925",2026-05-05 03:50:20,22
"A4000000103C4153","DS1925",2026-05-05 03:55:20,22
"A4000000103C4153","DS1925",2026-05-05 04:00:20,22
"A4000000103C4153","DS1925",2026-05-05 04:05:20,22
"A4000000103C4153","DS1925",2026-05-05 04:10:20,22
"A4000000103C4153","DS1925",2026-05-05 04:15:20,22
"A4000000103C4153","DS1925",2026-05-05 04:20:20,22
"A4000000103C4153","DS1925",2026-05-05 04:25:20,22
"A4000000103C4153","DS1925",2026-05-05 04:30:20,22
"A4000000103C4153","DS1925",2026-05-05 04:35:20,22
"A4000000103C4153","DS1925",2026-05-05 04:40:20,22
"A4000000103C4153","DS1925",2026-05-05 04:45:20,22
"A4000000103C4153","DS1925",2026-05-05 04:50:20,22
"A4000000103C4153","DS1925",2026-05-05 04:55:20,21.5
"A4000000103C4153","DS1925",2026-05-05 05:00:20,21.5
"A4000000103C4153","DS1925",2026-05-05 05:05:20,21.5
"A4000000103C4153","DS1925",2026-05-05 05:10:20,21.5
"A4000000103C4153","DS1925",2026-05-05 05:15:20,21.5
"A4000000103C4153","DS1925",2026-05-05 05:20:20,21.5
"A4000000103C4153","DS1925",2026-05-05 05:25:20,21.5
"A4000000103C4153","DS1925",2026-05-05 05:30:20,21.5
"A4000000103C4153","DS1925",2026-05-05 05:35:20,21.5
"A4000000103C4153","DS1925",2026-05-05 05:40:20,21.5
"A4000000103C4153","DS1925",2026-05-05 05:45:20,21.5
"A4000000103C4153","DS1925",2026-05-05 05:50:20,21.5
"A4000000103C4153","DS1925",2026-05-05 05:55:20,21.5
"A4000000103C4153","DS1925",2026-05-05 06:00:20,21.5
"A4000000103C4153","DS1925",2026-05-05 06:05:20,21.5
"A4000000103C4153","DS1925",2026-05-05 06:10:20,21.5
"A4000000103C4153","DS1925",2026-05-05 06:15:20,21.5
"A4000000103C4153","DS1925",2026-05-05 06:20:20,21.5
"A4000000103C4153","DS1925",2026-05-05 06:25:20,21.5
"A4000000103C4153","DS1925",2026-05-05 06:30:20,21.5
"A4000000103C4153","DS1925",2026-05-05 06:35:20,21.5
"A4000000103C4153","DS1925",2026-05-05 06:40:20,21.5
"A4000000103C4153","DS1925",2026-05-05 06:45:20,21.5
"A4000000103C4153","DS1925",2026-05-05 06:50:20,21.5
"A4000000103C4153","DS1925",2026-05-05 06:55:20,21.5
"A4000000103C4153","DS1925",2026-05-05 07:00:20,21.5
"A4000000103C4153","DS1925",2026-05-05 07:05:20,21.5
"A4000000103C4153","DS1925",2026-05-05 07:10:20,21.5
"A4000000103C4153","DS1925",2026-05-05 07:15:20,21.5
"A4000000103C4153","DS1925",2026-05-05 07:20:20,21.5
"A4000000103C4153","DS1925",2026-05-05 07:25:20,21.5
"A4000000103C4153","DS1925",2026-05-05 07:30:20,21.5
"A4000000103C4153","DS1925",2026-05-05 07:35:20,21.5
"A4000000103C4153","DS1925",2026-05-05 07:40:20,21.5
"A4000000103C4153","DS1925",2026-05-05 07:45:20,21.5
"A4000000103C4153","DS1925",2026-05-05 07:50:20,21.5
"A4000000103C4153","DS1925",2026-05-05 07:55:20,22
"A4000000103C4153","DS1925",2026-05-05 08:00:20,22
"A4000000103C4153","DS1925",2026-05-05 08:05:20,21.5
"A4000000103C4153","DS1925",2026-05-05 08:10:20,22
"A4000000103C4153","DS1925",2026-05-05 08:15:20,22
"A4000000103C4153","DS1925",2026-05-05 08:20:20,22
"A4000000103C4153","DS1925",2026-05-05 08:25:20,22
"A4000000103C4153","DS1925",2026-05-05 08:30:20,22
"A4000000103C4153","DS1925",2026-05-05 08:35:20,22
"A4000000103C4153","DS1925",2026-05-05 08:40:20,22
"A4000000103C4153","DS1925",2026-05-05 08:45:20,22
"A4000000103C4153","DS1925",2026-05-05 08:50:20,22
"A4000000103C4153","DS1925",2026-05-05 08:55:20,22
"A4000000103C4153","DS1925",2026-05-05 09:00:20,22
"A4000000103C4153","DS1925",2026-05-05 09:05:20,22
"A4000000103C4153","DS1925",2026-05-05 09:10:20,22
"A4000000103C4153","DS1925",2026-05-05 09:15:20,22
"A4000000103C4153","DS1925",2026-05-05 09:20:20,22
"A4000000103C4153","DS1925",2026-05-05 09:25:20,22
"A4000000103C4153","DS1925",2026-05-05 09:30:20,22
"A4000000103C4153","DS1925",2026-05-05 09:35:20,22
"A4000000103C4153","DS1925",2026-05-05 09:40:20,22
"A4000000103C4153","DS1925",2026-05-05 09:45:20,22
"A4000000103C4153","DS1925",2026-05-05 09:50:20,22
"A4000000103C4153","DS1925",2026-05-05 09:55:20,22
"A4000000103C4153","DS1925",2026-05-05 10:00:20,22
"A4000000103C4153","DS1925",2026-05-05 10:05:20,22
"A4000000103C4153","DS1925",2026-05-05 10:10:20,22
"A4000000103C4153","DS1925",2026-05-05 10:15:20,22
"A4000000103C4153","DS1925",2026-05-05 10:20:20,22
"A4000000103C4153","DS1925",2026-05-05 10:25:20,22
"A4000000103C4153","DS1925",2026-05-05 10:30:20,22
"A4000000103C4153","DS1925",2026-05-05 10:35:20,22
"A4000000103C4153","DS1925",2026-05-05 10:40:20,22
"A4000000103C4153","DS1925",2026-05-05 10:45:20,22
"A4000000103C4153","DS1925",2026-05-05 10:50:20,22
"A4000000103C4153","DS1925",2026-05-05 10:55:20,22
"A4000000103C4153","DS1925",2026-05-05 11:00:20,22
"A4000000103C4153","DS1925",2026-05-05 11:05:20,22
"A4000000103C4153","DS1925",2026-05-05 11:10:20,22
"A4000000103C4153","DS1925",2026-05-05 11:15:20,22
"A4000000103C4153","DS1925",2026-05-05 11:20:20,22.5
"A4000000103C4153","DS1925",2026-05-05 11:25:20,22.5
"A4000000103C4153","DS1925",2026-05-05 11:30:20,22.5
"A4000000103C4153","DS1925",2026-05-05 11:35:20,22.5
"A4000000103C4153","DS1925",2026-05-05 11:40:20,22.5
"A4000000103C4153","DS1925",2026-05-05 11:45:20,22.5
"A4000000103C4153","DS1925",2026-05-05 11:50:20,22.5
"A4000000103C4153","DS1925",2026-05-05 11:55:20,22.5
"A4000000103C4153","DS1925",2026-05-05 12:00:20,22.5
"A4000000103C4153","DS1925",2026-05-05 12:05:20,22.5
"A4000000103C4153","DS1925",2026-05-05 12:10:20,22.5
"A4000000103C4153","DS1925",2026-05-05 12:15:20,22.5
"A4000000103C4153","DS1925",2026-05-05 12:20:20,22.5
"A4000000103C4153","DS1925",2026-05-05 12:25:20,22.5
"A4000000103C4153","DS1925",2026-05-05 12:30:20,22.5
"A4000000103C4153","DS1925",2026-05-05 12:35:20,22.5
"A4000000103C4153","DS1925",2026-05-05 12:40:20,22.5
"A4000000103C4153","DS1925",2026-05-05 12:45:20,22.5
"A4000000103C4153","DS1925",2026-05-05 12:50:20,22.5
"A4000000103C4153","DS1925",2026-05-05 12:55:20,22.5
"A4000000103C4153","DS1925",2026-05-05 13:00:20,22.5
"A4000000103C4153","DS1925",2026-05-05 13:05:20,23
"A4000000103C4153","DS1925",2026-05-05 13:10:20,23
"A4000000103C4153","DS1925",2026-05-05 13:15:20,23
"A4000000103C4153","DS1925",2026-05-05 13:20:20,23
"A4000000103C4153","DS1925",2026-05-05 13:25:20,23
"A4000000103C4153","DS1925",2026-05-05 13:30:20,23
"A4000000103C4153","DS1925",2026-05-05 13:35:20,23
"A4000000103C4153","DS1925",2026-05-05 13:40:20,23
"A4000000103C4153","DS1925",2026-05-05 13:45:20,23
"A4000000103C4153","DS1925",2026-05-05 13:50:20,23
"A4000000103C4153","DS1925",2026-05-05 13:55:20,23
"A4000000103C4153","DS1925",2026-05-05 14:00:20,23
"A4000000103C4153","DS1925",2026-05-05 14:05:20,23
"A4000000103C4153","DS1925",2026-05-05 14:10:20,23
"A4000000103C4153","DS1925",2026-05-05 14:15:20,23
"A4000000103C4153","DS1925",2026-05-05 14:20:20,23
"A4000000103C4153","DS1925",2026-05-05 14:25:20,23
"A4000000103C4153","DS1925",2026-05-05 14:30:20,23
"A4000000103C4153","DS1925",2026-05-05 14:35:20,23
"A4000000103C4153","DS1925",2026-05-05 14:40:20,23
"A4000000103C4153","DS1925",2026-05-05 14:45:20,23
"A4000000103C4153","DS1925",2026-05-05 14:50:20,23
"A4000000103C4153","DS1925",2026-05-05 14:55:20,23
"A4000000103C4153","DS1925",2026-05-05 15:00:20,23
"A4000000103C4153","DS1925",2026-05-05 15:05:20,23
"A4000000103C4153","DS1925",2026-05-05 15:10:20,23
"A4000000103C4153","DS1925",2026-05-05 15:15:20,22.5
"A4000000103C4153","DS1925",2026-05-05 15:20:20,22.5
"A4000000103C4153","DS1925",2026-05-05 15:25:20,22
"A4000000103C4153","DS1925",2026-05-05 15:30:20,22
"A4000000103C4153","DS1925",2026-05-05 15:35:20,21.5
"A4000000103C4153","DS1925",2026-05-05 15:40:20,21.5
"A4000000103C4153","DS1925",2026-05-05 15:45:20,21
"A4000000103C4153","DS1925",2026-05-05 15:50:20,21
"A4000000103C4153","DS1925",2026-05-05 15:55:20,21
"A4000000103C4153","DS1925",2026-05-05 16:00:20,20.5
"A4000000103C4153","DS1925",2026-05-05 16:05:20,20.5
"A4000000103C4153","DS1925",2026-05-05 16:10:20,20.5
"A4000000103C4153","DS1925",2026-05-05 16:15:20,20.5
"A4000000103C4153","DS1925",2026-05-05 16:20:20,20.5
"A4000000103C4153","DS1925",2026-05-05 16:25:20,20.5
"A4000000103C4153","DS1925",2026-05-05 16:30:20,20.5
"A4000000103C4153","DS1925",2026-05-05 16:35:20,20.5
"A4000000103C4153","DS1925",2026-05-05 16:40:20,20.5
"A4000000103C4153","DS1925",2026-05-05 16:45:20,20.5
"A4000000103C4153","DS1925",2026-05-05 16:50:20,20.5
"A4000000103C4153","DS1925",2026-05-05 16:55:20,20
"A4000000103C4153","DS1925",2026-05-05 17:00:20,20
"A4000000103C4153","DS1925",2026-05-05 17:05:20,20
"A4000000103C4153","DS1925",2026-05-05 17:10:20,20
"A4000000103C4153","DS1925",2026-05-05 17:15:20,19.5
"A4000000103C4153","DS1925",2026-05-05 17:20:20,19.5
"A4000000103C4153","DS1925",2026-05-05 17:25:20,19.5
"A4000000103C4153","DS1925",2026-05-05 17:30:20,19
"A4000000103C4153","DS1925",2026-05-05 17:35:20,19
"A4000000103C4153","DS1925",2026-05-05 17:40:20,19
"A4000000103C4153","DS1925",2026-05-05 17:45:20,19
"A4000000103C4153","DS1925",2026-05-05 17:50:20,18.5
"A4000000103C4153","DS1925",2026-05-05 17:55:20,18.5
"A4000000103C4153","DS1925",2026-05-05 18:00:20,18
"A4000000103C4153","DS1925",2026-05-05 18:05:20,18
"A4000000103C4153","DS1925",2026-05-05 18:10:20,17.5
"A4000000103C4153","DS1925",2026-05-05 18:15:20,17.5
"A4000000103C4153","DS1925",2026-05-05 18:20:20,17.5
"A4000000103C4153","DS1925",2026-05-05 18:25:20,17
"A4000000103C4153","DS1925",2026-05-05 18:30:20,17
"A4000000103C4153","DS1925",2026-05-05 18:35:20,16.5
"A4000000103C4153","DS1925",2026-05-05 18:40:20,16
"A4000000103C4153","DS1925",2026-05-05 18:45:20,16
"A4000000103C4153","DS1925",2026-05-05 18:50:20,15.5
"A4000000103C4153","DS1925",2026-05-05 18:55:20,15.5
"A4000000103C4153","DS1925",2026-05-05 19:00:20,15
"A4000000103C4153","DS1925",2026-05-05 19:05:20,15
"A4000000103C4153","DS1925",2026-05-05 19:10:20,15
"A4000000103C4153","DS1925",2026-05-05 19:15:20,14.5
"A4000000103C4153","DS1925",2026-05-05 19:20:20,14.5
"A4000000103C4153","DS1925",2026-05-05 19:25:20,14.5
"A4000000103C4153","DS1925",2026-05-05 19:30:20,14.5
"A4000000103C4153","DS1925",2026-05-05 19:35:20,14.5
"A4000000103C4153","DS1925",2026-05-05 19:40:20,14.5
"A4000000103C4153","DS1925",2026-05-05 19:45:20,14
"A4000000103C4153","DS1925",2026-05-05 19:50:20,14
"A4000000103C4153","DS1925",2026-05-05 19:55:20,14
"A4000000103C4153","DS1925",2026-05-05 20:00:20,14
"A4000000103C4153","DS1925",2026-05-05 20:05:20,14
"A4000000103C4153","DS1925",2026-05-05 20:10:20,14
"A4000000103C4153","DS1925",2026-05-05 20:15:20,13.5
"A4000000103C4153","DS1925",2026-05-05 20:20:20,13.5
"A4000000103C4153","DS1925",2026-05-05 20:25:20,13.5
"A4000000103C4153","DS1925",2026-05-05 20:30:20,13.5
"A4000000103C4153","DS1925",2026-05-05 20:35:20,13.5
"A4000000103C4153","DS1925",2026-05-05 20:40:20,13
"A4000000103C4153","DS1925",2026-05-05 20:45:20,13
"A4000000103C4153","DS1925",2026-05-05 20:50:20,13
"A4000000103C4153","DS1925",2026-05-05 20:55:20,13
"A4000000103C4153","DS1925",2026-05-05 21:00:20,13
"A4000000103C4153","DS1925",2026-05-05 21:05:20,13
"A4000000103C4153","DS1925",2026-05-05 21:10:20,12.5
"A4000000103C4153","DS1925",2026-05-05 21:15:20,12.5
"A4000000103C4153","DS1925",2026-05-05 21:20:20,12.5
"A4000000103C4153","DS1925",2026-05-05 21:25:20,12.5
"A4000000103C4153","DS1925",2026-05-05 21:30:20,12.5
"A4000000103C4153","DS1925",2026-05-05 21:35:20,12.5
"A4000000103C4153","DS1925",2026-05-05 21:40:20,12
"A4000000103C4153","DS1925",2026-05-05 21:45:20,12
"A4000000103C4153","DS1925",2026-05-05 21:50:20,12
"A4000000103C4153","DS1925",2026-05-05 21:55:20,12
"A4000000103C4153","DS1925",2026-05-05 22:00:20,12
"A4000000103C4153","DS1925",2026-05-05 22:05:20,12
"A4000000103C4153","DS1925",2026-05-05 22:10:20,12
"A4000000103C4153","DS1925",2026-05-05 22:15:20,12
"A4000000103C4153","DS1925",2026-05-05 22:20:20,11.5
"A4000000103C4153","DS1925",2026-05-05 22:25:20,11.5
"A4000000103C4153","DS1925",2026-05-05 22:30:20,11.5
"A4000000103C4153","DS1925",2026-05-05 22:35:20,11.5
"A4000000103C4153","DS1925",2026-05-05 22:40:20,11.5
"A4000000103C4153","DS1925",2026-05-05 22:45:20,11.5
"A4000000103C4153","DS1925",2026-05-05 22:50:20,11.5
"A4000000103C4153","DS1925",2026-05-05 22:55:20,11.5
"A4000000103C4153","DS1925",2026-05-05 23:00:20,11.5
"A4000000103C4153","DS1925",2026-05-05 23:05:20,11
"A4000000103C4153","DS1925",2026-05-05 23:10:20,11
"A4000000103C4153","DS1925",2026-05-05 23:15:20,11
"A4000000103C4153","DS1925",2026-05-05 23:20:20,11
"A4000000103C4153","DS1925",2026-05-05 23:25:20,11
"A4000000103C4153","DS1925",2026-05-05 23:30:20,11
"A4000000103C4153","DS1925",2026-05-05 23:35:20,11
"A4000000103C4153","DS1925",2026-05-05 23:40:20,11
"A4000000103C4153","DS1925",2026-05-05 23:45:20,11
"A4000000103C4153","DS1925",2026-05-05 23:50:20,11
"A4000000103C4153","DS1925",2026-05-05 23:55:20,11
"A4000000103C4153","DS1925",2026-05-06 00:00:20,11
"A4000000103C4153","DS1925",2026-05-06 00:05:20,11
"A4000000103C4153","DS1925",2026-05-06 00:10:20,10.5
"A4000000103C4153","DS1925",2026-05-06 00:15:20,10.5
"A4000000103C4153","DS1925",2026-05-06 00:20:20,10.5
"A4000000103C4153","DS1925",2026-05-06 00:25:20,10.5
"A4000000103C4153","DS1925",2026-05-06 00:30:20,10.5
"A4000000103C4153","DS1925",2026-05-06 00:35:20,10.5
"A4000000103C4153","DS1925",2026-05-06 00:40:20,10.5
"A4000000103C4153","DS1925",2026-05-06 00:45:20,10.5
"A4000000103C4153","DS1925",2026-05-06 00:50:20,10.5
"A4000000103C4153","DS1925",2026-05-06 00:55:20,10.5
"A4000000103C4153","DS1925",2026-05-06 01:00:20,10.5
"A4000000103C4153","DS1925",2026-05-06 01:05:20,10.5
"A4000000103C4153","DS1925",2026-05-06 01:10:20,10.5
"A4000000103C4153","DS1925",2026-05-06 01:15:20,10.5
"A4000000103C4153","DS1925",2026-05-06 01:20:20,10
"A4000000103C4153","DS1925",2026-05-06 01:25:20,10
"A4000000103C4153","DS1925",2026-05-06 01:30:20,10
"A4000000103C4153","DS1925",2026-05-06 01:35:20,10
"A4000000103C4153","DS1925",2026-05-06 01:40:20,10
"A4000000103C4153","DS1925",2026-05-06 01:45:20,10
"A4000000103C4153","DS1925",2026-05-06 01:50:20,10
"A4000000103C4153","DS1925",2026-05-06 01:55:20,10
"A4000000103C4153","DS1925",2026-05-06 02:00:20,10
"A4000000103C4153","DS1925",2026-05-06 02:05:20,10
"A4000000103C4153","DS1925",2026-05-06 02:10:20,9.5
"A4000000103C4153","DS1925",2026-05-06 02:15:20,9.5
"A4000000103C4153","DS1925",2026-05-06 02:20:20,9.5
"A4000000103C4153","DS1925",2026-05-06 02:25:20,9.5
"A4000000103C4153","DS1925",2026-05-06 02:30:20,9.5
"A4000000103C4153","DS1925",2026-05-06 02:35:20,9.5
"A4000000103C4153","DS1925",2026-05-06 02:40:20,9.5
"A4000000103C4153","DS1925",2026-05-06 02:45:20,9.5
"A4000000103C4153","DS1925",2026-05-06 02:50:20,9.5
"A4000000103C4153","DS1925",2026-05-06 02:55:20,9.5
"A4000000103C4153","DS1925",2026-05-06 03:00:20,9.5
"A4000000103C4153","DS1925",2026-05-06 03:05:20,9.5
"A4000000103C4153","DS1925",2026-05-06 03:10:20,9.5
"A4000000103C4153","DS1925",2026-05-06 03:15:20,9
"A4000000103C4153","DS1925",2026-05-06 03:20:20,9.5
"A4000000103C4153","DS1925",2026-05-06 03:25:20,9
"A4000000103C4153","DS1925",2026-05-06 03:30:20,9
"A4000000103C4153","DS1925",2026-05-06 03:35:20,9
"A4000000103C4153","DS1925",2026-05-06 03:40:20,9
"A4000000103C4153","DS1925",2026-05-06 03:45:20,9
"A4000000103C4153","DS1925",2026-05-06 03:50:20,9
"A4000000103C4153","DS1925",2026-05-06 03:55:20,9
"A4000000103C4153","DS1925",2026-05-06 04:00:20,9
"A4000000103C4153","DS1925",2026-05-06 04:05:20,9
"A4000000103C4153","DS1925",2026-05-06 04:10:20,9
"A4000000103C4153","DS1925",2026-05-06 04:15:20,9
"A4000000103C4153","DS1925",2026-05-06 04:20:20,9
"A4000000103C4153","DS1925",2026-05-06 04:25:20,9
"A4000000103C4153","DS1925",2026-05-06 04:30:20,9
"A4000000103C4153","DS1925",2026-05-06 04:35:20,9
"A4000000103C4153","DS1925",2026-05-06 04:40:20,9
"A4000000103C4153","DS1925",2026-05-06 04:45:20,9
"A4000000103C4153","DS1925",2026-05-06 04:50:20,9
"A4000000103C4153","DS1925",2026-05-06 04:55:20,9
"A4000000103C4153","DS1925",2026-05-06 05:00:20,9
"A4000000103C4153","DS1925",2026-05-06 05:05:20,9
"A4000000103C4153","DS1925",2026-05-06 05:10:20,9
"A4000000103C4153","DS1925",2026-05-06 05:15:20,9
"A4000000103C4153","DS1925",2026-05-06 05:20:20,9
"A4000000103C4153","DS1925",2026-05-06 05:25:20,8.5
"A4000000103C4153","DS1925",2026-05-06 05:30:20,8.5
"A4000000103C4153","DS1925",2026-05-06 05:35:20,8.5
"A4000000103C4153","DS1925",2026-05-06 05:40:20,8.5
"A4000000103C4153","DS1925",2026-05-06 05:45:20,8.5
"A4000000103C4153","DS1925",2026-05-06 05:50:20,8.5
"A4000000103C4153","DS1925",2026-05-06 05:55:20,8.5
"A4000000103C4153","DS1925",2026-05-06 06:00:20,8.5
"A4000000103C4153","DS1925",2026-05-06 06:05:20,8.5
"A4000000103C4153","DS1925",2026-05-06 06:10:20,8.5
"A4000000103C4153","DS1925",2026-05-06 06:15:20,8.5
"A4000000103C4153","DS1925",2026-05-06 06:20:20,8.5
"A4000000103C4153","DS1925",2026-05-06 06:25:20,8.5
"A4000000103C4153","DS1925",2026-05-06 06:30:20,8.5
"A4000000103C4153","DS1925",2026-05-06 06:35:20,8.5
"A4000000103C4153","DS1925",2026-05-06 06:40:20,8.5
"A4000000103C4153","DS1925",2026-05-06 06:45:20,8.5
"A4000000103C4153","DS1925",2026-05-06 06:50:20,8.5
"A4000000103C4153","DS1925",2026-05-06 06:55:20,8.5
"A4000000103C4153","DS1925",2026-05-06 07:00:20,8.5
"A4000000103C4153","DS1925",2026-05-06 07:05:20,8.5
"A4000000103C4153","DS1925",2026-05-06 07:10:20,8.5
"A4000000103C4153","DS1925",2026-05-06 07:15:20,8.5
"A4000000103C4153","DS1925",2026-05-06 07:20:20,8.5
"A4000000103C4153","DS1925",2026-05-06 07:25:20,8.5
"A4000000103C4153","DS1925",2026-05-06 07:30:20,8.5
"A4000000103C4153","DS1925",2026-05-06 07:35:20,8.5
"A4000000103C4153","DS1925",2026-05-06 07:40:20,9
"A4000000103C4153","DS1925",2026-05-06 07:45:20,9
"A4000000103C4153","DS1925",2026-05-06 07:50:20,9
"A4000000103C4153","DS1925",2026-05-06 07:55:20,9
"A4000000103C4153","DS1925",2026-05-06 08:00:20,9
"A4000000103C4153","DS1925",2026-05-06 08:05:20,9
"A4000000103C4153","DS1925",2026-05-06 08:10:20,9
"A4000000103C4153","DS1925",2026-05-06 08:15:20,9
"A4000000103C4153","DS1925",2026-05-06 08:20:20,9
"A4000000103C4153","DS1925",2026-05-06 08:25:20,9
"A4000000103C4153","DS1925",2026-05-06 08:30:20,9
"A4000000103C4153","DS1925",2026-05-06 08:35:20,9
"A4000000103C4153","DS1925",2026-05-06 08:40:20,9
"A4000000103C4153","DS1925",2026-05-06 08:45:20,9
"A4000000103C4153","DS1925",2026-05-06 08:50:20,9
"A4000000103C4153","DS1925",2026-05-06 08:55:20,9
"A4000000103C4153","DS1925",2026-05-06 09:00:20,9
"A4000000103C4153","DS1925",2026-05-06 09:05:20,9
"A4000000103C4153","DS1925",2026-05-06 09:10:20,9.5
"A4000000103C4153","DS1925",2026-05-06 09:15:20,9.5
"A4000000103C4153","DS1925",2026-05-06 09:20:20,9.5
"A4000000103C4153","DS1925",2026-05-06 09:25:20,9.5
"A4000000103C4153","DS1925",2026-05-06 09:30:20,9.5
"A4000000103C4153","DS1925",2026-05-06 09:35:20,9.5
"A4000000103C4153","DS1925",2026-05-06 09:40:20,9.5
"A4000000103C4153","DS1925",2026-05-06 09:45:20,9.5
"A4000000103C4153","DS1925",2026-05-06 09:50:20,10
"A4000000103C4153","DS1925",2026-05-06 09:55:20,10
"A4000000103C4153","DS1925",2026-05-06 10:00:20,10
"A4000000103C4153","DS1925",2026-05-06 10:05:20,10
"A4000000103C4153","DS1925",2026-05-06 10:10:20,10
"A4000000103C4153","DS1925",2026-05-06 10:15:20,10
"A4000000103C4153","DS1925",2026-05-06 10:20:20,10
"A4000000103C4153","DS1925",2026-05-06 10:25:20,10
"A4000000103C4153","DS1925",2026-05-06 10:30:20,10.5
"A4000000103C4153","DS1925",2026-05-06 10:35:20,10.5
"A4000000103C4153","DS1925",2026-05-06 10:40:20,10.5
"A4000000103C4153","DS1925",2026-05-06 10:45:20,10.5
"A4000000103C4153","DS1925",2026-05-06 10:50:20,10.5
"A4000000103C4153","DS1925",2026-05-06 10:55:20,10.5
"A4000000103C4153","DS1925",2026-05-06 11:00:20,11
"A4000000103C4153","DS1925",2026-05-06 11:05:20,11
"A4000000103C4153","DS1925",2026-05-06 11:10:20,11
"A4000000103C4153","DS1925",2026-05-06 11:15:20,11
"A4000000103C4153","DS1925",2026-05-06 11:20:20,11
"A4000000103C4153","DS1925",2026-05-06 11:25:20,11.5
"A4000000103C4153","DS1925",2026-05-06 11:30:20,11.5
"A4000000103C4153","DS1925",2026-05-06 11:35:20,11.5
"A4000000103C4153","DS1925",2026-05-06 11:40:20,12
"A4000000103C4153","DS1925",2026-05-06 11:45:20,12
"A4000000103C4153","DS1925",2026-05-06 11:50:20,12
"A4000000103C4153","DS1925",2026-05-06 11:55:20,12
"A4000000103C4153","DS1925",2026-05-06 12:00:20,12.5
"A4000000103C4153","DS1925",2026-05-06 12:05:20,12.5
"A4000000103C4153","DS1925",2026-05-06 12:10:20,12.5
"A4000000103C4153","DS1925",2026-05-06 12:15:20,12.5
"A4000000103C4153","DS1925",2026-05-06 12:20:20,12.5
"A4000000103C4153","DS1925",2026-05-06 12:25:20,12.5
"A4000000103C4153","DS1925",2026-05-06 12:30:20,12.5
"A4000000103C4153","DS1925",2026-05-06 12:35:20,12.5
"A4000000103C4153","DS1925",2026-05-06 12:40:20,12.5
"A4000000103C4153","DS1925",2026-05-06 12:45:20,12.5
"A4000000103C4153","DS1925",2026-05-06 12:50:20,12.5
"A4000000103C4153","DS1925",2026-05-06 12:55:20,12.5
"A4000000103C4153","DS1925",2026-05-06 13:00:20,12.5
"A4000000103C4153","DS1925",2026-05-06 13:05:20,12.5
"A4000000103C4153","DS1925",2026-05-06 13:10:20,12.5
"A4000000103C4153","DS1925",2026-05-06 13:15:20,12.5
"A4000000103C4153","DS1925",2026-05-06 13:20:20,12.5
"A4000000103C4153","DS1925",2026-05-06 13:25:20,12.5
"A4000000103C4153","DS1925",2026-05-06 13:30:20,12.5
"A4000000103C4153","DS1925",2026-05-06 13:35:20,12.5
"A4000000103C4153","DS1925",2026-05-06 13:40:20,13
"A4000000103C4153","DS1925",2026-05-06 13:45:20,13
"A4000000103C4153","DS1925",2026-05-06 13:50:20,13.5
"A4000000103C4153","DS1925",2026-05-06 13:55:20,13.5
"A4000000103C4153","DS1925",2026-05-06 14:00:20,14
"A4000000103C4153","DS1925",2026-05-06 14:05:20,14.5
"A4000000103C4153","DS1925",2026-05-06 14:10:20,15
"A4000000103C4153","DS1925",2026-05-06 14:15:20,15
"A4000000103C4153","DS1925",2026-05-06 14:20:20,15.5
"A4000000103C4153","DS1925",2026-05-06 14:25:20,15.5
"A4000000103C4153","DS1925",2026-05-06 14:30:20,15.5
"A4000000103C4153","DS1925",2026-05-06 14:35:20,16
"A4000000103C4153","DS1925",2026-05-06 14:40:20,16
"A4000000103C4153","DS1925",2026-05-06 14:45:20,16
"A4000000103C4153","DS1925",2026-05-06 14:50:20,16
"A4000000103C4153","DS1925",2026-05-06 14:55:20,16.5
"A4000000103C4153","DS1925",2026-05-06 15:00:20,16.5
"A4000000103C4153","DS1925",2026-05-06 15:05:20,16.5
"A4000000103C4153","DS1925",2026-05-06 15:10:20,17
"A4000000103C4153","DS1925",2026-05-06 15:15:20,17
"A4000000103C4153","DS1925",2026-05-06 15:20:20,17
"A4000000103C4153","DS1925",2026-05-06 15:25:20,17.5
"A4000000103C4153","DS1925",2026-05-06 15:30:20,17.5
"A4000000103C4153","DS1925",2026-05-06 15:35:20,18
"A4000000103C4153","DS1925",2026-05-06 15:40:20,18.5
"A4000000103C4153","DS1925",2026-05-06 15:45:20,18.5
"A4000000103C4153","DS1925",2026-05-06 15:50:20,19
"A4000000103C4153","DS1925",2026-05-06 15:55:20,19
"A4000000103C4153","DS1925",2026-05-06 16:00:20,19
"A4000000103C4153","DS1925",2026-05-06 16:05:20,19
"A4000000103C4153","DS1925",2026-05-06 16:10:20,19
"A4000000103C4153","DS1925",2026-05-06 16:15:20,19
"A4000000103C4153","DS1925",2026-05-06 16:20:20,19
"A4000000103C4153","DS1925",2026-05-06 16:25:20,19
"A4000000103C4153","DS1925",2026-05-06 16:30:20,19
"A4000000103C4153","DS1925",2026-05-06 16:35:20,19
"A4000000103C4153","DS1925",2026-05-06 16:40:20,19
"A4000000103C4153","DS1925",2026-05-06 16:45:20,19
"A4000000103C4153","DS1925",2026-05-06 16:50:20,18.5
"A4000000103C4153","DS1925",2026-05-06 16:55:20,18.5
"A4000000103C4153","DS1925",2026-05-06 17:00:20,18
"A4000000103C4153","DS1925",2026-05-06 17:05:20,18
"A4000000103C4153","DS1925",2026-05-06 17:10:20,17.5
"A4000000103C4153","DS1925",2026-05-06 17:15:20,17.5
"A4000000103C4153","DS1925",2026-05-06 17:20:20,17
"A4000000103C4153","DS1925",2026-05-06 17:25:20,17
"A4000000103C4153","DS1925",2026-05-06 17:30:20,16.5
"A4000000103C4153","DS1925",2026-05-06 17:35:20,16.5
"A4000000103C4153","DS1925",2026-05-06 17:40:20,16
"A4000000103C4153","DS1925",2026-05-06 17:45:20,16
"A4000000103C4153","DS1925",2026-05-06 17:50:20,16
"A4000000103C4153","DS1925",2026-05-06 17:55:20,15.5
"A4000000103C4153","DS1925",2026-05-06 18:00:20,15.5
"A4000000103C4153","DS1925",2026-05-06 18:05:20,15
"A4000000103C4153","DS1925",2026-05-06 18:10:20,15
"A4000000103C4153","DS1925",2026-05-06 18:15:20,15
"A4000000103C4153","DS1925",2026-05-06 18:20:20,14.5
"A4000000103C4153","DS1925",2026-05-06 18:25:20,14.5
"A4000000103C4153","DS1925",2026-05-06 18:30:20,14.5
"A4000000103C4153","DS1925",2026-05-06 18:35:20,14
"A4000000103C4153","DS1925",2026-05-06 18:40:20,14
"A4000000103C4153","DS1925",2026-05-06 18:45:20,14
"A4000000103C4153","DS1925",2026-05-06 18:50:20,14
"A4000000103C4153","DS1925",2026-05-06 18:55:20,13.5
"A4000000103C4153","DS1925",2026-05-06 19:00:20,13.5
"A4000000103C4153","DS1925",2026-05-06 19:05:20,13.5
"A4000000103C4153","DS1925",2026-05-06 19:10:20,13.5
"A4000000103C4153","DS1925",2026-05-06 19:15:20,13.5
"A4000000103C4153","DS1925",2026-05-06 19:20:20,13
"A4000000103C4153","DS1925",2026-05-06 19:25:20,13
"A4000000103C4153","DS1925",2026-05-06 19:30:20,13
"A4000000103C4153","DS1925",2026-05-06 19:35:20,13
"A4000000103C4153","DS1925",2026-05-06 19:40:20,12.5
"A4000000103C4153","DS1925",2026-05-06 19:45:20,12.5
"A4000000103C4153","DS1925",2026-05-06 19:50:20,12.5
"A4000000103C4153","DS1925",2026-05-06 19:55:20,12.5
"A4000000103C4153","DS1925",2026-05-06 20:00:20,12
"A4000000103C4153","DS1925",2026-05-06 20:05:20,12
"A4000000103C4153","DS1925",2026-05-06 20:10:20,12
"A4000000103C4153","DS1925",2026-05-06 20:15:20,12
"A4000000103C4153","DS1925",2026-05-06 20:20:20,11.5
"A4000000103C4153","DS1925",2026-05-06 20:25:20,11.5
"A4000000103C4153","DS1925",2026-05-06 20:30:20,11.5
"A4000000103C4153","DS1925",2026-05-06 20:35:20,11.5
"A4000000103C4153","DS1925",2026-05-06 20:40:20,11
"A4000000103C4153","DS1925",2026-05-06 20:45:20,11
"A4000000103C4153","DS1925",2026-05-06 20:50:20,11
"A4000000103C4153","DS1925",2026-05-06 20:55:20,11
"A4000000103C4153","DS1925",2026-05-06 21:00:20,11
"A4000000103C4153","DS1925",2026-05-06 21:05:20,11
"A4000000103C4153","DS1925",2026-05-06 21:10:20,11
"A4000000103C4153","DS1925",2026-05-06 21:15:20,10.5
"A4000000103C4153","DS1925",2026-05-06 21:20:20,10.5
"A4000000103C4153","DS1925",2026-05-06 21:25:20,10.5
"A4000000103C4153","DS1925",2026-05-06 21:30:20,10.5
"A4000000103C4153","DS1925",2026-05-06 21:35:20,10.5
"A4000000103C4153","DS1925",2026-05-06 21:40:20,10.5
"A4000000103C4153","DS1925",2026-05-06 21:45:20,10.5
"A4000000103C4153","DS1925",2026-05-06 21:50:20,10.5
"A4000000103C4153","DS1925",2026-05-06 21:55:20,10.5
"A4000000103C4153","DS1925",2026-05-06 22:00:20,10.5
"A4000000103C4153","DS1925",2026-05-06 22:05:20,10.5
"A4000000103C4153","DS1925",2026-05-06 22:10:20,10.5
"A4000000103C4153","DS1925",2026-05-06 22:15:20,10
"A4000000103C4153","DS1925",2026-05-06 22:20:20,10
"A4000000103C4153","DS1925",2026-05-06 22:25:20,10
"A4000000103C4153","DS1925",2026-05-06 22:30:20,10
"A4000000103C4153","DS1925",2026-05-06 22:35:20,10
"A4000000103C4153","DS1925",2026-05-06 22:40:20,10
"A4000000103C4153","DS1925",2026-05-06 22:45:20,10
"A4000000103C4153","DS1925",2026-05-06 22:50:20,10
"A4000000103C4153","DS1925",2026-05-06 22:55:20,10
"A4000000103C4153","DS1925",2026-05-06 23:00:20,10
"A4000000103C4153","DS1925",2026-05-06 23:05:20,10
"A4000000103C4153","DS1925",2026-05-06 23:10:20,10
"A4000000103C4153","DS1925",2026-05-06 23:15:20,10
"A4000000103C4153","DS1925",2026-05-06 23:20:20,9.5
"A4000000103C4153","DS1925",2026-05-06 23:25:20,9.5
"A4000000103C4153","DS1925",2026-05-06 23:30:20,9.5
"A4000000103C4153","DS1925",2026-05-06 23:35:20,9.5
"A4000000103C4153","DS1925",2026-05-06 23:40:20,9.5
"A4000000103C4153","DS1925",2026-05-06 23:45:20,9.5
"A4000000103C4153","DS1925",2026-05-06 23:50:20,9
"A4000000103C4153","DS1925",2026-05-06 23:55:20,9
"A4000000103C4153","DS1925",2026-05-07 00:00:20,9
"A4000000103C4153","DS1925",2026-05-07 00:05:20,9
"A4000000103C4153","DS1925",2026-05-07 00:10:20,9
"A4000000103C4153","DS1925",2026-05-07 00:15:20,9
"A4000000103C4153","DS1925",2026-05-07 00:20:20,9
"A4000000103C4153","DS1925",2026-05-07 00:25:20,9
"A4000000103C4153","DS1925",2026-05-07 00:30:20,9
"A4000000103C4153","DS1925",2026-05-07 00:35:20,9
"A4000000103C4153","DS1925",2026-05-07 00:40:20,9
"A4000000103C4153","DS1925",2026-05-07 00:45:20,9
"A4000000103C4153","DS1925",2026-05-07 00:50:20,9
"A4000000103C4153","DS1925",2026-05-07 00:55:20,9
"A4000000103C4153","DS1925",2026-05-07 01:00:20,9
"A4000000103C4153","DS1925",2026-05-07 01:05:20,9
"A4000000103C4153","DS1925",2026-05-07 01:10:20,8.5
"A4000000103C4153","DS1925",2026-05-07 01:15:20,8.5
"A4000000103C4153","DS1925",2026-05-07 01:20:20,8.5
"A4000000103C4153","DS1925",2026-05-07 01:25:20,8.5
"A4000000103C4153","DS1925",2026-05-07 01:30:20,8.5
"A4000000103C4153","DS1925",2026-05-07 01:35:20,8.5
"A4000000103C4153","DS1925",2026-05-07 01:40:20,8.5
"A4000000103C4153","DS1925",2026-05-07 01:45:20,8
"A4000000103C4153","DS1925",2026-05-07 01:50:20,8
"A4000000103C4153","DS1925",2026-05-07 01:55:20,8
"A4000000103C4153","DS1925",2026-05-07 02:00:20,8
"A4000000103C4153","DS1925",2026-05-07 02:05:20,8
"A4000000103C4153","DS1925",2026-05-07 02:10:20,8
"A4000000103C4153","DS1925",2026-05-07 02:15:20,8
"A4000000103C4153","DS1925",2026-05-07 02:20:20,7.5
"A4000000103C4153","DS1925",2026-05-07 02:25:20,7.5
"A4000000103C4153","DS1925",2026-05-07 02:30:20,7.5
"A4000000103C4153","DS1925",2026-05-07 02:35:20,7.5
"A4000000103C4153","DS1925",2026-05-07 02:40:20,7.5
"A4000000103C4153","DS1925",2026-05-07 02:45:20,7.5
"A4000000103C4153","DS1925",2026-05-07 02:50:20,7.5
"A4000000103C4153","DS1925",2026-05-07 02:55:20,7
"A4000000103C4153","DS1925",2026-05-07 03:00:20,7
"A4000000103C4153","DS1925",2026-05-07 03:05:20,7
"A4000000103C4153","DS1925",2026-05-07 03:10:20,7
"A4000000103C4153","DS1925",2026-05-07 03:15:20,7
"A4000000103C4153","DS1925",2026-05-07 03:20:20,7
"A4000000103C4153","DS1925",2026-05-07 03:25:20,7
"A4000000103C4153","DS1925",2026-05-07 03:30:20,6.5
"A4000000103C4153","DS1925",2026-05-07 03:35:20,6.5
"A4000000103C4153","DS1925",2026-05-07 03:40:20,6.5
"A4000000103C4153","DS1925",2026-05-07 03:45:20,6.5
"A4000000103C4153","DS1925",2026-05-07 03:50:20,6.5
"A4000000103C4153","DS1925",2026-05-07 03:55:20,6.5
"A4000000103C4153","DS1925",2026-05-07 04:00:20,6.5
"A4000000103C4153","DS1925",2026-05-07 04:05:20,6.5
"A4000000103C4153","DS1925",2026-05-07 04:10:20,6.5
"A4000000103C4153","DS1925",2026-05-07 04:15:20,6.5
"A4000000103C4153","DS1925",2026-05-07 04:20:20,6.5
"A4000000103C4153","DS1925",2026-05-07 04:25:20,6
"A4000000103C4153","DS1925",2026-05-07 04:30:20,6
"A4000000103C4153","DS1925",2026-05-07 04:35:20,6
"A4000000103C4153","DS1925",2026-05-07 04:40:20,6
"A4000000103C4153","DS1925",2026-05-07 04:45:20,6
"A4000000103C4153","DS1925",2026-05-07 04:50:20,6
"A4000000103C4153","DS1925",2026-05-07 04:55:20,6
"A4000000103C4153","DS1925",2026-05-07 05:00:20,6
"A4000000103C4153","DS1925",2026-05-07 05:05:20,6
"A4000000103C4153","DS1925",2026-05-07 05:10:20,5.5
"A4000000103C4153","DS1925",2026-05-07 05:15:20,5.5
"A4000000103C4153","DS1925",2026-05-07 05:20:20,5.5
"A4000000103C4153","DS1925",2026-05-07 05:25:20,5.5
"A4000000103C4153","DS1925",2026-05-07 05:30:20,5.5
"A4000000103C4153","DS1925",2026-05-07 05:35:20,5.5
"A4000000103C4153","DS1925",2026-05-07 05:40:20,5
"A4000000103C4153","DS1925",2026-05-07 05:45:20,5
"A4000000103C4153","DS1925",2026-05-07 05:50:20,5
"A4000000103C4153","DS1925",2026-05-07 05:55:20,5
"A4000000103C4153","DS1925",2026-05-07 06:00:20,5
"A4000000103C4153","DS1925",2026-05-07 06:05:20,5
"A4000000103C4153","DS1925",2026-05-07 06:10:20,5
"A4000000103C4153","DS1925",2026-05-07 06:15:20,4.5
"A4000000103C4153","DS1925",2026-05-07 06:20:20,4.5
"A4000000103C4153","DS1925",2026-05-07 06:25:20,4.5
"A4000000103C4153","DS1925",2026-05-07 06:30:20,5
"A4000000103C4153","DS1925",2026-05-07 06:35:20,5
"A4000000103C4153","DS1925",2026-05-07 06:40:20,5
"A4000000103C4153","DS1925",2026-05-07 06:45:20,5
"A4000000103C4153","DS1925",2026-05-07 06:50:20,5
"A4000000103C4153","DS1925",2026-05-07 06:55:20,5
"A4000000103C4153","DS1925",2026-05-07 07:00:20,5
"A4000000103C4153","DS1925",2026-05-07 07:05:20,5
"A4000000103C4153","DS1925",2026-05-07 07:10:20,5
"A4000000103C4153","DS1925",2026-05-07 07:15:20,5
"A4000000103C4153","DS1925",2026-05-07 07:20:20,5
"A4000000103C4153","DS1925",2026-05-07 07:25:20,5.5
"A4000000103C4153","DS1925",2026-05-07 07:30:20,5.5
"A4000000103C4153","DS1925",2026-05-07 07:35:20,5.5
"A4000000103C4153","DS1925",2026-05-07 07:40:20,5.5
"A4000000103C4153","DS1925",2026-05-07 07:45:20,5.5
"A4000000103C4153","DS1925",2026-05-07 07:50:20,5.5
"A4000000103C4153","DS1925",2026-05-07 07:55:20,5.5
"A4000000103C4153","DS1925",2026-05-07 08:00:20,5.5
"A4000000103C4153","DS1925",2026-05-07 08:05:20,5.5
"A4000000103C4153","DS1925",2026-05-07 08:10:20,5.5
"A4000000103C4153","DS1925",2026-05-07 08:15:20,5.5
"A4000000103C4153","DS1925",2026-05-07 08:20:20,6
"A4000000103C4153","DS1925",2026-05-07 08:25:20,6
"A4000000103C4153","DS1925",2026-05-07 08:30:20,6
"A4000000103C4153","DS1925",2026-05-07 08:35:20,6
"A4000000103C4153","DS1925",2026-05-07 08:40:20,6.5
"A4000000103C4153","DS1925",2026-05-07 08:45:20,6.5
"A4000000103C4153","DS1925",2026-05-07 08:50:20,6.5
"A4000000103C4153","DS1925",2026-05-07 08:55:20,7
"A4000000103C4153","DS1925",2026-05-07 09:00:20,7
"A4000000103C4153","DS1925",2026-05-07 09:05:20,7
"A4000000103C4153","DS1925",2026-05-07 09:10:20,7
"A4000000103C4153","DS1925",2026-05-07 09:15:20,7.5
"A4000000103C4153","DS1925",2026-05-07 09:20:20,7.5
"A4000000103C4153","DS1925",2026-05-07 09:25:20,8
"A4000000103C4153","DS1925",2026-05-07 09:30:20,8
"A4000000103C4153","DS1925",2026-05-07 09:35:20,8.5
"A4000000103C4153","DS1925",2026-05-07 09:40:20,8.5
"A4000000103C4153","DS1925",2026-05-07 09:45:20,9
"A4000000103C4153","DS1925",2026-05-07 09:50:20,9.5
"A4000000103C4153","DS1925",2026-05-07 09:55:20,9.5
"A4000000103C4153","DS1925",2026-05-07 10:00:20,10
"A4000000103C4153","DS1925",2026-05-07 10:05:20,10.5
"A4000000103C4153","DS1925",2026-05-07 10:10:20,10.5
"A4000000103C4153","DS1925",2026-05-07 10:15:20,11
"A4000000103C4153","DS1925",2026-05-07 10:20:20,11
"A4000000103C4153","DS1925",2026-05-07 10:25:20,11.5
"A4000000103C4153","DS1925",2026-05-07 10:30:20,11.5
"A4000000103C4153","DS1925",2026-05-07 10:35:20,12
"A4000000103C4153","DS1925",2026-05-07 10:40:20,12
"A4000000103C4153","DS1925",2026-05-07 10:45:20,12
"A4000000103C4153","DS1925",2026-05-07 10:50:20,12
"A4000000103C4153","DS1925",2026-05-07 10:55:20,12
"A4000000103C4153","DS1925",2026-05-07 11:00:20,12
"A4000000103C4153","DS1925",2026-05-07 11:05:20,12.5
"A4000000103C4153","DS1925",2026-05-07 11:10:20,12.5
"A4000000103C4153","DS1925",2026-05-07 11:15:20,13
"A4000000103C4153","DS1925",2026-05-07 11:20:20,13
"A4000000103C4153","DS1925",2026-05-07 11:25:20,13
"A4000000103C4153","DS1925",2026-05-07 11:30:20,13
"A4000000103C4153","DS1925",2026-05-07 11:35:20,13.5
"A4000000103C4153","DS1925",2026-05-07 11:40:20,14
"A4000000103C4153","DS1925",2026-05-07 11:45:20,14
"A4000000103C4153","DS1925",2026-05-07 11:50:20,14.5
"A4000000103C4153","DS1925",2026-05-07 11:55:20,15
"A4000000103C4153","DS1925",2026-05-07 12:00:20,15
"A4000000103C4153","DS1925",2026-05-07 12:05:20,15.5
"A4000000103C4153","DS1925",2026-05-07 12:10:20,16
"A4000000103C4153","DS1925",2026-05-07 12:15:20,16.5
"A4000000103C4153","DS1925",2026-05-07 12:20:20,16.5
"A4000000103C4153","DS1925",2026-05-07 12:25:20,16.5
"A4000000103C4153","DS1925",2026-05-07 12:30:20,16.5
"A4000000103C4153","DS1925",2026-05-07 12:35:20,16.5
"A4000000103C4153","DS1925",2026-05-07 12:40:20,16.5
"A4000000103C4153","DS1925",2026-05-07 12:45:20,16.5
"A4000000103C4153","DS1925",2026-05-07 12:50:20,16.5
"A4000000103C4153","DS1925",2026-05-07 12:55:20,17
"A4000000103C4153","DS1925",2026-05-07 13:00:20,17
"A4000000103C4153","DS1925",2026-05-07 13:05:20,17
"A4000000103C4153","DS1925",2026-05-07 13:10:20,17.5
"A4000000103C4153","DS1925",2026-05-07 13:15:20,17.5
"A4000000103C4153","DS1925",2026-05-07 13:20:20,18
"A4000000103C4153","DS1925",2026-05-07 13:25:20,18
"A4000000103C4153","DS1925",2026-05-07 13:30:20,18.5
"A4000000103C4153","DS1925",2026-05-07 13:35:20,18.5
"A4000000103C4153","DS1925",2026-05-07 13:40:20,19
"A4000000103C4153","DS1925",2026-05-07 13:45:20,19
"A4000000103C4153","DS1925",2026-05-07 13:50:20,19
"A4000000103C4153","DS1925",2026-05-07 13:55:20,19.5
"A4000000103C4153","DS1925",2026-05-07 14:00:20,19.5
"A4000000103C4153","DS1925",2026-05-07 14:05:20,19
"A4000000103C4153","DS1925",2026-05-07 14:10:20,19
"A4000000103C4153","DS1925",2026-05-07 14:15:20,19.5
"A4000000103C4153","DS1925",2026-05-07 14:20:20,19
"A4000000103C4153","DS1925",2026-05-07 14:25:20,19
"A4000000103C4153","DS1925",2026-05-07 14:30:20,19
"A4000000103C4153","DS1925",2026-05-07 14:35:20,19
"A4000000103C4153","DS1925",2026-05-07 14:40:20,19
"A4000000103C4153","DS1925",2026-05-07 14:45:20,19
"A4000000103C4153","DS1925",2026-05-07 14:50:20,19
"A4000000103C4153","DS1925",2026-05-07 14:55:20,19
"A4000000103C4153","DS1925",2026-05-07 15:00:20,19
"A4000000103C4153","DS1925",2026-05-07 15:05:20,19
"A4000000103C4153","DS1925",2026-05-07 15:10:20,19
"A4000000103C4153","DS1925",2026-05-07 15:15:20,19.5
"A4000000103C4153","DS1925",2026-05-07 15:20:20,20
"A4000000103C4153","DS1925",2026-05-07 15:25:20,20
"A4000000103C4153","DS1925",2026-05-07 15:30:20,20.5
"A4000000103C4153","DS1925",2026-05-07 15:35:20,20.5
"A4000000103C4153","DS1925",2026-05-07 15:40:20,20.5
"A4000000103C4153","DS1925",2026-05-07 15:45:20,20.5
"A4000000103C4153","DS1925",2026-05-07 15:50:20,20.5
"A4000000103C4153","DS1925",2026-05-07 15:55:20,20.5
"A4000000103C4153","DS1925",2026-05-07 16:00:20,20.5
"A4000000103C4153","DS1925",2026-05-07 16:05:20,20.5
"A4000000103C4153","DS1925",2026-05-07 16:10:20,20.5
"A4000000103C4153","DS1925",2026-05-07 16:15:20,20.5
"A4000000103C4153","DS1925",2026-05-07 16:20:20,20.5
"A4000000103C4153","DS1925",2026-05-07 16:25:20,21
"A4000000103C4153","DS1925",2026-05-07 16:30:20,21
"A4000000103C4153","DS1925",2026-05-07 16:35:20,21
"A4000000103C4153","DS1925",2026-05-07 16:40:20,21
"A4000000103C4153","DS1925",2026-05-07 16:45:20,21
"A4000000103C4153","DS1925",2026-05-07 16:50:20,21
"A4000000103C4153","DS1925",2026-05-07 16:55:20,20.5
"A4000000103C4153","DS1925",2026-05-07 17:00:20,20.5
"A4000000103C4153","DS1925",2026-05-07 17:05:20,20
"A4000000103C4153","DS1925",2026-05-07 17:10:20,20
"A4000000103C4153","DS1925",2026-05-07 17:15:20,20
"A4000000103C4153","DS1925",2026-05-07 17:20:20,19.5
"A4000000103C4153","DS1925",2026-05-07 17:25:20,19.5
"A4000000103C4153","DS1925",2026-05-07 17:30:20,19
"A4000000103C4153","DS1925",2026-05-07 17:35:20,19
"A4000000103C4153","DS1925",2026-05-07 17:40:20,18.5
"A4000000103C4153","DS1925",2026-05-07 17:45:20,18
"A4000000103C4153","DS1925",2026-05-07 17:50:20,18
"A4000000103C4153","DS1925",2026-05-07 17:55:20,17.5
"A4000000103C4153","DS1925",2026-05-07 18:00:20,17.5
"A4000000103C4153","DS1925",2026-05-07 18:05:20,17
"A4000000103C4153","DS1925",2026-05-07 18:10:20,16.5
"A4000000103C4153","DS1925",2026-05-07 18:15:20,16.5
"A4000000103C4153","DS1925",2026-05-07 18:20:20,16
"A4000000103C4153","DS1925",2026-05-07 18:25:20,16
"A4000000103C4153","DS1925",2026-05-07 18:30:20,15.5
"A4000000103C4153","DS1925",2026-05-07 18:35:20,15.5
"A4000000103C4153","DS1925",2026-05-07 18:40:20,15
"A4000000103C4153","DS1925",2026-05-07 18:45:20,15
"A4000000103C4153","DS1925",2026-05-07 18:50:20,15
"A4000000103C4153","DS1925",2026-05-07 18:55:20,14.5
"A4000000103C4153","DS1925",2026-05-07 19:00:20,14.5
"A4000000103C4153","DS1925",2026-05-07 19:05:20,14
"A4000000103C4153","DS1925",2026-05-07 19:10:20,14
"A4000000103C4153","DS1925",2026-05-07 19:15:20,14
"A4000000103C4153","DS1925",2026-05-07 19:20:20,14
"A4000000103C4153","DS1925",2026-05-07 19:25:20,13.5
"A4000000103C4153","DS1925",2026-05-07 19:30:20,13.5
"A4000000103C4153","DS1925",2026-05-07 19:35:20,13.5
"A4000000103C4153","DS1925",2026-05-07 19:40:20,13.5
"A4000000103C4153","DS1925",2026-05-07 19:45:20,13
"A4000000103C4153","DS1925",2026-05-07 19:50:20,13
"A4000000103C4153","DS1925",2026-05-07 19:55:20,13
"A4000000103C4153","DS1925",2026-05-07 20:00:20,13
"A4000000103C4153","DS1925",2026-05-07 20:05:20,12.5
"A4000000103C4153","DS1925",2026-05-07 20:10:20,12.5
"A4000000103C4153","DS1925",2026-05-07 20:15:20,12.5
"A4000000103C4153","DS1925",2026-05-07 20:20:20,12
"A4000000103C4153","DS1925",2026-05-07 20:25:20,12
"A4000000103C4153","DS1925",2026-05-07 20:30:20,12
"A4000000103C4153","DS1925",2026-05-07 20:35:20,12
"A4000000103C4153","DS1925",2026-05-07 20:40:20,11.5
"A4000000103C4153","DS1925",2026-05-07 20:45:20,11.5
"A4000000103C4153","DS1925",2026-05-07 20:50:20,11.5
"A4000000103C4153","DS1925",2026-05-07 20:55:20,11.5
"A4000000103C4153","DS1925",2026-05-07 21:00:20,11
"A4000000103C4153","DS1925",2026-05-07 21:05:20,11
"A4000000103C4153","DS1925",2026-05-07 21:10:20,11
"A4000000103C4153","DS1925",2026-05-07 21:15:20,11
"A4000000103C4153","DS1925",2026-05-07 21:20:20,10.5
"A4000000103C4153","DS1925",2026-05-07 21:25:20,10.5
"A4000000103C4153","DS1925",2026-05-07 21:30:20,10.5
"A4000000103C4153","DS1925",2026-05-07 21:35:20,10.5
"A4000000103C4153","DS1925",2026-05-07 21:40:20,10
"A4000000103C4153","DS1925",2026-05-07 21:45:20,10
"A4000000103C4153","DS1925",2026-05-07 21:50:20,10
"A4000000103C4153","DS1925",2026-05-07 21:55:20,10
"A4000000103C4153","DS1925",2026-05-07 22:00:20,10
"A4000000103C4153","DS1925",2026-05-07 22:05:20,9.5
"A4000000103C4153","DS1925",2026-05-07 22:10:20,9.5
"A4000000103C4153","DS1925",2026-05-07 22:15:20,9.5
"A4000000103C4153","DS1925",2026-05-07 22:20:20,9.5
"A4000000103C4153","DS1925",2026-05-07 22:25:20,9
"A4000000103C4153","DS1925",2026-05-07 22:30:20,9
"A4000000103C4153","DS1925",2026-05-07 22:35:20,9
"A4000000103C4153","DS1925",2026-05-07 22:40:20,9
"A4000000103C4153","DS1925",2026-05-07 22:45:20,8.5
"A4000000103C4153","DS1925",2026-05-07 22:50:20,8.5
"A4000000103C4153","DS1925",2026-05-07 22:55:20,8.5
"A4000000103C4153","DS1925",2026-05-07 23:00:20,8.5
"A4000000103C4153","DS1925",2026-05-07 23:05:20,8.5
"A4000000103C4153","DS1925",2026-05-07 23:10:20,8.5
"A4000000103C4153","DS1925",2026-05-07 23:15:20,8
"A4000000103C4153","DS1925",2026-05-07 23:20:20,8
"A4000000103C4153","DS1925",2026-05-07 23:25:20,8
"A4000000103C4153","DS1925",2026-05-07 23:30:20,8
"A4000000103C4153","DS1925",2026-05-07 23:35:20,8
"A4000000103C4153","DS1925",2026-05-07 23:40:20,7.5
"A4000000103C4153","DS1925",2026-05-07 23:45:20,7.5
"A4000000103C4153","DS1925",2026-05-07 23:50:20,7.5
"A4000000103C4153","DS1925",2026-05-07 23:55:20,7.5
"A4000000103C4153","DS1925",2026-05-08 00:00:20,7.5
"A4000000103C4153","DS1925",2026-05-08 00:05:20,7.5
"A4000000103C4153","DS1925",2026-05-08 00:10:20,7.5
"A4000000103C4153","DS1925",2026-05-08 00:15:20,7
"A4000000103C4153","DS1925",2026-05-08 00:20:20,7.5
"A4000000103C4153","DS1925",2026-05-08 00:25:20,7
"A4000000103C4153","DS1925",2026-05-08 00:30:20,7
"A4000000103C4153","DS1925",2026-05-08 00:35:20,7
"A4000000103C4153","DS1925",2026-05-08 00:40:20,7
"A4000000103C4153","DS1925",2026-05-08 00:45:20,7
"A4000000103C4153","DS1925",2026-05-08 00:50:20,7
"A4000000103C4153","DS1925",2026-05-08 00:55:20,7
"A4000000103C4153","DS1925",2026-05-08 01:00:20,7
"A4000000103C4153","DS1925",2026-05-08 01:05:20,7
"A4000000103C4153","DS1925",2026-05-08 01:10:20,7
"A4000000103C4153","DS1925",2026-05-08 01:15:20,7
"A4000000103C4153","DS1925",2026-05-08 01:20:20,7
"A4000000103C4153","DS1925",2026-05-08 01:25:20,7
"A4000000103C4153","DS1925",2026-05-08 01:30:20,7
"A4000000103C4153","DS1925",2026-05-08 01:35:20,7
"A4000000103C4153","DS1925",2026-05-08 01:40:20,7
"A4000000103C4153","DS1925",2026-05-08 01:45:20,7
"A4000000103C4153","DS1925",2026-05-08 01:50:20,7
"A4000000103C4153","DS1925",2026-05-08 01:55:20,7
"A4000000103C4153","DS1925",2026-05-08 02:00:20,7
"A4000000103C4153","DS1925",2026-05-08 02:05:20,7
"A4000000103C4153","DS1925",2026-05-08 02:10:20,7
"A4000000103C4153","DS1925",2026-05-08 02:15:20,7
"A4000000103C4153","DS1925",2026-05-08 02:20:20,7
"A4000000103C4153","DS1925",2026-05-08 02:25:20,7
"A4000000103C4153","DS1925",2026-05-08 02:30:20,7
"A4000000103C4153","DS1925",2026-05-08 02:35:20,7
"A4000000103C4153","DS1925",2026-05-08 02:40:20,7
"A4000000103C4153","DS1925",2026-05-08 02:45:20,7
"A4000000103C4153","DS1925",2026-05-08 02:50:20,7
"A4000000103C4153","DS1925",2026-05-08 02:55:20,7
"A4000000103C4153","DS1925",2026-05-08 03:00:20,7
"A4000000103C4153","DS1925",2026-05-08 03:05:20,6.5
"A4000000103C4153","DS1925",2026-05-08 03:10:20,6.5
"A4000000103C4153","DS1925",2026-05-08 03:15:20,6.5
"A4000000103C4153","DS1925",2026-05-08 03:20:20,6.5
"A4000000103C4153","DS1925",2026-05-08 03:25:20,6.5
"A4000000103C4153","DS1925",2026-05-08 03:30:20,6.5
"A4000000103C4153","DS1925",2026-05-08 03:35:20,6.5
"A4000000103C4153","DS1925",2026-05-08 03:40:20,6.5
"A4000000103C4153","DS1925",2026-05-08 03:45:20,6.5
"A4000000103C4153","DS1925",2026-05-08 03:50:20,6.5
"A4000000103C4153","DS1925",2026-05-08 03:55:20,6.5
"A4000000103C4153","DS1925",2026-05-08 04:00:20,6.5
"A4000000103C4153","DS1925",2026-05-08 04:05:20,6.5
"A4000000103C4153","DS1925",2026-05-08 04:10:20,6.5
"A4000000103C4153","DS1925",2026-05-08 04:15:20,6.5
"A4000000103C4153","DS1925",2026-05-08 04:20:20,6.5
"A4000000103C4153","DS1925",2026-05-08 04:25:20,6.5
"A4000000103C4153","DS1925",2026-05-08 04:30:20,6.5
"A4000000103C4153","DS1925",2026-05-08 04:35:20,6.5
"A4000000103C4153","DS1925",2026-05-08 04:40:20,6
"A4000000103C4153","DS1925",2026-05-08 04:45:20,6
"A4000000103C4153","DS1925",2026-05-08 04:50:20,6
"A4000000103C4153","DS1925",2026-05-08 04:55:20,6
"A4000000103C4153","DS1925",2026-05-08 05:00:20,6
"A4000000103C4153","DS1925",2026-05-08 05:05:20,6
"A4000000103C4153","DS1925",2026-05-08 05:10:20,6
"A4000000103C4153","DS1925",2026-05-08 05:15:20,6
"A4000000103C4153","DS1925",2026-05-08 05:20:20,6
"A4000000103C4153","DS1925",2026-05-08 05:25:20,6
"A4000000103C4153","DS1925",2026-05-08 05:30:20,6
"A4000000103C4153","DS1925",2026-05-08 05:35:20,6
"A4000000103C4153","DS1925",2026-05-08 05:40:20,6
"A4000000103C4153","DS1925",2026-05-08 05:45:20,6
"A4000000103C4153","DS1925",2026-05-08 05:50:20,6
"A4000000103C4153","DS1925",2026-05-08 05:55:20,6
"A4000000103C4153","DS1925",2026-05-08 06:00:20,6
"A4000000103C4153","DS1925",2026-05-08 06:05:20,6
"A4000000103C4153","DS1925",2026-05-08 06:10:20,6
"A4000000103C4153","DS1925",2026-05-08 06:15:20,6
"A4000000103C4153","DS1925",2026-05-08 06:20:20,6
"A4000000103C4153","DS1925",2026-05-08 06:25:20,6
"A4000000103C4153","DS1925",2026-05-08 06:30:20,6
"A4000000103C4153","DS1925",2026-05-08 06:35:20,6
"A4000000103C4153","DS1925",2026-05-08 06:40:20,6
"A4000000103C4153","DS1925",2026-05-08 06:45:20,6
"A4000000103C4153","DS1925",2026-05-08 06:50:20,6
"A4000000103C4153","DS1925",2026-05-08 06:55:20,6
"A4000000103C4153","DS1925",2026-05-08 07:00:20,6
"A4000000103C4153","DS1925",2026-05-08 07:05:20,6
"A4000000103C4153","DS1925",2026-05-08 07:10:20,6
"A4000000103C4153","DS1925",2026-05-08 07:15:20,6
"A4000000103C4153","DS1925",2026-05-08 07:20:20,6
"A4000000103C4153","DS1925",2026-05-08 07:25:20,6
"A4000000103C4153","DS1925",2026-05-08 07:30:20,6.5
"A4000000103C4153","DS1925",2026-05-08 07:35:20,6.5
"A4000000103C4153","DS1925",2026-05-08 07:40:20,6.5
"A4000000103C4153","DS1925",2026-05-08 07:45:20,6.5
"A4000000103C4153","DS1925",2026-05-08 07:50:20,6.5
"A4000000103C4153","DS1925",2026-05-08 07:55:20,6.5
"A4000000103C4153","DS1925",2026-05-08 08:00:20,6.5
"A4000000103C4153","DS1925",2026-05-08 08:05:20,6.5
"A4000000103C4153","DS1925",2026-05-08 08:10:20,7
"A4000000103C4153","DS1925",2026-05-08 08:15:20,7
"A4000000103C4153","DS1925",2026-05-08 08:20:20,7
"A4000000103C4153","DS1925",2026-05-08 08:25:20,7
"A4000000103C4153","DS1925",2026-05-08 08:30:20,7
"A4000000103C4153","DS1925",2026-05-08 08:35:20,7.5
"A4000000103C4153","DS1925",2026-05-08 08:40:20,7.5
"A4000000103C4153","DS1925",2026-05-08 08:45:20,7.5
"A4000000103C4153","DS1925",2026-05-08 08:50:20,7.5
"A4000000103C4153","DS1925",2026-05-08 08:55:20,8
"A4000000103C4153","DS1925",2026-05-08 09:00:20,8
"A4000000103C4153","DS1925",2026-05-08 09:05:20,8
"A4000000103C4153","DS1925",2026-05-08 09:10:20,8
"A4000000103C4153","DS1925",2026-05-08 09:15:20,8.5
"A4000000103C4153","DS1925",2026-05-08 09:20:20,8.5
"A4000000103C4153","DS1925",2026-05-08 09:25:20,8.5
"A4000000103C4153","DS1925",2026-05-08 09:30:20,9
"A4000000103C4153","DS1925",2026-05-08 09:35:20,9
"A4000000103C4153","DS1925",2026-05-08 09:40:20,9.5
"A4000000103C4153","DS1925",2026-05-08 09:45:20,9.5
"A4000000103C4153","DS1925",2026-05-08 09:50:20,10
"A4000000103C4153","DS1925",2026-05-08 09:55:20,10
"A4000000103C4153","DS1925",2026-05-08 10:00:20,10.5
"A4000000103C4153","DS1925",2026-05-08 10:05:20,10.5
"A4000000103C4153","DS1925",2026-05-08 10:10:20,11
"A4000000103C4153","DS1925",2026-05-08 10:15:20,11.5
"A4000000103C4153","DS1925",2026-05-08 10:20:20,11.5
"A4000000103C4153","DS1925",2026-05-08 10:25:20,12
"A4000000103C4153","DS1925",2026-05-08 10:30:20,12
"A4000000103C4153","DS1925",2026-05-08 10:35:20,12
"A4000000103C4153","DS1925",2026-05-08 10:40:20,12.5
"A4000000103C4153","DS1925",2026-05-08 10:45:20,13
"A4000000103C4153","DS1925",2026-05-08 10:50:20,13
"A4000000103C4153","DS1925",2026-05-08 10:55:20,13.5
"A4000000103C4153","DS1925",2026-05-08 11:00:20,14
"A4000000103C4153","DS1925",2026-05-08 11:05:20,14.5
"A4000000103C4153","DS1925",2026-05-08 11:10:20,15
"A4000000103C4153","DS1925",2026-05-08 11:15:20,15.5
"A4000000103C4153","DS1925",2026-05-08 11:20:20,16
"A4000000103C4153","DS1925",2026-05-08 11:25:20,16
"A4000000103C4153","DS1925",2026-05-08 11:30:20,16.5
"A4000000103C4153","DS1925",2026-05-08 11:35:20,17
"A4000000103C4153","DS1925",2026-05-08 11:40:20,17.5
"A4000000103C4153","DS1925",2026-05-08 11:45:20,18
"A4000000103C4153","DS1925",2026-05-08 11:50:20,18
"A4000000103C4153","DS1925",2026-05-08 11:55:20,18
"A4000000103C4153","DS1925",2026-05-08 12:00:20,18.5
"A4000000103C4153","DS1925",2026-05-08 12:05:20,18.5
"A4000000103C4153","DS1925",2026-05-08 12:10:20,18.5
"A4000000103C4153","DS1925",2026-05-08 12:15:20,19
"A4000000103C4153","DS1925",2026-05-08 12:20:20,19
"A4000000103C4153","DS1925",2026-05-08 12:25:20,19
"A4000000103C4153","DS1925",2026-05-08 12:30:20,19.5
"A4000000103C4153","DS1925",2026-05-08 12:35:20,19.5
"A4000000103C4153","DS1925",2026-05-08 12:40:20,19.5
"A4000000103C4153","DS1925",2026-05-08 12:45:20,19.5
"A4000000103C4153","DS1925",2026-05-08 12:50:20,19.5
"A4000000103C4153","DS1925",2026-05-08 12:55:20,19
"A4000000103C4153","DS1925",2026-05-08 13:00:20,19
"A4000000103C4153","DS1925",2026-05-08 13:05:20,19
"A4000000103C4153","DS1925",2026-05-08 13:10:20,19
"A4000000103C4153","DS1925",2026-05-08 13:15:20,18.5
"A4000000103C4153","DS1925",2026-05-08 13:20:20,18.5
"A4000000103C4153","DS1925",2026-05-08 13:25:20,18.5
"A4000000103C4153","DS1925",2026-05-08 13:30:20,18
"A4000000103C4153","DS1925",2026-05-08 13:35:20,18
"A4000000103C4153","DS1925",2026-05-08 13:40:20,18
"A4000000103C4153","DS1925",2026-05-08 13:45:20,17.5
"A4000000103C4153","DS1925",2026-05-08 13:50:20,17.5
"A4000000103C4153","DS1925",2026-05-08 13:55:20,17.5
"A4000000103C4153","DS1925",2026-05-08 14:00:20,17.5
"A4000000103C4153","DS1925",2026-05-08 14:05:20,17.5
"A4000000103C4153","DS1925",2026-05-08 14:10:20,17.5
"A4000000103C4153","DS1925",2026-05-08 14:15:20,17
"A4000000103C4153","DS1925",2026-05-08 14:20:20,17
"A4000000103C4153","DS1925",2026-05-08 14:25:20,17
"A4000000103C4153","DS1925",2026-05-08 14:30:20,17
"A4000000103C4153","DS1925",2026-05-08 14:35:20,16.5
"A4000000103C4153","DS1925",2026-05-08 14:40:20,16.5
"A4000000103C4153","DS1925",2026-05-08 14:45:20,16.5
"A4000000103C4153","DS1925",2026-05-08 14:50:20,16.5
"A4000000103C4153","DS1925",2026-05-08 14:55:20,17
"A4000000103C4153","DS1925",2026-05-08 15:00:20,17.5
"A4000000103C4153","DS1925",2026-05-08 15:05:20,17.5
"A4000000103C4153","DS1925",2026-05-08 15:10:20,17.5
"A4000000103C4153","DS1925",2026-05-08 15:15:20,18
"A4000000103C4153","DS1925",2026-05-08 15:20:20,18
"A4000000103C4153","DS1925",2026-05-08 15:25:20,18
"A4000000103C4153","DS1925",2026-05-08 15:30:20,18
"A4000000103C4153","DS1925",2026-05-08 15:35:20,18.5
"A4000000103C4153","DS1925",2026-05-08 15:40:20,18.5
"A4000000103C4153","DS1925",2026-05-08 15:45:20,18.5
"A4000000103C4153","DS1925",2026-05-08 15:50:20,19
"A4000000103C4153","DS1925",2026-05-08 15:55:20,19.5
"A4000000103C4153","DS1925",2026-05-08 16:00:20,22
"A4000000103C4153","DS1925",2026-05-08 16:05:20,22.5
"A4000000103C4153","DS1925",2026-05-08 16:10:20,22.5
"A4000000103C4153","DS1925",2026-05-08 16:15:20,23
"A4000000103C4153","DS1925",2026-05-08 16:20:20,23
"A4000000103C4153","DS1925",2026-05-08 16:25:20,23
"A4000000103C4153","DS1925",2026-05-08 16:30:20,23
"A4000000103C4153","DS1925",2026-05-08 16:35:20,23.5
"A4000000103C4153","DS1925",2026-05-08 16:40:20,23.5
"A4000000103C4153","DS1925",2026-05-08 16:45:20,23.5
"A4000000103C4153","DS1925",2026-05-08 16:50:20,23
"A4000000103C4153","DS1925",2026-05-08 16:55:20,23
"A4000000103C4153","DS1925",2026-05-08 17:00:20,23
"A4000000103C4153","DS1925",2026-05-08 17:05:20,23
"A4000000103C4153","DS1925",2026-05-08 17:10:20,23
"A4000000103C4153","DS1925",2026-05-08 17:15:20,23
"A4000000103C4153","DS1925",2026-05-08 17:20:20,23
"A4000000103C4153","DS1925",2026-05-08 17:25:20,23
"A4000000103C4153","DS1925",2026-05-08 17:30:20,23
"A4000000103C4153","DS1925",2026-05-08 17:35:20,23
"A4000000103C4153","DS1925",2026-05-08 17:40:20,22.5
"A4000000103C4153","DS1925",2026-05-08 17:45:20,22.5
"A4000000103C4153","DS1925",2026-05-08 17:50:20,22.5
"A4000000103C4153","DS1925",2026-05-08 17:55:20,22
"A4000000103C4153","DS1925",2026-05-08 18:00:20,22
"A4000000103C4153","DS1925",2026-05-08 18:05:20,22.5
"A4000000103C4153","DS1925",2026-05-08 18:10:20,23
"A4000000103C4153","DS1925",2026-05-08 18:15:20,23
"A4000000103C4153","DS1925",2026-05-08 18:20:20,23.5
"A4000000103C4153","DS1925",2026-05-08 18:25:20,23.5
"A4000000103C4153","DS1925",2026-05-08 18:30:20,23
"A4000000103C4153","DS1925",2026-05-08 18:35:20,22.5
"A4000000103C4153","DS1925",2026-05-08 18:40:20,22
"A4000000103C4153","DS1925",2026-05-08 18:45:20,21.5
"A4000000103C4153","DS1925",2026-05-08 18:50:20,21.5
"A4000000103C4153","DS1925",2026-05-08 18:55:20,21
"A4000000103C4153","DS1925",2026-05-08 19:00:20,21
"A4000000103C4153","DS1925",2026-05-08 19:05:20,21
"A4000000103C4153","DS1925",2026-05-08 19:10:20,21
"A4000000103C4153","DS1925",2026-05-08 19:15:20,20.5
"A4000000103C4153","DS1925",2026-05-08 19:20:20,20.5
"A4000000103C4153","DS1925",2026-05-08 19:25:20,20.5
"A4000000103C4153","DS1925",2026-05-08 19:30:20,20.5
"A4000000103C4153","DS1925",2026-05-08 19:35:20,20.5
"A4000000103C4153","DS1925",2026-05-08 19:40:20,20.5
"A4000000103C4153","DS1925",2026-05-08 19:45:20,20.5
"A4000000103C4153","DS1925",2026-05-08 19:50:20,20.5
"A4000000103C4153","DS1925",2026-05-08 19:55:20,20.5
"A4000000103C4153","DS1925",2026-05-08 20:00:20,20
"A4000000103C4153","DS1925",2026-05-08 20:05:20,20
"A4000000103C4153","DS1925",2026-05-08 20:10:20,20
"A4000000103C4153","DS1925",2026-05-08 20:15:20,20
"A4000000103C4153","DS1925",2026-05-08 20:20:20,20
"A4000000103C4153","DS1925",2026-05-08 20:25:20,20
"A4000000103C4153","DS1925",2026-05-08 20:30:20,20
"A4000000103C4153","DS1925",2026-05-08 20:35:20,20
"A4000000103C4153","DS1925",2026-05-08 20:40:20,20
"A4000000103C4153","DS1925",2026-05-08 20:45:20,20
"A4000000103C4153","DS1925",2026-05-08 20:50:20,20
"A4000000103C4153","DS1925",2026-05-08 20:55:20,20
"A4000000103C4153","DS1925",2026-05-08 21:00:20,20
"A4000000103C4153","DS1925",2026-05-08 21:05:20,20
"A4000000103C4153","DS1925",2026-05-08 21:10:20,19.5
"A4000000103C4153","DS1925",2026-05-08 21:15:20,19.5
"A4000000103C4153","DS1925",2026-05-08 21:20:20,19.5
"A4000000103C4153","DS1925",2026-05-08 21:25:20,19.5
"A4000000103C4153","DS1925",2026-05-08 21:30:20,19.5
"A4000000103C4153","DS1925",2026-05-08 21:35:20,19.5
"A4000000103C4153","DS1925",2026-05-08 21:40:20,19.5
"A4000000103C4153","DS1925",2026-05-08 21:45:20,19.5
"A4000000103C4153","DS1925",2026-05-08 21:50:20,19.5
"A4000000103C4153","DS1925",2026-05-08 21:55:20,19.5
"A4000000103C4153","DS1925",2026-05-08 22:00:20,19.5
"A4000000103C4153","DS1925",2026-05-08 22:05:20,19.5
"A4000000103C4153","DS1925",2026-05-08 22:10:20,19.5
"A4000000103C4153","DS1925",2026-05-08 22:15:20,19.5
"A4000000103C4153","DS1925",2026-05-08 22:20:20,19.5
"A4000000103C4153","DS1925",2026-05-08 22:25:20,19
"A4000000103C4153","DS1925",2026-05-08 22:30:20,19
"A4000000103C4153","DS1925",2026-05-08 22:35:20,19
"A4000000103C4153","DS1925",2026-05-08 22:40:20,19
"A4000000103C4153","DS1925",2026-05-08 22:45:20,19
"A4000000103C4153","DS1925",2026-05-08 22:50:20,19
"A4000000103C4153","DS1925",2026-05-08 22:55:20,19
"A4000000103C4153","DS1925",2026-05-08 23:00:20,19
"A4000000103C4153","DS1925",2026-05-08 23:05:20,19
"A4000000103C4153","DS1925",2026-05-08 23:10:20,19
"A4000000103C4153","DS1925",2026-05-08 23:15:20,19
"A4000000103C4153","DS1925",2026-05-08 23:20:20,19
"A4000000103C4153","DS1925",2026-05-08 23:25:20,19
"A4000000103C4153","DS1925",2026-05-08 23:30:20,19
"A4000000103C4153","DS1925",2026-05-08 23:35:20,19
"A4000000103C4153","DS1925",2026-05-08 23:40:20,19
"A4000000103C4153","DS1925",2026-05-08 23:45:20,19
"A4000000103C4153","DS1925",2026-05-08 23:50:20,19
"A4000000103C4153","DS1925",2026-05-08 23:55:20,19
"A4000000103C4153","DS1925",2026-05-09 00:00:20,19
"A4000000103C4153","DS1925",2026-05-09 00:05:20,19
"A4000000103C4153","DS1925",2026-05-09 00:10:20,18.5
"A4000000103C4153","DS1925",2026-05-09 00:15:20,18.5
"A4000000103C4153","DS1925",2026-05-09 00:20:20,19
"A4000000103C4153","DS1925",2026-05-09 00:25:20,18.5
"A4000000103C4153","DS1925",2026-05-09 00:30:20,18.5
"A4000000103C4153","DS1925",2026-05-09 00:35:20,18.5
"A4000000103C4153","DS1925",2026-05-09 00:40:20,18.5
"A4000000103C4153","DS1925",2026-05-09 00:45:20,18.5
"A4000000103C4153","DS1925",2026-05-09 00:50:20,18.5
"A4000000103C4153","DS1925",2026-05-09 00:55:20,18.5
"A4000000103C4153","DS1925",2026-05-09 01:00:20,18.5
"A4000000103C4153","DS1925",2026-05-09 01:05:20,18.5
"A4000000103C4153","DS1925",2026-05-09 01:10:20,18.5
"A4000000103C4153","DS1925",2026-05-09 01:15:20,18.5
"A4000000103C4153","DS1925",2026-05-09 01:20:20,18.5
"A4000000103C4153","DS1925",2026-05-09 01:25:20,18.5
"A4000000103C4153","DS1925",2026-05-09 01:30:20,18.5
"A4000000103C4153","DS1925",2026-05-09 01:35:20,18.5
"A4000000103C4153","DS1925",2026-05-09 01:40:20,18.5
"A4000000103C4153","DS1925",2026-05-09 01:45:20,18.5
"A4000000103C4153","DS1925",2026-05-09 01:50:20,18.5
"A4000000103C4153","DS1925",2026-05-09 01:55:20,18.5
"A4000000103C4153","DS1925",2026-05-09 02:00:20,18.5
"A4000000103C4153","DS1925",2026-05-09 02:05:20,18.5
"A4000000103C4153","DS1925",2026-05-09 02:10:20,18.5
"A4000000103C4153","DS1925",2026-05-09 02:15:20,18.5
"A4000000103C4153","DS1925",2026-05-09 02:20:20,18.5
"A4000000103C4153","DS1925",2026-05-09 02:25:20,18.5
"A4000000103C4153","DS1925",2026-05-09 02:30:20,18.5
"A4000000103C4153","DS1925",2026-05-09 02:35:20,18.5
"A4000000103C4153","DS1925",2026-05-09 02:40:20,18.5
"A4000000103C4153","DS1925",2026-05-09 02:45:20,18.5
"A4000000103C4153","DS1925",2026-05-09 02:50:20,18.5
"A4000000103C4153","DS1925",2026-05-09 02:55:20,18.5
"A4000000103C4153","DS1925",2026-05-09 03:00:20,18.5
"A4000000103C4153","DS1925",2026-05-09 03:05:20,18.5
"A4000000103C4153","DS1925",2026-05-09 03:10:20,18.5
"A4000000103C4153","DS1925",2026-05-09 03:15:20,18.5
"A4000000103C4153","DS1925",2026-05-09 03:20:20,18.5
"A4000000103C4153","DS1925",2026-05-09 03:25:20,18.5
"A4000000103C4153","DS1925",2026-05-09 03:30:20,18.5
"A4000000103C4153","DS1925",2026-05-09 03:35:20,18.5
"A4000000103C4153","DS1925",2026-05-09 03:40:20,18.5
"A4000000103C4153","DS1925",2026-05-09 03:45:20,18.5
"A4000000103C4153","DS1925",2026-05-09 03:50:20,18.5
"A4000000103C4153","DS1925",2026-05-09 03:55:20,18
"A4000000103C4153","DS1925",2026-05-09 04:00:20,18
"A4000000103C4153","DS1925",2026-05-09 04:05:20,18
"A4000000103C4153","DS1925",2026-05-09 04:10:20,18
"A4000000103C4153","DS1925",2026-05-09 04:15:20,18
"A4000000103C4153","DS1925",2026-05-09 04:20:20,18
"A4000000103C4153","DS1925",2026-05-09 04:25:20,18
"A4000000103C4153","DS1925",2026-05-09 04:30:20,18
"A4000000103C4153","DS1925",2026-05-09 04:35:20,18
"A4000000103C4153","DS1925",2026-05-09 04:40:20,18
"A4000000103C4153","DS1925",2026-05-09 04:45:20,18
"A4000000103C4153","DS1925",2026-05-09 04:50:20,18
"A4000000103C4153","DS1925",2026-05-09 04:55:20,18
"A4000000103C4153","DS1925",2026-05-09 05:00:20,18
"A4000000103C4153","DS1925",2026-05-09 05:05:20,18
"A4000000103C4153","DS1925",2026-05-09 05:10:20,18
"A4000000103C4153","DS1925",2026-05-09 05:15:20,18
"A4000000103C4153","DS1925",2026-05-09 05:20:20,18
"A4000000103C4153","DS1925",2026-05-09 05:25:20,18
"A4000000103C4153","DS1925",2026-05-09 05:30:20,18
"A4000000103C4153","DS1925",2026-05-09 05:35:20,18
"A4000000103C4153","DS1925",2026-05-09 05:40:20,18
"A4000000103C4153","DS1925",2026-05-09 05:45:20,18
"A4000000103C4153","DS1925",2026-05-09 05:50:20,18
"A4000000103C4153","DS1925",2026-05-09 05:55:20,18
"A4000000103C4153","DS1925",2026-05-09 06:00:20,18
"A4000000103C4153","DS1925",2026-05-09 06:05:20,17.5
"A4000000103C4153","DS1925",2026-05-09 06:10:20,17.5
"A4000000103C4153","DS1925",2026-05-09 06:15:20,17.5
"A4000000103C4153","DS1925",2026-05-09 06:20:20,17.5
"A4000000103C4153","DS1925",2026-05-09 06:25:20,17.5
"A4000000103C4153","DS1925",2026-05-09 06:30:20,17.5
"A4000000103C4153","DS1925",2026-05-09 06:35:20,17.5
"A4000000103C4153","DS1925",2026-05-09 06:40:20,17.5
"A4000000103C4153","DS1925",2026-05-09 06:45:20,17.5
"A4000000103C4153","DS1925",2026-05-09 06:50:20,17.5
"A4000000103C4153","DS1925",2026-05-09 06:55:20,17.5
"A4000000103C4153","DS1925",2026-05-09 07:00:20,17.5
"A4000000103C4153","DS1925",2026-05-09 07:05:20,17.5
"A4000000103C4153","DS1925",2026-05-09 07:10:20,17.5
"A4000000103C4153","DS1925",2026-05-09 07:15:20,17.5
"A4000000103C4153","DS1925",2026-05-09 07:20:20,17.5
"A4000000103C4153","DS1925",2026-05-09 07:25:20,17.5
"A4000000103C4153","DS1925",2026-05-09 07:30:20,17.5
"A4000000103C4153","DS1925",2026-05-09 07:35:20,17.5
"A4000000103C4153","DS1925",2026-05-09 07:40:20,17.5
"A4000000103C4153","DS1925",2026-05-09 07:45:20,17.5
"A4000000103C4153","DS1925",2026-05-09 07:50:20,17.5
"A4000000103C4153","DS1925",2026-05-09 07:55:20,17.5
"A4000000103C4153","DS1925",2026-05-09 08:00:20,17.5
"A4000000103C4153","DS1925",2026-05-09 08:05:20,17.5
"A4000000103C4153","DS1925",2026-05-09 08:10:20,17.5
"A4000000103C4153","DS1925",2026-05-09 08:15:20,17.5
"A4000000103C4153","DS1925",2026-05-09 08:20:20,17.5
"A4000000103C4153","DS1925",2026-05-09 08:25:20,17.5
"A4000000103C4153","DS1925",2026-05-09 08:30:20,17.5
"A4000000103C4153","DS1925",2026-05-09 08:35:20,17.5
"A4000000103C4153","DS1925",2026-05-09 08:40:20,17.5
"A4000000103C4153","DS1925",2026-05-09 08:45:20,17
"A4000000103C4153","DS1925",2026-05-09 08:50:20,17
"A4000000103C4153","DS1925",2026-05-09 08:55:20,17.5
"A4000000103C4153","DS1925",2026-05-09 09:00:20,17
"A4000000103C4153","DS1925",2026-05-09 09:05:20,17
"A4000000103C4153","DS1925",2026-05-09 09:10:20,17
"A4000000103C4153","DS1925",2026-05-09 09:15:20,17
"A4000000103C4153","DS1925",2026-05-09 09:20:20,17.5
"A4000000103C4153","DS1925",2026-05-09 09:25:20,17
"A4000000103C4153","DS1925",2026-05-09 09:30:20,17
"A4000000103C4153","DS1925",2026-05-09 09:35:20,17.5
"A4000000103C4153","DS1925",2026-05-09 09:40:20,17
"A4000000103C4153","DS1925",2026-05-09 09:45:20,17.5
"A4000000103C4153","DS1925",2026-05-09 09:50:20,17.5
"A4000000103C4153","DS1925",2026-05-09 09:55:20,17.5
"A4000000103C4153","DS1925",2026-05-09 10:00:20,17.5
"A4000000103C4153","DS1925",2026-05-09 10:05:20,17.5
"A4000000103C4153","DS1925",2026-05-09 10:10:20,17.5
"A4000000103C4153","DS1925",2026-05-09 10:15:20,17.5
"A4000000103C4153","DS1925",2026-05-09 10:20:20,17.5
"A4000000103C4153","DS1925",2026-05-09 10:25:20,17.5
"A4000000103C4153","DS1925",2026-05-09 10:30:20,17.5
"A4000000103C4153","DS1925",2026-05-09 10:35:20,17.5
"A4000000103C4153","DS1925",2026-05-09 10:40:20,17.5
"A4000000103C4153","DS1925",2026-05-09 10:45:20,17.5
"A4000000103C4153","DS1925",2026-05-09 10:50:20,17.5
"A4000000103C4153","DS1925",2026-05-09 10:55:20,17.5
"A4000000103C4153","DS1925",2026-05-09 11:00:20,17.5
"A4000000103C4153","DS1925",2026-05-09 11:05:20,17.5
"A4000000103C4153","DS1925",2026-05-09 11:10:20,17.5
"A4000000103C4153","DS1925",2026-05-09 11:15:20,17.5
"A4000000103C4153","DS1925",2026-05-09 11:20:20,17.5
"A4000000103C4153","DS1925",2026-05-09 11:25:20,17.5
"A4000000103C4153","DS1925",2026-05-09 11:30:20,17.5
"A4000000103C4153","DS1925",2026-05-09 11:35:20,17.5
"A4000000103C4153","DS1925",2026-05-09 11:40:20,18
"A4000000103C4153","DS1925",2026-05-09 11:45:20,18
"A4000000103C4153","DS1925",2026-05-09 11:50:20,18
"A4000000103C4153","DS1925",2026-05-09 11:55:20,18
"A4000000103C4153","DS1925",2026-05-09 12:00:20,18
"A4000000103C4153","DS1925",2026-05-09 12:05:20,18
"A4000000103C4153","DS1925",2026-05-09 12:10:20,18
"A4000000103C4153","DS1925",2026-05-09 12:15:20,18
"A4000000103C4153","DS1925",2026-05-09 12:20:20,18
"A4000000103C4153","DS1925",2026-05-09 12:25:20,18
"A4000000103C4153","DS1925",2026-05-09 12:30:20,18
"A4000000103C4153","DS1925",2026-05-09 12:35:20,18
"A4000000103C4153","DS1925",2026-05-09 12:40:20,18
"A4000000103C4153","DS1925",2026-05-09 12:45:20,18
"A4000000103C4153","DS1925",2026-05-09 12:50:20,18
"A4000000103C4153","DS1925",2026-05-09 12:55:20,18.5
"A4000000103C4153","DS1925",2026-05-09 13:00:20,18.5
"A4000000103C4153","DS1925",2026-05-09 13:05:20,18.5
"A4000000103C4153","DS1925",2026-05-09 13:10:20,18.5
"A4000000103C4153","DS1925",2026-05-09 13:15:20,18.5
"A4000000103C4153","DS1925",2026-05-09 13:20:20,18.5
"A4000000103C4153","DS1925",2026-05-09 13:25:20,18.5
"A4000000103C4153","DS1925",2026-05-09 13:30:20,18.5
"A4000000103C4153","DS1925",2026-05-09 13:35:20,18.5
"A4000000103C4153","DS1925",2026-05-09 13:40:20,18.5
"A4000000103C4153","DS1925",2026-05-09 13:45:20,19
"A4000000103C4153","DS1925",2026-05-09 13:50:20,19
"A4000000103C4153","DS1925",2026-05-09 13:55:20,19
"A4000000103C4153","DS1925",2026-05-09 14:00:20,19
"A4000000103C4153","DS1925",2026-05-09 14:05:20,19
"A4000000103C4153","DS1925",2026-05-09 14:10:20,19
"A4000000103C4153","DS1925",2026-05-09 14:15:20,19
"A4000000103C4153","DS1925",2026-05-09 14:20:20,19
"A4000000103C4153","DS1925",2026-05-09 14:25:20,19.5
"A4000000103C4153","DS1925",2026-05-09 14:30:20,19.5
"A4000000103C4153","DS1925",2026-05-09 14:35:20,19.5
"A4000000103C4153","DS1925",2026-05-09 14:40:20,19.5
"A4000000103C4153","DS1925",2026-05-09 14:45:20,19.5
"A4000000103C4153","DS1925",2026-05-09 14:50:20,20
"A4000000103C4153","DS1925",2026-05-09 14:55:20,20
"A4000000103C4153","DS1925",2026-05-09 15:00:20,20
"A4000000103C4153","DS1925",2026-05-09 15:05:20,20
"A4000000103C4153","DS1925",2026-05-09 15:10:20,20
"A4000000103C4153","DS1925",2026-05-09 15:15:20,20.5
"A4000000103C4153","DS1925",2026-05-09 15:20:20,20.5
"A4000000103C4153","DS1925",2026-05-09 15:25:20,20.5
"A4000000103C4153","DS1925",2026-05-09 15:30:20,20.5
"A4000000103C4153","DS1925",2026-05-09 15:35:20,20.5
"A4000000103C4153","DS1925",2026-05-09 15:40:20,21
"A4000000103C4153","DS1925",2026-05-09 15:45:20,21
"A4000000103C4153","DS1925",2026-05-09 15:50:20,21
"A4000000103C4153","DS1925",2026-05-09 15:55:20,21
"A4000000103C4153","DS1925",2026-05-09 16:00:20,21.5
"A4000000103C4153","DS1925",2026-05-09 16:05:20,21.5
"A4000000103C4153","DS1925",2026-05-09 16:10:20,21.5
"A4000000103C4153","DS1925",2026-05-09 16:15:20,21.5
"A4000000103C4153","DS1925",2026-05-09 16:20:20,21.5
"A4000000103C4153","DS1925",2026-05-09 16:25:20,22
"A4000000103C4153","DS1925",2026-05-09 16:30:20,22
"A4000000103C4153","DS1925",2026-05-09 16:35:20,22
"A4000000103C4153","DS1925",2026-05-09 16:40:20,22
"A4000000103C4153","DS1925",2026-05-09 16:45:20,22
"A4000000103C4153","DS1925",2026-05-09 16:50:20,22.5
"A4000000103C4153","DS1925",2026-05-09 16:55:20,22.5
"A4000000103C4153","DS1925",2026-05-09 17:00:20,22.5
"A4000000103C4153","DS1925",2026-05-09 17:05:20,22.5
"A4000000103C4153","DS1925",2026-05-09 17:10:20,22.5
"A4000000103C4153","DS1925",2026-05-09 17:15:20,22.5
"A4000000103C4153","DS1925",2026-05-09 17:20:20,22.5
"A4000000103C4153","DS1925",2026-05-09 17:25:20,22.5
"A4000000103C4153","DS1925",2026-05-09 17:30:20,23
"A4000000103C4153","DS1925",2026-05-09 17:35:20,23
"A4000000103C4153","DS1925",2026-05-09 17:40:20,23
"A4000000103C4153","DS1925",2026-05-09 17:45:20,23
"A4000000103C4153","DS1925",2026-05-09 17:50:20,23
"A4000000103C4153","DS1925",2026-05-09 17:55:20,23
"A4000000103C4153","DS1925",2026-05-09 18:00:20,23
"A4000000103C4153","DS1925",2026-05-09 18:05:20,23
"A4000000103C4153","DS1925",2026-05-09 18:10:20,23
"A4000000103C4153","DS1925",2026-05-09 18:15:20,23
"A4000000103C4153","DS1925",2026-05-09 18:20:20,23
"A4000000103C4153","DS1925",2026-05-09 18:25:20,23
"A4000000103C4153","DS1925",2026-05-09 18:30:20,23
"A4000000103C4153","DS1925",2026-05-09 18:35:20,23
"A4000000103C4153","DS1925",2026-05-09 18:40:20,23
"A4000000103C4153","DS1925",2026-05-09 18:45:20,23
"A4000000103C4153","DS1925",2026-05-09 18:50:20,23
"A4000000103C4153","DS1925",2026-05-09 18:55:20,23.5
"A4000000103C4153","DS1925",2026-05-09 19:00:20,23.5
"A4000000103C4153","DS1925",2026-05-09 19:05:20,23.5
"A4000000103C4153","DS1925",2026-05-09 19:10:20,23.5
"A4000000103C4153","DS1925",2026-05-09 19:15:20,23.5
"A4000000103C4153","DS1925",2026-05-09 19:20:20,23.5
"A4000000103C4153","DS1925",2026-05-09 19:25:20,23.5
"A4000000103C4153","DS1925",2026-05-09 19:30:20,23.5
"A4000000103C4153","DS1925",2026-05-09 19:35:20,23.5
"A4000000103C4153","DS1925",2026-05-09 19:40:20,23.5
"A4000000103C4153","DS1925",2026-05-09 19:45:20,23.5
"A4000000103C4153","DS1925",2026-05-09 19:50:20,23.5
"A4000000103C4153","DS1925",2026-05-09 19:55:20,23.5
"A4000000103C4153","DS1925",2026-05-09 20:00:20,23.5
"A4000000103C4153","DS1925",2026-05-09 20:05:20,23.5
"A4000000103C4153","DS1925",2026-05-09 20:10:20,23.5
"A4000000103C4153","DS1925",2026-05-09 20:15:20,23.5
"A4000000103C4153","DS1925",2026-05-09 20:20:20,23.5
"A4000000103C4153","DS1925",2026-05-09 20:25:20,23.5
"A4000000103C4153","DS1925",2026-05-09 20:30:20,23.5
"A4000000103C4153","DS1925",2026-05-09 20:35:20,23.5
"A4000000103C4153","DS1925",2026-05-09 20:40:20,23.5
"A4000000103C4153","DS1925",2026-05-09 20:45:20,23.5
"A4000000103C4153","DS1925",2026-05-09 20:50:20,23.5
"A4000000103C4153","DS1925",2026-05-09 20:55:20,23.5
"A4000000103C4153","DS1925",2026-05-09 21:00:20,23.5
"A4000000103C4153","DS1925",2026-05-09 21:05:20,23.5
"A4000000103C4153","DS1925",2026-05-09 21:10:20,23.5
"A4000000103C4153","DS1925",2026-05-09 21:15:20,23.5
"A4000000103C4153","DS1925",2026-05-09 21:20:20,23.5
"A4000000103C4153","DS1925",2026-05-09 21:25:20,23.5
"A4000000103C4153","DS1925",2026-05-09 21:30:20,23.5
"A4000000103C4153","DS1925",2026-05-09 21:35:20,23.5
"A4000000103C4153","DS1925",2026-05-09 21:40:20,24
"A4000000103C4153","DS1925",2026-05-09 21:45:20,24
"A4000000103C4153","DS1925",2026-05-09 21:50:20,24
"A4000000103C4153","DS1925",2026-05-09 21:55:20,24
"A4000000103C4153","DS1925",2026-05-09 22:00:20,24
"A4000000103C4153","DS1925",2026-05-09 22:05:20,24
"A4000000103C4153","DS1925",2026-05-09 22:10:20,24
"A4000000103C4153","DS1925",2026-05-09 22:15:20,24
"A4000000103C4153","DS1925",2026-05-09 22:20:20,24
"A4000000103C4153","DS1925",2026-05-09 22:25:20,24
"A4000000103C4153","DS1925",2026-05-09 22:30:20,24
"A4000000103C4153","DS1925",2026-05-09 22:35:20,24
"A4000000103C4153","DS1925",2026-05-09 22:40:20,24
"A4000000103C4153","DS1925",2026-05-09 22:45:20,24
"A4000000103C4153","DS1925",2026-05-09 22:50:20,24
"A4000000103C4153","DS1925",2026-05-09 22:55:20,24
"A4000000103C4153","DS1925",2026-05-09 23:00:20,24
"A4000000103C4153","DS1925",2026-05-09 23:05:20,24
"A4000000103C4153","DS1925",2026-05-09 23:10:20,24
"A4000000103C4153","DS1925",2026-05-09 23:15:20,24
"A4000000103C4153","DS1925",2026-05-09 23:20:20,24
"A4000000103C4153","DS1925",2026-05-09 23:25:20,24
"A4000000103C4153","DS1925",2026-05-09 23:30:20,24
"A4000000103C4153","DS1925",2026-05-09 23:35:20,24
"A4000000103C4153","DS1925",2026-05-09 23:40:20,24
"A4000000103C4153","DS1925",2026-05-09 23:45:20,24
"A4000000103C4153","DS1925",2026-05-09 23:50:20,24
"A4000000103C4153","DS1925",2026-05-09 23:55:20,24.5
"A4000000103C4153","DS1925",2026-05-10 00:00:20,24
"A4000000103C4153","DS1925",2026-05-10 00:05:20,24
"A4000000103C4153","DS1925",2026-05-10 00:10:20,24
"A4000000103C4153","DS1925",2026-05-10 00:15:20,24.5
"A4000000103C4153","DS1925",2026-05-10 00:20:20,24.5
"A4000000103C4153","DS1925",2026-05-10 00:25:20,24.5
"A4000000103C4153","DS1925",2026-05-10 00:30:20,24.5
"A4000000103C4153","DS1925",2026-05-10 00:35:20,24
"A4000000103C4153","DS1925",2026-05-10 00:40:20,24
"A4000000103C4153","DS1925",2026-05-10 00:45:20,24.5
"A4000000103C4153","DS1925",2026-05-10 00:50:20,24
"A4000000103C4153","DS1925",2026-05-10 00:55:20,24
"A4000000103C4153","DS1925",2026-05-10 01:00:20,24
"A4000000103C4153","DS1925",2026-05-10 01:05:20,24
"A4000000103C4153","DS1925",2026-05-10 01:10:20,24
"A4000000103C4153","DS1925",2026-05-10 01:15:20,24
"A4000000103C4153","DS1925",2026-05-10 01:20:20,24
"A4000000103C4153","DS1925",2026-05-10 01:25:20,24
"A4000000103C4153","DS1925",2026-05-10 01:30:20,24
"A4000000103C4153","DS1925",2026-05-10 01:35:20,24
"A4000000103C4153","DS1925",2026-05-10 01:40:20,24
"A4000000103C4153","DS1925",2026-05-10 01:45:20,24
"A4000000103C4153","DS1925",2026-05-10 01:50:20,24
"A4000000103C4153","DS1925",2026-05-10 01:55:20,23.5
"A4000000103C4153","DS1925",2026-05-10 02:00:20,23.5
"A4000000103C4153","DS1925",2026-05-10 02:05:20,23.5
"A4000000103C4153","DS1925",2026-05-10 02:10:20,23.5
"A4000000103C4153","DS1925",2026-05-10 02:15:20,23.5
"A4000000103C4153","DS1925",2026-05-10 02:20:20,23.5
"A4000000103C4153","DS1925",2026-05-10 02:25:20,23.5
"A4000000103C4153","DS1925",2026-05-10 02:30:20,23.5
"A4000000103C4153","DS1925",2026-05-10 02:35:20,23.5
"A4000000103C4153","DS1925",2026-05-10 02:40:20,23.5
"A4000000103C4153","DS1925",2026-05-10 02:45:20,23.5
"A4000000103C4153","DS1925",2026-05-10 02:50:20,23.5
"A4000000103C4153","DS1925",2026-05-10 02:55:20,23.5
"A4000000103C4153","DS1925",2026-05-10 03:00:20,23.5
"A4000000103C4153","DS1925",2026-05-10 03:05:20,23
"A4000000103C4153","DS1925",2026-05-10 03:10:20,23
"A4000000103C4153","DS1925",2026-05-10 03:15:20,23
"A4000000103C4153","DS1925",2026-05-10 03:20:20,23
"A4000000103C4153","DS1925",2026-05-10 03:25:20,23
"A4000000103C4153","DS1925",2026-05-10 03:30:20,23
"A4000000103C4153","DS1925",2026-05-10 03:35:20,23
"A4000000103C4153","DS1925",2026-05-10 03:40:20,23
"A4000000103C4153","DS1925",2026-05-10 03:45:20,23
"A4000000103C4153","DS1925",2026-05-10 03:50:20,23
"A4000000103C4153","DS1925",2026-05-10 03:55:20,23
"A4000000103C4153","DS1925",2026-05-10 04:00:20,23
"A4000000103C4153","DS1925",2026-05-10 04:05:20,23
"A4000000103C4153","DS1925",2026-05-10 04:10:20,23
"A4000000103C4153","DS1925",2026-05-10 04:15:20,23
"A4000000103C4153","DS1925",2026-05-10 04:20:20,22.5
"A4000000103C4153","DS1925",2026-05-10 04:25:20,22.5
"A4000000103C4153","DS1925",2026-05-10 04:30:20,22.5
"A4000000103C4153","DS1925",2026-05-10 04:35:20,22.5
"A4000000103C4153","DS1925",2026-05-10 04:40:20,22.5
"A4000000103C4153","DS1925",2026-05-10 04:45:20,22.5
"A4000000103C4153","DS1925",2026-05-10 04:50:20,22.5
"A4000000103C4153","DS1925",2026-05-10 04:55:20,22.5
"A4000000103C4153","DS1925",2026-05-10 05:00:20,22.5
"A4000000103C4153","DS1925",2026-05-10 05:05:20,22.5
"A4000000103C4153","DS1925",2026-05-10 05:10:20,22.5
"A4000000103C4153","DS1925",2026-05-10 05:15:20,22.5
"A4000000103C4153","DS1925",2026-05-10 05:20:20,22.5
"A4000000103C4153","DS1925",2026-05-10 05:25:20,22
"A4000000103C4153","DS1925",2026-05-10 05:30:20,22.5
"A4000000103C4153","DS1925",2026-05-10 05:35:20,22
"A4000000103C4153","DS1925",2026-05-10 05:40:20,22
"A4000000103C4153","DS1925",2026-05-10 05:45:20,22
"A4000000103C4153","DS1925",2026-05-10 05:50:20,22
"A4000000103C4153","DS1925",2026-05-10 05:55:20,22
"A4000000103C4153","DS1925",2026-05-10 06:00:20,22
"A4000000103C4153","DS1925",2026-05-10 06:05:20,22
"A4000000103C4153","DS1925",2026-05-10 06:10:20,22
"A4000000103C4153","DS1925",2026-05-10 06:15:20,22
"A4000000103C4153","DS1925",2026-05-10 06:20:20,22
"A4000000103C4153","DS1925",2026-05-10 06:25:20,22
"A4000000103C4153","DS1925",2026-05-10 06:30:20,22
"A4000000103C4153","DS1925",2026-05-10 06:35:20,22
"A4000000103C4153","DS1925",2026-05-10 06:40:20,21.5
"A4000000103C4153","DS1925",2026-05-10 06:45:20,21.5
"A4000000103C4153","DS1925",2026-05-10 06:50:20,21.5
"A4000000103C4153","DS1925",2026-05-10 06:55:20,21.5
"A4000000103C4153","DS1925",2026-05-10 07:00:20,21.5
"A4000000103C4153","DS1925",2026-05-10 07:05:20,21.5
"A4000000103C4153","DS1925",2026-05-10 07:10:20,21.5
"A4000000103C4153","DS1925",2026-05-10 07:15:20,21.5
"A4000000103C4153","DS1925",2026-05-10 07:20:20,21.5
"A4000000103C4153","DS1925",2026-05-10 07:25:20,21.5
"A4000000103C4153","DS1925",2026-05-10 07:30:20,21.5
"A4000000103C4153","DS1925",2026-05-10 07:35:20,21.5
"A4000000103C4153","DS1925",2026-05-10 07:40:20,21.5
"A4000000103C4153","DS1925",2026-05-10 07:45:20,21.5
"A4000000103C4153","DS1925",2026-05-10 07:50:20,21.5
"A4000000103C4153","DS1925",2026-05-10 07:55:20,21
"A4000000103C4153","DS1925",2026-05-10 08:00:20,21
"A4000000103C4153","DS1925",2026-05-10 08:05:20,21
"A4000000103C4153","DS1925",2026-05-10 08:10:20,21
"A4000000103C4153","DS1925",2026-05-10 08:15:20,21
"A4000000103C4153","DS1925",2026-05-10 08:20:20,21
"A4000000103C4153","DS1925",2026-05-10 08:25:20,21
"A4000000103C4153","DS1925",2026-05-10 08:30:20,21
"A4000000103C4153","DS1925",2026-05-10 08:35:20,21
"A4000000103C4153","DS1925",2026-05-10 08:40:20,21
"A4000000103C4153","DS1925",2026-05-10 08:45:20,21
"A4000000103C4153","DS1925",2026-05-10 08:50:20,21
"A4000000103C4153","DS1925",2026-05-10 08:55:20,21
"A4000000103C4153","DS1925",2026-05-10 09:00:20,21
"A4000000103C4153","DS1925",2026-05-10 09:05:20,21
"A4000000103C4153","DS1925",2026-05-10 09:10:20,21
"A4000000103C4153","DS1925",2026-05-10 09:15:20,21
"A4000000103C4153","DS1925",2026-05-10 09:20:20,21
"A4000000103C4153","DS1925",2026-05-10 09:25:20,21
"A4000000103C4153","DS1925",2026-05-10 09:30:20,21
"A4000000103C4153","DS1925",2026-05-10 09:35:20,21
"A4000000103C4153","DS1925",2026-05-10 09:40:20,21
"A4000000103C4153","DS1925",2026-05-10 09:45:20,20.5
"A4000000103C4153","DS1925",2026-05-10 09:50:20,20.5
"A4000000103C4153","DS1925",2026-05-10 09:55:20,20.5
"A4000000103C4153","DS1925",2026-05-10 10:00:20,20.5
"A4000000103C4153","DS1925",2026-05-10 10:05:20,20.5
"A4000000103C4153","DS1925",2026-05-10 10:10:20,20.5
"A4000000103C4153","DS1925",2026-05-10 10:15:20,20.5
"A4000000103C4153","DS1925",2026-05-10 10:20:20,20.5
"A4000000103C4153","DS1925",2026-05-10 10:25:20,20.5
"A4000000103C4153","DS1925",2026-05-10 10:30:20,20.5
"A4000000103C4153","DS1925",2026-05-10 10:35:20,20.5
"A4000000103C4153","DS1925",2026-05-10 10:40:20,20.5
"A4000000103C4153","DS1925",2026-05-10 10:45:20,20.5
"A4000000103C4153","DS1925",2026-05-10 10:50:20,20.5
"A4000000103C4153","DS1925",2026-05-10 10:55:20,20.5
"A4000000103C4153","DS1925",2026-05-10 11:00:20,20.5
"A4000000103C4153","DS1925",2026-05-10 11:05:20,20.5
"A4000000103C4153","DS1925",2026-05-10 11:10:20,20.5
"A4000000103C4153","DS1925",2026-05-10 11:15:20,20.5
"A4000000103C4153","DS1925",2026-05-10 11:20:20,20.5
"A4000000103C4153","DS1925",2026-05-10 11:25:20,20.5
"A4000000103C4153","DS1925",2026-05-10 11:30:20,20.5
"A4000000103C4153","DS1925",2026-05-10 11:35:20,20.5
"A4000000103C4153","DS1925",2026-05-10 11:40:20,20.5
"A4000000103C4153","DS1925",2026-05-10 11:45:20,20.5
"A4000000103C4153","DS1925",2026-05-10 11:50:20,20.5
"A4000000103C4153","DS1925",2026-05-10 11:55:20,20.5
"A4000000103C4153","DS1925",2026-05-10 12:00:20,20.5
"A4000000103C4153","DS1925",2026-05-10 12:05:20,20.5
"A4000000103C4153","DS1925",2026-05-10 12:10:20,20.5
"A4000000103C4153","DS1925",2026-05-10 12:15:20,20.5
"A4000000103C4153","DS1925",2026-05-10 12:20:20,20.5
"A4000000103C4153","DS1925",2026-05-10 12:25:20,20.5
"A4000000103C4153","DS1925",2026-05-10 12:30:20,20.5
"A4000000103C4153","DS1925",2026-05-10 12:35:20,20.5
"A4000000103C4153","DS1925",2026-05-10 12:40:20,21
"A4000000103C4153","DS1925",2026-05-10 12:45:20,21
"A4000000103C4153","DS1925",2026-05-10 12:50:20,21
"A4000000103C4153","DS1925",2026-05-10 12:55:20,21
"A4000000103C4153","DS1925",2026-05-10 13:00:20,21
"A4000000103C4153","DS1925",2026-05-10 13:05:20,21
"A4000000103C4153","DS1925",2026-05-10 13:10:20,21
"A4000000103C4153","DS1925",2026-05-10 13:15:20,21
"A4000000103C4153","DS1925",2026-05-10 13:20:20,21
"A4000000103C4153","DS1925",2026-05-10 13:25:20,21
"A4000000103C4153","DS1925",2026-05-10 13:30:20,21.5
"A4000000103C4153","DS1925",2026-05-10 13:35:20,21.5
"A4000000103C4153","DS1925",2026-05-10 13:40:20,21.5
"A4000000103C4153","DS1925",2026-05-10 13:45:20,21.5
"A4000000103C4153","DS1925",2026-05-10 13:50:20,21.5
"A4000000103C4153","DS1925",2026-05-10 13:55:20,21.5
"A4000000103C4153","DS1925",2026-05-10 14:00:20,21.5
"A4000000103C4153","DS1925",2026-05-10 14:05:20,22
"A4000000103C4153","DS1925",2026-05-10 14:10:20,22
"A4000000103C4153","DS1925",2026-05-10 14:15:20,22
"A4000000103C4153","DS1925",2026-05-10 14:20:20,22
"A4000000103C4153","DS1925",2026-05-10 14:25:20,22
"A4000000103C4153","DS1925",2026-05-10 14:30:20,22
"A4000000103C4153","DS1925",2026-05-10 14:35:20,22
"A4000000103C4153","DS1925",2026-05-10 14:40:20,22
"A4000000103C4153","DS1925",2026-05-10 14:45:20,22
"A4000000103C4153","DS1925",2026-05-10 14:50:20,22
"A4000000103C4153","DS1925",2026-05-10 14:55:20,22
"A4000000103C4153","DS1925",2026-05-10 15:00:20,22.5
"A4000000103C4153","DS1925",2026-05-10 15:05:20,22.5
"A4000000103C4153","DS1925",2026-05-10 15:10:20,22.5
"A4000000103C4153","DS1925",2026-05-10 15:15:20,22.5
"A4000000103C4153","DS1925",2026-05-10 15:20:20,22.5
"A4000000103C4153","DS1925",2026-05-10 15:25:20,22.5
"A4000000103C4153","DS1925",2026-05-10 15:30:20,22.5
"A4000000103C4153","DS1925",2026-05-10 15:35:20,23
"A4000000103C4153","DS1925",2026-05-10 15:40:20,23
"A4000000103C4153","DS1925",2026-05-10 15:45:20,23
"A4000000103C4153","DS1925",2026-05-10 15:50:20,23
"A4000000103C4153","DS1925",2026-05-10 15:55:20,23
"A4000000103C4153","DS1925",2026-05-10 16:00:20,23
"A4000000103C4153","DS1925",2026-05-10 16:05:20,23.5
"A4000000103C4153","DS1925",2026-05-10 16:10:20,23.5
"A4000000103C4153","DS1925",2026-05-10 16:15:20,23.5
"A4000000103C4153","DS1925",2026-05-10 16:20:20,23.5
"A4000000103C4153","DS1925",2026-05-10 16:25:20,23.5
"A4000000103C4153","DS1925",2026-05-10 16:30:20,23.5
"A4000000103C4153","DS1925",2026-05-10 16:35:20,23.5
"A4000000103C4153","DS1925",2026-05-10 16:40:20,23.5
"A4000000103C4153","DS1925",2026-05-10 16:45:20,23.5
"A4000000103C4153","DS1925",2026-05-10 16:50:20,23.5
"A4000000103C4153","DS1925",2026-05-10 16:55:20,23.5
"A4000000103C4153","DS1925",2026-05-10 17:00:20,23.5
"A4000000103C4153","DS1925",2026-05-10 17:05:20,23
"A4000000103C4153","DS1925",2026-05-10 17:10:20,23
"A4000000103C4153","DS1925",2026-05-10 17:15:20,23
"A4000000103C4153","DS1925",2026-05-10 17:20:20,23
"A4000000103C4153","DS1925",2026-05-10 17:25:20,23
"A4000000103C4153","DS1925",2026-05-10 17:30:20,23.5
"A4000000103C4153","DS1925",2026-05-10 17:35:20,23.5
"A4000000103C4153","DS1925",2026-05-10 17:40:20,23.5
"A4000000103C4153","DS1925",2026-05-10 17:45:20,24
"A4000000103C4153","DS1925",2026-05-10 17:50:20,24
"A4000000103C4153","DS1925",2026-05-10 17:55:20,24
"A4000000103C4153","DS1925",2026-05-10 18:00:20,24
"A4000000103C4153","DS1925",2026-05-10 18:05:20,24
"A4000000103C4153","DS1925",2026-05-10 18:10:20,24
"A4000000103C4153","DS1925",2026-05-10 18:15:20,24
"A4000000103C4153","DS1925",2026-05-10 18:20:20,24
"A4000000103C4153","DS1925",2026-05-10 18:25:20,24
"A4000000103C4153","DS1925",2026-05-10 18:30:20,24
"A4000000103C4153","DS1925",2026-05-10 18:35:20,24
"A4000000103C4153","DS1925",2026-05-10 18:40:20,24.5
"A4000000103C4153","DS1925",2026-05-10 18:45:20,24.5
"A4000000103C4153","DS1925",2026-05-10 18:50:20,25
"A4000000103C4153","DS1925",2026-05-10 18:55:20,24.5
"A4000000103C4153","DS1925",2026-05-10 19:00:20,24.5
"A4000000103C4153","DS1925",2026-05-10 19:05:20,24.5
"A4000000103C4153","DS1925",2026-05-10 19:10:20,24.5
"A4000000103C4153","DS1925",2026-05-10 19:15:20,24.5
"A4000000103C4153","DS1925",2026-05-10 19:20:20,24.5
"A4000000103C4153","DS1925",2026-05-10 19:25:20,24.5
"A4000000103C4153","DS1925",2026-05-10 19:30:20,24
"A4000000103C4153","DS1925",2026-05-10 19:35:20,24.5
"A4000000103C4153","DS1925",2026-05-10 19:40:20,24.5
"A4000000103C4153","DS1925",2026-05-10 19:45:20,24.5
"A4000000103C4153","DS1925",2026-05-10 19:50:20,24.5
"A4000000103C4153","DS1925",2026-05-10 19:55:20,24.5
"A4000000103C4153","DS1925",2026-05-10 20:00:20,24.5
"A4000000103C4153","DS1925",2026-05-10 20:05:20,24.5
"A4000000103C4153","DS1925",2026-05-10 20:10:20,24.5
"A4000000103C4153","DS1925",2026-05-10 20:15:20,24.5
"A4000000103C4153","DS1925",2026-05-10 20:20:20,24.5
"A4000000103C4153","DS1925",2026-05-10 20:25:20,24.5
"A4000000103C4153","DS1925",2026-05-10 20:30:20,24.5
"A4000000103C4153","DS1925",2026-05-10 20:35:20,24.5
"A4000000103C4153","DS1925",2026-05-10 20:40:20,24
"A4000000103C4153","DS1925",2026-05-10 20:45:20,24
"A4000000103C4153","DS1925",2026-05-10 20:50:20,24
"A4000000103C4153","DS1925",2026-05-10 20:55:20,24
"A4000000103C4153","DS1925",2026-05-10 21:00:20,24
"A4000000103C4153","DS1925",2026-05-10 21:05:20,24
"A4000000103C4153","DS1925",2026-05-10 21:10:20,24
"A4000000103C4153","DS1925",2026-05-10 21:15:20,23.5
"A4000000103C4153","DS1925",2026-05-10 21:20:20,23.5
"A4000000103C4153","DS1925",2026-05-10 21:25:20,23
"A4000000103C4153","DS1925",2026-05-10 21:30:20,23
"A4000000103C4153","DS1925",2026-05-10 21:35:20,23
"A4000000103C4153","DS1925",2026-05-10 21:40:20,23
"A4000000103C4153","DS1925",2026-05-10 21:45:20,23
"A4000000103C4153","DS1925",2026-05-10 21:50:20,23
"A4000000103C4153","DS1925",2026-05-10 21:55:20,23
"A4000000103C4153","DS1925",2026-05-10 22:00:20,23
"A4000000103C4153","DS1925",2026-05-10 22:05:20,23
"A4000000103C4153","DS1925",2026-05-10 22:10:20,23
"A4000000103C4153","DS1925",2026-05-10 22:15:20,23
"A4000000103C4153","DS1925",2026-05-10 22:20:20,23
"A4000000103C4153","DS1925",2026-05-10 22:25:20,23
"A4000000103C4153","DS1925",2026-05-10 22:30:20,23
"A4000000103C4153","DS1925",2026-05-10 22:35:20,23
"A4000000103C4153","DS1925",2026-05-10 22:40:20,23
"A4000000103C4153","DS1925",2026-05-10 22:45:20,23
"A4000000103C4153","DS1925",2026-05-10 22:50:20,23
"A4000000103C4153","DS1925",2026-05-10 22:55:20,23
"A4000000103C4153","DS1925",2026-05-10 23:00:20,23
"A4000000103C4153","DS1925",2026-05-10 23:05:20,23
"A4000000103C4153","DS1925",2026-05-10 23:10:20,23
"A4000000103C4153","DS1925",2026-05-10 23:15:20,23
"A4000000103C4153","DS1925",2026-05-10 23:20:20,23
